-- --------------------------------------------------------
-- Хост:                         127.0.0.1
-- Версия сервера:               5.7.30 - MySQL Community Server (GPL)
-- Операционная система:         Linux
-- HeidiSQL Версия:              11.0.0.5919
-- --------------------------------------------------------

/*!40101 SET @OLD_CHARACTER_SET_CLIENT=@@CHARACTER_SET_CLIENT */;
/*!40101 SET NAMES utf8 */;
/*!50503 SET NAMES utf8mb4 */;
/*!40014 SET @OLD_FOREIGN_KEY_CHECKS=@@FOREIGN_KEY_CHECKS, FOREIGN_KEY_CHECKS=0 */;
/*!40101 SET @OLD_SQL_MODE=@@SQL_MODE, SQL_MODE='NO_AUTO_VALUE_ON_ZERO' */;

-- Дамп структуры для таблица memo.cards
CREATE TABLE IF NOT EXISTS `cards` (
  `id` bigint(20) unsigned NOT NULL AUTO_INCREMENT,
  `eng` varchar(255) COLLATE utf8mb4_unicode_ci DEFAULT NULL,
  `rus` varchar(255) COLLATE utf8mb4_unicode_ci DEFAULT NULL,
  `category_id` bigint(20) unsigned DEFAULT NULL,
  `show_only` tinyint(4) DEFAULT NULL,
  `irreg_verb` tinyint(4) NOT NULL DEFAULT '0',
  `favourite` tinyint(4) DEFAULT NULL,
  `level` int(11) NOT NULL DEFAULT '1',
  `right` int(11) NOT NULL DEFAULT '0',
  `wrong` int(11) NOT NULL DEFAULT '0',
  `total` int(11) NOT NULL DEFAULT '0',
  `created_at` timestamp NULL DEFAULT NULL,
  `updated_at` timestamp NULL DEFAULT NULL,
  PRIMARY KEY (`id`),
  KEY `cards_category_id_foreign` (`category_id`),
  CONSTRAINT `cards_category_id_foreign` FOREIGN KEY (`category_id`) REFERENCES `categories` (`id`) ON DELETE CASCADE
) ENGINE=InnoDB AUTO_INCREMENT=1225 DEFAULT CHARSET=utf8mb4 COLLATE=utf8mb4_unicode_ci;

-- Дамп данных таблицы memo.cards: ~1 106 rows (приблизительно)
/*!40000 ALTER TABLE `cards` DISABLE KEYS */;
INSERT INTO `cards` (`id`, `eng`, `rus`, `category_id`, `show_only`, `irreg_verb`, `favourite`, `level`, `right`, `wrong`, `total`, `created_at`, `updated_at`) VALUES
	(3, 'Discovery', 'Открытие', NULL, NULL, 0, NULL, 9, 9, 0, 9, NULL, '2020-10-13 05:33:14'),
	(4, 'Discover', 'Открывать / Обнаружить', NULL, NULL, 0, NULL, 9, 10, 1, 11, NULL, '2020-10-24 08:06:58'),
	(5, 'Do business', 'Заниматься бизнессом', NULL, NULL, 0, NULL, 10, 10, 0, 10, NULL, '2020-10-21 12:20:13'),
	(6, 'catch - caught[кот] - caught', 'Ловить', NULL, NULL, 1, NULL, 10, 10, 0, 10, NULL, '2020-10-21 12:40:01'),
	(8, 'can - could', 'мочь [2 формы]', NULL, NULL, 0, NULL, 10, 10, 0, 10, NULL, '2020-10-21 12:33:28'),
	(9, 'I could do it at the same time', 'Я мог делать это одновременно', NULL, NULL, 0, NULL, 9, 10, 1, 11, NULL, '2020-10-22 05:53:03'),
	(10, 'all day', 'целый день', NULL, NULL, 0, NULL, 10, 10, 0, 10, NULL, '2020-10-21 12:31:59'),
	(11, 'grow - grew[гру] - grown', 'Выращивать - рости', NULL, NULL, 1, NULL, 9, 9, 0, 9, NULL, '2020-10-12 06:08:19'),
	(12, 'grow up (I grew up in Ukraine)', 'Рости (Я вырос в Украине)', NULL, NULL, 0, NULL, 9, 9, 0, 9, NULL, '2020-10-13 05:30:59'),
	(13, 'hear - heard - heard', 'слышать', NULL, NULL, 1, NULL, 10, 10, 0, 10, NULL, '2020-10-21 12:35:16'),
	(14, '... in a year', '... за год', NULL, NULL, 0, NULL, 9, 11, 2, 13, NULL, '2020-10-21 05:17:56'),
	(15, '... in a couple of years', '... за пару лет', NULL, NULL, 0, NULL, 9, 15, 6, 21, NULL, '2020-11-09 07:07:03'),
	(16, '... in the past', '... в прошлом', NULL, NULL, 0, NULL, 9, 10, 1, 11, NULL, '2020-10-22 06:04:42'),
	(17, '... doing other things', '... делая другие дела', NULL, NULL, 0, NULL, 9, 10, 1, 11, NULL, '2020-10-12 06:10:25'),
	(18, 'could [not past tens]', 'мог бы (любое время)', NULL, NULL, 0, NULL, 10, 10, 0, 10, NULL, '2020-10-21 12:27:07'),
	(19, 'do everithing', 'сделать все', NULL, NULL, 0, NULL, 9, 9, 0, 9, NULL, '2020-10-13 05:40:00'),
	(20, 'overpay - overpaid - overpaid', 'переплачивать', NULL, NULL, 1, NULL, 9, 10, 1, 11, NULL, '2020-10-12 05:49:00'),
	(21, 'of course', 'конечно', NULL, NULL, 0, NULL, 10, 10, 0, 10, NULL, '2020-10-23 12:34:55'),
	(22, 'Certainly ', 'конечно (не of cousre)', NULL, NULL, 0, NULL, 10, 10, 0, 10, NULL, '2020-10-23 12:36:35'),
	(23, 'expect', 'ожидать (не wait)', NULL, NULL, 0, NULL, 10, 10, 0, 10, NULL, '2020-10-21 12:37:42'),
	(24, 'fly - flew[флу] - flown', 'летать', NULL, NULL, 1, NULL, 10, 10, 0, 10, NULL, '2020-10-21 12:32:11'),
	(25, 'for the first time', 'в первый раз', NULL, NULL, 0, NULL, 9, 10, 1, 11, NULL, '2020-10-21 05:51:36'),
	(26, 'arrive', 'прибывать / приезжать / прилетать', NULL, NULL, 0, NULL, 9, 10, 1, 11, NULL, '2020-10-20 05:38:53'),
	(27, 'put - put - put', 'ставить / класть', NULL, NULL, 1, NULL, 10, 10, 0, 10, NULL, '2020-10-21 12:24:59'),
	(28, 'the desk', 'письменный стол (не table)', NULL, NULL, 0, NULL, 9, 9, 0, 9, NULL, '2020-10-12 05:53:17'),
	(29, 'win - won[ван] - won', 'выигрывать - побеждать', NULL, NULL, 1, NULL, 10, 10, 0, 10, NULL, '2020-10-21 12:37:15'),
	(30, '... in a day', '... за день', NULL, NULL, 0, NULL, 10, 10, 0, 10, NULL, '2020-10-21 12:34:53'),
	(31, 'break the law', 'нарушать закон', NULL, NULL, 0, NULL, 10, 10, 0, 10, NULL, '2020-10-24 08:01:42'),
	(32, 'kill the time', 'убивать время', NULL, NULL, 0, NULL, 10, 10, 0, 10, NULL, '2020-10-23 12:31:36'),
	(33, 'hope for the best', 'надеяться на лучшее', NULL, NULL, 0, NULL, 9, 10, 1, 11, NULL, '2020-10-21 05:53:43'),
	(34, 'for breakfast', 'на завтрак', NULL, NULL, 0, NULL, 11, 13, 2, 15, NULL, '2020-10-13 05:45:48'),
	(35, 'surname', 'фамилия', NULL, NULL, 0, NULL, 10, 10, 0, 10, NULL, '2020-10-21 12:42:19'),
	(36, 'we all ...', 'мы все ...', NULL, NULL, 0, NULL, 10, 10, 0, 10, NULL, '2020-10-21 12:30:15'),
	(37, 'i\'d like to + verb', 'я хотел бы + глагол', NULL, NULL, 0, NULL, 10, 10, 0, 10, NULL, '2020-10-21 12:31:50'),
	(38, 'most of all', ' больше всего', NULL, NULL, 0, NULL, 9, 10, 1, 11, NULL, '2020-10-21 05:52:44'),
	(39, 'a waste of time', 'пустая трата времени', NULL, NULL, 0, NULL, 10, 10, 0, 10, NULL, '2020-10-21 05:51:39'),
	(40, 'year by year', 'год за годом', NULL, NULL, 0, NULL, 10, 10, 0, 10, NULL, '2020-10-21 12:48:12'),
	(41, 'a stable income', 'стабильный доход', NULL, NULL, 0, NULL, 9, 9, 0, 9, NULL, '2020-10-14 12:23:43'),
	(42, 'a stable job', 'стабильная работа', NULL, NULL, 0, NULL, 10, 10, 0, 10, NULL, '2020-10-21 12:33:55'),
	(43, 'main aim', 'главная задача', NULL, NULL, 0, NULL, 9, 10, 1, 11, NULL, '2020-10-21 05:32:43'),
	(44, '... than before /  … than earlier', '... чем раньше', NULL, NULL, 0, NULL, 10, 10, 0, 10, NULL, '2020-10-21 12:34:46'),
	(45, 'as much as possible', 'как можно больше', NULL, NULL, 0, NULL, 10, 11, 1, 12, NULL, '2020-10-23 12:34:52'),
	(46, 'i need to wash dishes after myself', 'я должен помыть посуду после себя', NULL, NULL, 0, NULL, 10, 10, 0, 10, NULL, '2020-10-21 12:25:40'),
	(47, 'it sounds great!', 'это звучит отлично!', NULL, NULL, 0, NULL, 10, 10, 0, 10, NULL, '2020-10-26 06:41:29'),
	(48, 'for a start', 'для начала', NULL, NULL, 0, NULL, 9, 18, 9, 27, NULL, '2020-11-06 07:00:28'),
	(49, 'with a dictionary', 'со словарем', NULL, NULL, 0, NULL, 10, 10, 0, 10, NULL, '2020-10-23 12:33:10'),
	(50, 'this kind of', 'такого рода', NULL, NULL, 0, NULL, 10, 10, 0, 10, NULL, '2020-10-21 12:29:34'),
	(51, 'i’ll call you back', 'перезвоню тебе', NULL, NULL, 0, NULL, 9, 11, 2, 13, NULL, '2020-10-23 06:00:38'),
	(52, 'go for a walk', 'пойти на прогулку', NULL, NULL, 0, NULL, 9, 10, 1, 11, NULL, '2020-10-22 05:36:31'),
	(53, 'go swimming', 'пойти плавать', NULL, NULL, 0, NULL, 10, 10, 0, 10, NULL, '2020-10-21 12:37:50'),
	(54, 'in his place', 'на его месте', NULL, NULL, 0, NULL, 9, 9, 0, 9, NULL, '2020-10-13 05:46:07'),
	(55, 'wash your face', 'умойся', NULL, NULL, 0, NULL, 10, 10, 0, 10, NULL, '2020-10-21 12:41:22'),
	(56, 'wash the dishes', 'мыть посуду', NULL, NULL, 0, NULL, 10, 10, 0, 10, NULL, '2020-10-21 12:46:08'),
	(57, 'play the guitar', 'играть на гитаре', NULL, NULL, 0, NULL, 10, 10, 0, 10, NULL, '2020-10-21 12:20:11'),
	(58, 'look after …', 'заботиться о ...', NULL, NULL, 0, NULL, 9, 16, 7, 23, NULL, '2020-11-18 12:29:49'),
	(59, 'common mistake', 'распространенная ошибка', NULL, NULL, 0, NULL, 9, 9, 0, 9, NULL, '2020-10-14 12:30:16'),
	(60, 'It seems to me that …', 'мне кажется, что ….', NULL, NULL, 0, NULL, 10, 10, 0, 10, NULL, '2020-10-21 12:40:06'),
	(61, 'I suppose', 'я предполагаю', NULL, NULL, 0, NULL, 9, 13, 4, 17, NULL, '2020-10-30 07:08:33'),
	(62, 'I expect', 'я ожидаю', NULL, NULL, 0, NULL, 9, 10, 1, 11, NULL, '2020-10-22 05:36:57'),
	(63, 'Some people say that ...', 'некоторые люди говорят, что ...', NULL, NULL, 0, NULL, 10, 10, 0, 10, NULL, '2020-10-21 12:47:13'),
	(64, 'I guess', 'наверное / полагать / догадываться', NULL, NULL, 0, NULL, 9, 12, 3, 15, NULL, '2020-10-29 06:52:28'),
	(65, 'on the right way / track', 'на правильном пути', NULL, NULL, 0, NULL, 10, 10, 0, 10, NULL, '2020-10-24 08:04:23'),
	(66, 'to be away', 'быть в отъезде', NULL, NULL, 0, NULL, 9, 10, 1, 11, NULL, '2020-10-23 05:49:35'),
	(67, 'money doesn’t grow on trees', 'деньги не растут на деревьях', NULL, NULL, 0, NULL, 9, 10, 1, 11, NULL, '2020-10-21 05:15:21'),
	(68, 'work experience', 'опыт работы', NULL, NULL, 0, NULL, 10, 10, 0, 10, NULL, '2020-10-21 12:36:37'),
	(69, 'work on it', 'работать над этим', NULL, NULL, 0, NULL, 10, 10, 0, 10, NULL, '2020-10-21 12:23:30'),
	(70, 'achieve this aim', 'достичь этой цели', NULL, NULL, 0, NULL, 10, 10, 0, 10, NULL, '2020-10-26 06:33:25'),
	(71, 'achieve success', 'добиться успеха', NULL, NULL, 0, NULL, 9, 14, 5, 19, NULL, '2020-11-06 06:55:02'),
	(72, 'by tomorrow', 'до какого то срока', NULL, NULL, 0, NULL, 9, 10, 1, 11, NULL, '2020-10-13 05:59:08'),
	(73, 'i’m interested in', 'я интересуюсь …. (чем то)', NULL, NULL, 0, NULL, 10, 10, 0, 10, NULL, '2020-10-21 12:48:08'),
	(74, 'He’s interested in learning foreign languages', 'он интересуется изучением иностранных языков', NULL, NULL, 0, NULL, 10, 10, 0, 10, NULL, '2020-10-21 12:28:07'),
	(75, '… like a native speaker', '… как носитель языка', NULL, NULL, 0, NULL, 10, 10, 0, 10, NULL, '2020-10-21 12:33:05'),
	(76, 'it makes me happy', 'это делает меня счастливым', NULL, NULL, 0, NULL, 9, 12, 3, 15, NULL, '2020-10-21 05:11:16'),
	(77, 'english learners', 'изучающий английский', NULL, NULL, 0, NULL, 9, 9, 0, 9, NULL, '2020-10-13 05:34:22'),
	(78, 'even better', ' даже лучше', NULL, NULL, 0, NULL, 10, 10, 0, 10, NULL, '2020-10-21 12:33:11'),
	(79, 'educated', 'образованный', NULL, NULL, 0, NULL, 10, 10, 0, 10, NULL, '2020-10-21 12:47:41'),
	(80, 'in the first place', 'на первом месте', NULL, NULL, 0, NULL, 9, 14, 5, 19, NULL, '2020-11-12 07:00:24'),
	(81, 'first of all', 'прежде всего', NULL, NULL, 0, NULL, 9, 9, 0, 9, NULL, '2020-10-12 06:08:57'),
	(82, 'i perfectly understand that', 'я прекрасно понимаю, что', NULL, NULL, 0, NULL, 10, 10, 0, 10, NULL, '2020-10-21 12:23:07'),
	(83, 'see the world', 'повидать мир', NULL, NULL, 0, NULL, 10, 10, 0, 10, NULL, '2020-10-21 12:22:24'),
	(84, 'in the morning / in the afternoon / in the evening', 'утром / днем / вечером', NULL, NULL, 0, NULL, 10, 11, 1, 12, NULL, '2020-10-26 06:59:50'),
	(85, 'at night', 'ночью', NULL, NULL, 0, NULL, 9, 10, 1, 11, NULL, '2020-10-13 05:50:45'),
	(86, 'at midday / at noon', 'в полдень', NULL, NULL, 0, NULL, 9, 11, 2, 13, NULL, '2020-10-22 06:04:47'),
	(87, 'at midnight', 'в полночь', NULL, NULL, 0, NULL, 10, 10, 0, 10, NULL, '2020-10-21 12:24:34'),
	(88, 'in a month', 'за месяц', NULL, NULL, 0, NULL, 9, 11, 2, 13, NULL, '2020-10-21 05:03:37'),
	(89, 'inspire', 'вдохновлять', NULL, NULL, 0, NULL, 9, 11, 2, 13, NULL, '2020-10-21 05:28:38'),
	(91, 'get up', 'вставать', NULL, NULL, 0, NULL, 9, 15, 6, 21, NULL, '2020-11-04 06:48:20'),
	(92, 'go to bed', 'идти спать', NULL, NULL, 0, NULL, 9, 10, 1, 11, NULL, '2020-10-21 05:48:36'),
	(93, 'run away', 'убежать', NULL, NULL, 0, NULL, 9, 11, 2, 13, NULL, '2020-10-14 12:23:52'),
	(94, 'on time', 'вовремя', NULL, NULL, 0, NULL, 9, 12, 3, 15, NULL, '2020-11-05 06:29:57'),
	(95, 'it sounds more formal', 'это звучит более формально', NULL, NULL, 0, NULL, 9, 10, 1, 11, NULL, '2020-10-20 05:46:02'),
	(96, 'ready for', 'готов к чему то', NULL, NULL, 0, NULL, 10, 10, 0, 10, NULL, '2020-10-23 12:29:50'),
	(97, 'full of …', 'полон чего то', NULL, NULL, 0, NULL, 10, 10, 0, 10, NULL, '2020-10-24 08:08:56'),
	(98, 'wish ', 'желать / желание (не desire)', NULL, NULL, 0, NULL, 10, 10, 0, 10, NULL, '2020-10-21 12:33:44'),
	(99, 'expression', 'выражение', NULL, NULL, 0, NULL, 10, 10, 0, 10, NULL, '2020-10-23 12:36:02'),
	(100, 'accident ', 'происшествие', NULL, NULL, 0, NULL, 9, 10, 1, 11, NULL, '2020-10-23 05:41:04'),
	(101, 'i passed this test', ' я сдал этот тест', NULL, NULL, 0, NULL, 10, 10, 0, 10, NULL, '2020-10-21 12:44:26'),
	(102, 'necessary ', 'необходимо', NULL, NULL, 0, NULL, 9, 10, 1, 11, NULL, '2020-10-21 05:11:45'),
	(103, 'alone ', 'один', NULL, NULL, 0, NULL, 10, 10, 0, 10, NULL, '2020-10-21 12:39:57'),
	(104, 'look at', 'посмотреть на', NULL, NULL, 0, NULL, 9, 10, 1, 11, NULL, '2020-10-14 12:25:28'),
	(105, 'get', 'получать / становиться', NULL, NULL, 0, NULL, 10, 10, 0, 10, NULL, '2020-10-21 12:21:30'),
	(106, 'take ', 'брать ', NULL, NULL, 0, NULL, 9, 9, 0, 9, NULL, '2020-10-13 05:31:16'),
	(107, 'take an offer', 'принять предложение', NULL, NULL, 0, NULL, 10, 11, 1, 12, NULL, '2020-10-26 06:50:55'),
	(109, 'Fortunately [фочентли] ', 'к счастью', NULL, NULL, 0, NULL, 9, 9, 0, 9, NULL, '2020-10-14 12:31:36'),
	(110, 'Unfortunately [анфочентли]', ' к сожалению / к несчастью', NULL, NULL, 0, NULL, 10, 10, 0, 10, NULL, '2020-10-21 12:29:00'),
	(111, 'guess ', 'угадать / догадаться', NULL, NULL, 0, NULL, 10, 10, 0, 10, NULL, '2020-10-21 12:24:47'),
	(112, 'others', 'других', NULL, NULL, 0, NULL, 10, 10, 0, 10, NULL, '2020-10-21 12:48:14'),
	(113, 'criticize', 'критиковать', NULL, NULL, 0, NULL, 10, 10, 0, 10, NULL, '2020-10-21 12:26:22'),
	(114, 'parcel ', 'посылка', NULL, NULL, 0, NULL, 10, 10, 0, 10, NULL, '2020-10-23 12:34:01'),
	(115, 'at last ', 'наконец!!', NULL, NULL, 0, NULL, 9, 13, 4, 17, NULL, '2020-10-23 06:01:10'),
	(116, 'the fence', 'забор', NULL, NULL, 0, NULL, 10, 10, 0, 10, NULL, '2020-10-24 08:03:39'),
	(117, 'income ', 'доход', NULL, NULL, 0, NULL, 10, 10, 0, 10, NULL, '2020-10-21 12:26:24'),
	(118, 'i can\'t', 'я не УМЕЮ', NULL, NULL, 0, NULL, 10, 10, 0, 10, NULL, '2020-10-21 12:32:13'),
	(119, 'imagine ', 'представлять/ воображать', NULL, NULL, 0, NULL, 9, 12, 3, 15, NULL, '2020-10-23 05:46:27'),
	(120, 'Let ', 'позволять', NULL, NULL, 0, NULL, 9, 11, 2, 13, NULL, '2020-10-26 07:02:55'),
	(121, 'prepare (for)', 'готовить / готовиться', NULL, NULL, 0, NULL, 9, 9, 0, 9, NULL, '2020-10-14 12:33:16'),
	(122, 'a bit', 'чуть-чуть', NULL, NULL, 0, NULL, 10, 10, 0, 10, NULL, '2020-10-21 12:31:39'),
	(123, 'a little', 'немного', NULL, NULL, 0, NULL, 10, 10, 0, 10, NULL, '2020-10-21 12:41:42'),
	(124, 'nowadays', 'в наше время', NULL, NULL, 0, NULL, 9, 11, 2, 13, NULL, '2020-10-28 09:20:16'),
	(125, 'my own …', 'мой личный...', NULL, NULL, 0, NULL, 10, 10, 0, 10, NULL, '2020-10-24 07:59:44'),
	(126, 'at the same time', 'одновременно', NULL, NULL, 0, NULL, 9, 12, 3, 15, NULL, '2020-10-28 09:14:03'),
	(127, 'i would like', 'я бы хотел', NULL, NULL, 0, NULL, 9, 9, 0, 9, NULL, '2020-10-14 12:20:35'),
	(128, 'i wouldn’t like', 'я бы не хотел', NULL, NULL, 0, NULL, 9, 10, 1, 11, NULL, '2020-10-21 06:02:38'),
	(129, 'maybe / perhaps', 'возможно / может быть', NULL, NULL, 0, NULL, 9, 10, 1, 11, NULL, '2020-10-13 05:57:17'),
	(130, 'choose - chose [чоус] - chosen', 'выбирать', NULL, NULL, 1, NULL, 9, 10, 1, 11, NULL, '2020-10-13 05:59:46'),
	(131, 'break - broke [брок] - broken', 'ломать / нарушать / разбивать', NULL, NULL, 1, NULL, 9, 13, 4, 17, NULL, '2020-10-21 05:32:52'),
	(132, 'break down', 'ломаться', NULL, NULL, 0, NULL, 10, 10, 0, 10, NULL, '2020-10-21 12:38:02'),
	(133, 'leave [лив] - left - left', 'уезжать / уходить / оставлять / забывать', NULL, NULL, 1, NULL, 10, 11, 1, 12, NULL, '2020-10-24 08:11:36'),
	(134, 'anyway', 'в люом случае / тем не мение', NULL, NULL, 0, NULL, 9, 10, 1, 11, NULL, '2020-10-26 13:47:24'),
	(135, 'hide - hid - hidden', 'спрятаться', NULL, NULL, 1, NULL, 10, 10, 0, 10, NULL, '2020-10-21 12:45:49'),
	(136, 'behind', 'за (чем то)', NULL, NULL, 0, NULL, 10, 10, 0, 10, NULL, '2020-10-21 12:29:37'),
	(137, 'fight - fought[фот] - fought', 'драться / сражаться', NULL, NULL, 1, NULL, 10, 10, 0, 10, NULL, '2020-10-21 12:23:17'),
	(138, 'brave', 'смелый', NULL, NULL, 0, NULL, 10, 10, 0, 10, NULL, '2020-10-21 12:37:58'),
	(139, 'bravely', 'смело', NULL, NULL, 0, NULL, 9, 13, 4, 17, NULL, '2020-10-22 05:36:49'),
	(140, 'fall - fell - fallen', 'падать', NULL, NULL, 1, NULL, 9, 11, 2, 13, NULL, '2020-10-23 12:30:04'),
	(141, 'hurt - hurt - hurt', 'повреждать / болеть (нога) / задевать', NULL, NULL, 1, NULL, 10, 10, 0, 10, NULL, '2020-10-23 12:38:15'),
	(142, 'just', 'только что / всего лишь', NULL, NULL, 0, NULL, 9, 9, 0, 9, NULL, '2020-10-12 05:53:21'),
	(143, 'sleep - slept - slept', 'спать', NULL, NULL, 1, NULL, 10, 10, 0, 10, NULL, '2020-10-26 06:56:01'),
	(144, 'drive - drove - driven', 'вести (машину)', NULL, NULL, 1, NULL, 10, 10, 0, 10, NULL, '2020-10-26 06:43:34'),
	(145, 'begin - began - begun', 'начинаться (формально)', NULL, NULL, 1, NULL, 10, 10, 0, 10, NULL, '2020-10-21 12:41:19'),
	(146, 'half [хаф] an hour', 'пол часа', NULL, NULL, 0, NULL, 10, 10, 0, 10, NULL, '2020-10-21 12:45:55'),
	(147, 'quite often', 'достаточно / довольно часто', NULL, NULL, 0, NULL, 9, 10, 1, 11, NULL, '2020-10-22 05:35:23'),
	(148, 'pay the bill', 'оплатить счет', NULL, NULL, 0, NULL, 10, 10, 0, 10, NULL, '2020-10-21 12:49:53'),
	(149, 'wake up - woke up - woken up', 'просыпаться / будить', NULL, NULL, 1, NULL, 9, 11, 2, 13, NULL, '2020-10-21 05:18:13'),
	(150, 'He woke me up', 'Он разбудил меня', NULL, NULL, 0, NULL, 10, 10, 0, 10, NULL, '2020-10-21 12:32:50'),
	(151, 'steal - stole - stolen', 'воровать / украсть', NULL, NULL, 1, NULL, 10, 10, 0, 10, NULL, '2020-10-21 12:23:59'),
	(152, 'ride - rode - ridden', 'кататься / ездить верхом', NULL, NULL, 1, NULL, 9, 11, 2, 13, NULL, '2020-10-26 06:49:58'),
	(153, 'I rode a hors', 'я катался на лошади', NULL, NULL, 0, NULL, 9, 11, 2, 13, NULL, '2020-10-29 08:44:03'),
	(154, 'in summer', 'летом', NULL, NULL, 0, NULL, 10, 10, 0, 10, NULL, '2020-10-23 12:33:47'),
	(155, 'sing - sang - sung', 'петь', NULL, NULL, 1, NULL, 10, 12, 2, 14, NULL, '2020-10-20 05:40:38'),
	(156, 'sign', 'подписывать', NULL, NULL, 0, NULL, 10, 10, 0, 10, NULL, '2020-10-23 12:38:32'),
	(157, 'cry', 'плакать / кричать', NULL, NULL, 0, NULL, 10, 10, 0, 10, NULL, '2020-10-21 12:33:52'),
	(158, 'laugh [лаф] / laugh at', 'смеяться / смеяться над', NULL, NULL, 0, NULL, 10, 10, 0, 10, NULL, '2020-10-21 12:46:05'),
	(159, 'for no reason', 'без причины', NULL, NULL, 0, NULL, 10, 10, 0, 10, NULL, '2020-10-21 12:47:04'),
	(160, 'reason', 'причина', NULL, NULL, 0, NULL, 10, 10, 0, 10, NULL, '2020-10-21 12:43:12'),
	(161, 'thank / thank for', 'благодарить / благодарить за', NULL, NULL, 0, NULL, 9, 16, 7, 23, NULL, '2020-11-04 06:44:12'),
	(162, 'interfere ', 'вмешиваться', NULL, NULL, 0, NULL, 10, 11, 1, 12, NULL, '2020-10-23 12:38:30'),
	(163, 'look for', 'искать', NULL, NULL, 0, NULL, 9, 11, 2, 13, NULL, '2020-10-21 05:03:14'),
	(164, 'urgently ', 'немедленно (всегда в конце)', NULL, NULL, 0, NULL, 10, 10, 0, 10, NULL, '2020-10-21 12:34:40'),
	(165, 'move', 'переезжать', NULL, NULL, 0, NULL, 10, 10, 0, 10, NULL, '2020-10-21 12:31:08'),
	(166, 'innocent people', 'невинные люди', NULL, NULL, 0, NULL, 10, 10, 0, 10, NULL, '2020-10-21 12:31:06'),
	(167, 'holiday ', 'праздник', NULL, NULL, 0, NULL, 10, 10, 0, 10, NULL, '2020-10-26 06:48:33'),
	(168, 'enjoy ', 'наслаждаться / обожать', NULL, NULL, 0, NULL, 10, 10, 0, 10, NULL, '2020-10-21 12:41:15'),
	(169, 'goods ', 'товары / товар', NULL, NULL, 0, NULL, 10, 10, 0, 10, NULL, '2020-10-21 12:36:48'),
	(170, 'deliver ', 'доставлять', NULL, NULL, 0, NULL, 9, 10, 1, 11, NULL, '2020-10-23 05:59:33'),
	(171, 'belong ', 'принадлежать', NULL, NULL, 0, NULL, 9, 11, 2, 13, NULL, '2020-10-28 06:55:19'),
	(172, 'join someone', 'присоединиться к кому то', NULL, NULL, 0, NULL, 10, 10, 0, 10, NULL, '2020-10-21 12:39:13'),
	(173, 'lie - [правильный] / lie to', 'лгать / лгать кому то', NULL, NULL, 0, NULL, 10, 10, 0, 10, NULL, '2020-10-21 12:38:32'),
	(174, 'lie down ', 'прилечь', NULL, NULL, 0, NULL, 10, 10, 0, 10, NULL, '2020-10-24 08:03:37'),
	(175, 'depend on', 'зависеть от', NULL, NULL, 0, NULL, 10, 10, 0, 10, NULL, '2020-10-21 12:24:52'),
	(176, 'each of us', 'каждый из нас', NULL, NULL, 0, NULL, 9, 9, 0, 9, NULL, '2020-10-13 05:46:14'),
	(177, 'interrupt[интерапт]', 'перебивать', NULL, NULL, 0, NULL, 9, 10, 1, 11, NULL, '2020-10-21 05:49:59'),
	(178, 'relax / have a rest', ' отдыхать / расслабляться', NULL, NULL, 0, NULL, 9, 9, 0, 9, NULL, '2020-10-12 05:49:18'),
	(179, 'polite to', 'вежливый с ...', NULL, NULL, 0, NULL, 9, 10, 1, 11, NULL, '2020-10-30 06:40:05'),
	(180, 'opportunity ', 'возможность', NULL, NULL, 0, NULL, 9, 10, 1, 11, NULL, '2020-10-23 05:43:58'),
	(181, 'advice[эдвайс]', 'совет', NULL, NULL, 0, NULL, 10, 10, 0, 10, NULL, '2020-10-20 05:38:04'),
	(182, 'advise[эдвайз]', 'советовать', NULL, NULL, 0, NULL, 9, 9, 0, 9, NULL, '2020-10-12 06:11:34'),
	(183, 'more confidently', 'более уверенно', NULL, NULL, 0, NULL, 9, 16, 7, 23, NULL, '2020-11-17 07:15:37'),
	(184, 'confidence ', 'уверенность', NULL, NULL, 0, NULL, 9, 9, 0, 9, NULL, '2020-10-14 12:33:11'),
	(185, 'trousers ', ' бруки )', NULL, NULL, 0, NULL, 10, 10, 0, 10, NULL, '2020-10-21 12:45:40'),
	(186, 'skirt ', 'юбка', NULL, NULL, 0, NULL, 10, 10, 0, 10, NULL, '2020-10-23 12:30:38'),
	(187, 'patience [пейшенс]', 'терпение', NULL, NULL, 0, NULL, 9, 12, 3, 15, NULL, '2020-10-29 08:39:43'),
	(188, 'sails[сейлз] ', 'продажи', NULL, NULL, 0, NULL, 10, 10, 0, 10, NULL, '2020-10-26 06:56:56'),
	(189, 'way', 'способ', NULL, NULL, 0, NULL, 10, 10, 0, 10, NULL, '2020-10-21 12:36:57'),
	(190, 'anniversary [ˌanəˈvərs(ə)rē]', 'годовщина', NULL, NULL, 0, NULL, 10, 10, 0, 10, NULL, '2020-10-21 12:32:55'),
	(191, 'ill', 'болен (прил)', NULL, NULL, 0, NULL, 9, 9, 0, 9, NULL, '2020-10-14 12:26:52'),
	(192, 'feel bad', 'чувствовать себя плохо', NULL, NULL, 0, NULL, 9, 9, 0, 9, NULL, '2020-10-14 12:23:29'),
	(193, 'healthy', 'здоров (прил)', NULL, NULL, 0, NULL, 9, 10, 1, 11, NULL, '2020-10-23 05:53:01'),
	(194, 'myself', 'себя', NULL, NULL, 0, NULL, 10, 11, 1, 12, NULL, '2020-10-23 12:34:48'),
	(195, 'weak', 'слабый  (антоним strong)', NULL, NULL, 0, NULL, 10, 10, 0, 10, NULL, '2020-10-23 12:38:28'),
	(196, 'men', 'мужчины', NULL, NULL, 0, NULL, 9, 13, 4, 18, NULL, '2020-11-05 06:40:00'),
	(197, 'justice', ' справедливость', NULL, NULL, 0, NULL, 10, 10, 0, 10, NULL, '2020-10-21 12:31:25'),
	(198, 'injustice', 'не справедливость', NULL, NULL, 0, NULL, 10, 10, 0, 10, NULL, '2020-10-21 12:38:16'),
	(199, 'usual', 'обычный', NULL, NULL, 0, NULL, 9, 12, 3, 15, NULL, '2020-10-22 05:37:15'),
	(200, 'unusual ', 'необычный', NULL, NULL, 0, NULL, 9, 14, 5, 19, NULL, '2020-11-06 06:50:41'),
	(201, 'unusually ', 'необычно', NULL, NULL, 0, NULL, 9, 10, 1, 11, NULL, '2020-10-22 06:02:10'),
	(202, 'mostly / mainly', 'в основном', NULL, NULL, 0, NULL, 10, 10, 0, 10, NULL, '2020-10-21 12:49:44'),
	(203, 'special ', 'особенный', NULL, NULL, 0, NULL, 10, 10, 0, 10, NULL, '2020-10-21 06:02:33'),
	(204, 'quite good ', 'довольно хороший (применяется для хорошего)', NULL, NULL, 0, NULL, 9, 11, 2, 13, NULL, '2020-10-20 05:39:39'),
	(205, 'rather expensive', 'довольно дорого (применяется для отрицательного)', NULL, NULL, 0, NULL, 10, 10, 0, 10, NULL, '2020-10-21 12:21:02'),
	(206, 'sunny', 'солнечный', NULL, NULL, 0, NULL, 10, 10, 0, 10, NULL, '2020-10-21 12:30:18'),
	(207, 'rainy ', 'дождливый', NULL, NULL, 0, NULL, 10, 10, 0, 10, NULL, '2020-10-21 12:35:59'),
	(208, 'miss ', 'пропустить', NULL, NULL, 0, NULL, 10, 10, 0, 10, NULL, '2020-10-21 12:39:52'),
	(209, 'explain', 'объяснять', NULL, NULL, 0, NULL, 10, 10, 0, 10, NULL, '2020-10-21 12:45:42'),
	(210, 'reach an Advanced level', ' достичь / достигать  продвинутого уровня', NULL, NULL, 0, NULL, 9, 9, 0, 9, NULL, '2020-10-13 05:34:55'),
	(212, 'it’s warm', 'тепло', NULL, NULL, 0, NULL, 9, 9, 0, 9, NULL, '2020-10-13 05:57:20'),
	(213, 'it’s cold', 'холодно', NULL, NULL, 0, NULL, 9, 10, 1, 11, NULL, '2020-10-22 06:12:07'),
	(214, 'it’s hot', 'жарко', NULL, NULL, 0, NULL, 10, 10, 0, 10, NULL, '2020-10-21 12:19:09'),
	(215, 'it’s dark', 'темно', NULL, NULL, 0, NULL, 9, 9, 0, 9, NULL, '2020-10-14 12:23:17'),
	(216, 'it sounds ...', 'это звучит ...', NULL, NULL, 0, NULL, 9, 10, 1, 11, NULL, '2020-10-21 12:39:46'),
	(217, 'on monday', 'в понедельник .', NULL, NULL, 0, NULL, 10, 10, 0, 10, NULL, '2020-10-26 06:54:23'),
	(218, 'listen to ..', 'слушать ...', NULL, NULL, 0, NULL, 9, 10, 1, 11, NULL, '2020-10-12 06:09:33'),
	(219, 'education ', 'образование', NULL, NULL, 0, NULL, 10, 10, 0, 10, NULL, '2020-10-21 12:34:01'),
	(220, 'support ', 'поддерживать / поддержка', NULL, NULL, 0, NULL, 9, 9, 0, 9, NULL, '2020-10-13 05:33:21'),
	(221, 'happen (to)', 'происходить (c)', NULL, NULL, 0, NULL, 9, 11, 2, 13, NULL, '2020-10-28 09:18:52'),
	(222, 'try', 'стараться / пытаться', NULL, NULL, 0, NULL, 10, 10, 0, 10, NULL, '2020-10-21 12:27:31'),
	(223, 'correct', 'исправлять', NULL, NULL, 0, NULL, 10, 10, 0, 10, NULL, '2020-10-21 12:42:36'),
	(224, 'correctly ', 'правильно', NULL, NULL, 0, NULL, 9, 11, 2, 13, NULL, '2020-10-22 06:17:19'),
	(225, 'opinion ', 'мнение', NULL, NULL, 0, NULL, 10, 10, 0, 10, NULL, '2020-10-21 12:26:19'),
	(226, 'point of view', 'точка зрения', NULL, NULL, 0, NULL, 9, 9, 0, 9, NULL, '2020-10-12 05:48:12'),
	(227, 'decision [десижн]', 'решение', NULL, NULL, 0, NULL, 9, 10, 1, 11, NULL, '2020-10-12 06:10:01'),
	(228, 'difficulty', 'трудность', NULL, NULL, 0, NULL, 9, 11, 2, 13, NULL, '2020-10-12 05:52:21'),
	(229, 'difficulties', 'трудности', NULL, NULL, 0, NULL, 10, 10, 0, 10, NULL, '2020-10-24 08:11:41'),
	(230, 'tiring', 'утомительно', NULL, NULL, 0, NULL, 9, 13, 4, 17, NULL, '2020-11-02 06:40:16'),
	(231, 'trip', 'поездка / путешествие', NULL, NULL, 0, NULL, 10, 10, 0, 10, NULL, '2020-10-21 12:38:06'),
	(232, 'refuse', 'отказываться', NULL, NULL, 0, NULL, 10, 10, 0, 10, NULL, '2020-10-26 06:35:16'),
	(233, 'refusal ', 'отказ', NULL, NULL, 0, NULL, 9, 11, 2, 13, NULL, '2020-10-22 05:35:56'),
	(234, 'sign contract', 'подписывать контракт', NULL, NULL, 0, NULL, 9, 11, 2, 13, NULL, '2020-10-29 06:39:48'),
	(235, 'communicate', 'общаться', NULL, NULL, 0, NULL, 10, 10, 0, 10, NULL, '2020-10-21 12:36:04'),
	(236, 'criminal ', 'преступник', NULL, NULL, 0, NULL, 10, 10, 0, 10, NULL, '2020-10-21 12:47:01'),
	(237, 'should', 'следует (не так настойчиво)', NULL, NULL, 0, NULL, 9, 12, 3, 15, NULL, '2020-11-03 06:52:56'),
	(238, 'good', 'хороший', NULL, NULL, 0, NULL, 9, 10, 1, 11, NULL, '2020-10-12 05:46:54'),
	(239, 'well', 'хорошо', NULL, NULL, 0, NULL, 9, 10, 1, 11, NULL, '2020-10-22 06:12:00'),
	(241, 'choice ', 'выбор', NULL, NULL, 0, NULL, 10, 10, 0, 10, NULL, '2020-10-21 12:46:58'),
	(242, 'admire', 'восхищаться', NULL, NULL, 0, NULL, 10, 10, 0, 10, NULL, '2020-10-23 12:34:11'),
	(243, 'naive', 'наивный', NULL, NULL, 0, NULL, 10, 10, 0, 10, NULL, '2020-10-21 12:28:10'),
	(244, 'wonderful ', 'замечательно', NULL, NULL, 0, NULL, 10, 10, 0, 10, NULL, '2020-10-24 08:09:03'),
	(245, 'obvious ', 'очевидный', NULL, NULL, 0, NULL, 10, 10, 0, 10, NULL, '2020-10-21 12:37:47'),
	(246, 'obviously ', 'очевидно (вводное слово)', NULL, NULL, 0, NULL, 9, 11, 2, 13, NULL, '2020-10-29 08:41:47'),
	(248, 'spend my time', 'тратить мое время', NULL, NULL, 0, NULL, 9, 10, 1, 11, NULL, '2020-10-20 05:45:41'),
	(249, 'pay for it', 'платить за это', NULL, NULL, 0, NULL, 10, 10, 0, 10, NULL, '2020-10-21 12:30:43'),
	(250, 'be against [эгенст]', 'быть против', NULL, NULL, 0, NULL, 9, 10, 1, 11, NULL, '2020-10-14 12:28:34'),
	(251, 'decide ', 'решить (что то сделать)', NULL, NULL, 0, NULL, 10, 12, 2, 14, NULL, '2020-10-21 12:48:26'),
	(252, 'to be surprised by / to be surprised at', 'удивлен (чем то) / удивлен (чем то)', NULL, NULL, 0, NULL, 9, 11, 2, 13, NULL, '2020-11-09 07:07:36'),
	(253, 'knowledge ', 'знания / знание (но всегда в ед. числе)', NULL, NULL, 0, NULL, 10, 10, 0, 10, NULL, '2020-10-24 08:05:00'),
	(254, 'rude ', 'грубый (невежливый)', NULL, NULL, 0, NULL, 10, 10, 0, 10, NULL, '2020-10-21 12:29:40'),
	(255, 'behave well / badly', 'вести себя хорошо / плохо', NULL, NULL, 0, NULL, 9, 13, 4, 17, NULL, '2020-11-12 06:55:18'),
	(256, 'abroad', 'за границей', NULL, NULL, 0, NULL, 10, 10, 0, 10, NULL, '2020-10-21 12:45:30'),
	(257, 'bring money', 'приносить деньги', NULL, NULL, 0, NULL, 9, 10, 1, 11, NULL, '2020-10-21 06:00:32'),
	(258, 'bring you money', 'приносит тебе деньги', NULL, NULL, 0, NULL, 10, 10, 0, 10, NULL, '2020-10-21 12:44:36'),
	(259, 'earn', 'зарабатывать', NULL, NULL, 0, NULL, 10, 10, 0, 10, NULL, '2020-10-21 12:37:25'),
	(260, 'enough [инаф] ', 'достаточно', NULL, NULL, 0, NULL, 9, 10, 1, 11, NULL, '2020-10-20 05:37:18'),
	(261, 'more than enough', ' более чем достаточно', NULL, NULL, 0, NULL, 10, 10, 0, 10, NULL, '2020-10-21 12:36:45'),
	(262, 'a couple', 'пара/несколько', NULL, NULL, 0, NULL, 10, 10, 0, 10, NULL, '2020-10-24 08:00:12'),
	(263, 'look ', 'выглядеть', NULL, NULL, 0, NULL, 12, 13, 1, 14, NULL, '2020-10-20 05:38:36'),
	(264, 'seem ', 'казаться', NULL, NULL, 0, NULL, 10, 10, 0, 10, NULL, '2020-10-21 12:21:54'),
	(265, 'эта вещь', ' this thing', NULL, NULL, 0, NULL, 9, 10, 1, 11, NULL, '2020-10-13 05:47:55'),
	(266, 'эти вещи', ' these [зиз] things', NULL, NULL, 0, NULL, 9, 9, 0, 9, NULL, '2020-10-12 06:11:40'),
	(267, 'та/тот/той (вещь)', ' that (thing)', NULL, NULL, 0, NULL, 9, 11, 2, 13, NULL, '2020-10-21 06:06:03'),
	(268, 'those [зоуз] ', 'те', NULL, NULL, 0, NULL, 10, 10, 0, 10, NULL, '2020-10-21 12:39:24'),
	(269, 'often ', 'часто', NULL, NULL, 0, NULL, 10, 10, 0, 10, NULL, '2020-10-21 12:24:03'),
	(271, 'rarely / seldom ', 'редко', NULL, NULL, 0, NULL, 9, 9, 0, 9, NULL, '2020-10-12 06:10:29'),
	(272, 'always ', 'всегда', NULL, NULL, 0, NULL, 10, 10, 0, 10, NULL, '2020-10-26 06:57:10'),
	(273, 'sometimes ', 'иногда', NULL, NULL, 0, NULL, 9, 10, 1, 11, NULL, '2020-10-22 05:52:41'),
	(274, 'almost ', 'практически / почти что', NULL, NULL, 0, NULL, 10, 10, 0, 10, NULL, '2020-10-21 12:39:39'),
	(275, 'suddenly ', 'вдруг', NULL, NULL, 0, NULL, 9, 9, 0, 9, NULL, '2020-10-13 05:43:49'),
	(276, 'one day', 'однажды', NULL, NULL, 0, NULL, 10, 10, 0, 10, NULL, '2020-10-24 08:08:29'),
	(278, 'chair', 'стул', NULL, NULL, 0, NULL, 10, 10, 0, 10, NULL, '2020-10-21 12:20:04'),
	(279, 'armchair', 'кресло', NULL, NULL, 0, NULL, 10, 10, 0, 10, NULL, '2020-10-23 12:35:40'),
	(280, 'hard', 'усердно', NULL, NULL, 0, NULL, 9, 10, 1, 11, NULL, '2020-10-20 05:45:23'),
	(281, 'completely', 'полностью / совершенно', NULL, NULL, 0, NULL, 10, 10, 0, 10, NULL, '2020-10-21 12:19:26'),
	(282, 'completely fluently', 'совершенно свободно', NULL, NULL, 0, NULL, 10, 10, 0, 10, NULL, '2020-10-24 08:06:40'),
	(283, 'loudly', 'громко', NULL, NULL, 0, NULL, 9, 13, 4, 17, NULL, '2020-10-29 07:00:52'),
	(284, 'quietly', 'тихо', NULL, NULL, 0, NULL, 11, 12, 1, 13, NULL, '2020-10-23 05:43:22'),
	(285, 'thanks to', 'благодаря', NULL, NULL, 0, NULL, 9, 11, 2, 13, NULL, '2020-10-22 05:32:50'),
	(286, 'filling ', 'чувство ', NULL, NULL, 0, NULL, 9, 9, 0, 9, NULL, '2020-10-13 05:46:32'),
	(287, 'The day after tomorrow', 'послезавтра', NULL, NULL, 0, NULL, 10, 10, 0, 10, NULL, '2020-10-21 12:49:50'),
	(288, 'The day before yesterday', 'позавчера', NULL, NULL, 0, NULL, 9, 9, 0, 9, NULL, '2020-10-14 12:33:23'),
	(289, 'talk on the phone', ' говорить по телефону.', NULL, NULL, 0, NULL, 9, 10, 1, 11, NULL, '2020-10-21 06:03:51'),
	(290, 'too much', 'слишком (с негативным оттенком) много', NULL, NULL, 0, NULL, 10, 11, 1, 12, NULL, '2020-10-23 12:37:17'),
	(291, 'sooner or later', 'рано или поздно', NULL, NULL, 0, NULL, 10, 10, 0, 10, NULL, '2020-10-21 12:48:17'),
	(292, 'in the end / eventually', ' в конце концов /  в конце концов', NULL, NULL, 0, NULL, 7, 10, 2, 12, NULL, '2020-12-02 07:17:52'),
	(293, 'in the beginning', 'в начале', NULL, NULL, 0, NULL, 10, 10, 0, 10, NULL, '2020-10-21 12:42:11'),
	(294, 'tonight', 'сегодня вечером', NULL, NULL, 0, NULL, 9, 9, 0, 9, NULL, '2020-10-13 05:59:30'),
	(295, 'came back', 'прийти назад / вернуться. = return', NULL, NULL, 0, NULL, 10, 10, 0, 10, NULL, '2020-10-21 12:39:42'),
	(296, 'each other', 'друг друга', NULL, NULL, 0, NULL, 9, 11, 2, 13, NULL, '2020-10-23 05:44:55'),
	(297, 'How', 'как / на сколько', NULL, NULL, 0, NULL, 10, 10, 0, 10, NULL, '2020-10-21 12:24:36'),
	(298, 'Why ', 'зачем / почему', NULL, NULL, 0, NULL, 10, 10, 0, 10, NULL, '2020-10-21 12:39:33'),
	(299, 'Where ', ' где / куда', NULL, NULL, 0, NULL, 10, 10, 0, 10, NULL, '2020-10-26 06:45:58'),
	(300, 'When', 'когда', NULL, NULL, 0, NULL, 9, 11, 2, 13, NULL, '2020-10-21 05:54:51'),
	(301, 'What ', 'что / какое / какая / какие', NULL, NULL, 0, NULL, 10, 10, 0, 10, NULL, '2020-10-24 08:10:40'),
	(302, 'Who', 'кто / кого', NULL, NULL, 0, NULL, 10, 10, 0, 10, NULL, '2020-10-21 12:49:29'),
	(303, 'Whose idea', 'чья идея', NULL, NULL, 0, NULL, 10, 10, 0, 10, NULL, '2020-10-22 06:16:38'),
	(304, 'How far', 'как далеко', NULL, NULL, 0, NULL, 10, 10, 0, 10, NULL, '2020-10-21 12:42:07'),
	(305, 'What time', 'во сколько (времени)', NULL, NULL, 0, NULL, 10, 10, 0, 10, NULL, '2020-10-23 12:38:39'),
	(306, 'then ', 'затем', NULL, NULL, 0, NULL, 9, 9, 0, 9, NULL, '2020-10-12 06:10:10'),
	(307, 'sentence', 'предложение в тексте', NULL, NULL, 0, NULL, 10, 10, 0, 10, NULL, '2020-10-24 08:04:08'),
	(308, 'pie', 'пирог', NULL, NULL, 0, NULL, 9, 9, 0, 9, NULL, '2020-10-14 12:17:18'),
	(309, 'cake', 'торт', NULL, NULL, 0, NULL, 10, 10, 0, 10, NULL, '2020-10-21 12:48:23'),
	(310, 'much', 'много / на много', NULL, NULL, 0, NULL, 10, 10, 0, 10, NULL, '2020-10-26 06:47:31'),
	(311, 'lots of friends', 'много друзей', NULL, NULL, 0, NULL, 9, 10, 1, 11, NULL, '2020-10-21 06:04:22'),
	(312, 'a lot of', 'много (положительно)', NULL, NULL, 0, NULL, 9, 11, 2, 13, NULL, '2020-10-21 05:28:35'),
	(313, 'little', 'мало', NULL, NULL, 0, NULL, 10, 10, 0, 10, NULL, '2020-10-21 12:32:34'),
	(314, 'greatly', 'очень сильно (ставится в конце)', NULL, NULL, 0, NULL, 10, 10, 0, 10, NULL, '2020-10-21 12:26:47'),
	(315, 'a lot', ' сильно (ставится в конце)', NULL, NULL, 0, NULL, 9, 11, 2, 13, NULL, '2020-10-24 08:05:03'),
	(316, 'How much', 'сколько (не исчисляемое - time / money)', NULL, NULL, 0, NULL, 10, 10, 0, 10, NULL, '2020-10-26 06:57:37'),
	(317, 'How many', 'сколько (исчисляемое - friends / mistakes)', NULL, NULL, 0, NULL, 9, 10, 1, 11, NULL, '2020-10-21 05:33:50'),
	(318, 'How often', 'как часто', NULL, NULL, 0, NULL, 10, 10, 0, 10, NULL, '2020-10-21 12:43:51'),
	(319, 'early', 'ранний', NULL, NULL, 0, NULL, 9, 13, 4, 17, NULL, '2020-11-06 12:44:46'),
	(320, 'earlier', 'раньше', NULL, NULL, 0, NULL, 9, 11, 2, 13, NULL, '2020-10-23 05:56:23'),
	(321, 'late', 'поздно', NULL, NULL, 0, NULL, 10, 10, 0, 10, NULL, '2020-10-24 08:01:25'),
	(322, 'fully', 'полностью', NULL, NULL, 0, NULL, 9, 10, 1, 11, NULL, '2020-10-12 06:09:27'),
	(323, 'all ..', 'все (что то)', NULL, NULL, 0, NULL, 10, 11, 1, 12, NULL, '2020-10-24 08:02:39'),
	(324, 'everything.', ' все. (просто все :))', NULL, NULL, 0, NULL, 10, 10, 0, 10, NULL, '2020-10-21 12:32:16'),
	(325, 'everywhere', 'везде', NULL, NULL, 0, NULL, 10, 10, 0, 10, NULL, '2020-10-21 12:37:28'),
	(326, 'remember', 'помнить / вспомнить /запомнить', NULL, NULL, 0, NULL, 10, 10, 0, 10, NULL, '2020-10-21 12:44:29'),
	(328, 'wait for', 'ждать кого то', NULL, NULL, 0, NULL, 10, 10, 0, 10, NULL, '2020-10-21 12:28:25'),
	(329, 'Speak English', 'говорить на английском', NULL, NULL, 0, NULL, 9, 10, 1, 11, NULL, '2020-10-21 05:30:07'),
	(330, 'Say', 'сказать / говорить', NULL, NULL, 0, NULL, 9, 10, 1, 11, NULL, '2020-10-12 05:51:52'),
	(332, 'Talk', 'говорить о чем то / обсуждать', NULL, NULL, 0, NULL, 9, 10, 1, 11, NULL, '2020-10-20 05:46:20'),
	(333, 'speech', 'речь (спич)', NULL, NULL, 0, NULL, 10, 10, 0, 10, NULL, '2020-10-21 12:45:32'),
	(334, 'Improve', 'улучшать', NULL, NULL, 0, NULL, 10, 10, 0, 10, NULL, '2020-10-21 12:30:20'),
	(335, 'poor', 'бедный', NULL, NULL, 0, NULL, 10, 10, 0, 10, NULL, '2020-10-21 12:29:08'),
	(336, 'rich', 'богатый', NULL, NULL, 0, NULL, 10, 10, 0, 10, NULL, '2020-10-24 08:11:20'),
	(337, 'married', 'женат / замужем', NULL, NULL, 0, NULL, 9, 11, 2, 13, NULL, '2020-10-12 05:49:11'),
	(338, 'get married', 'жениться / выходить замуж', NULL, NULL, 0, NULL, 9, 11, 2, 13, NULL, '2020-10-21 05:05:21'),
	(339, 'divorce', 'развод', NULL, NULL, 0, NULL, 10, 10, 0, 10, NULL, '2020-10-26 06:41:09'),
	(340, 'divorced', 'разведены', NULL, NULL, 0, NULL, 9, 10, 1, 11, NULL, '2020-10-21 06:04:37'),
	(341, 'marry her - marry him', 'жениться на ней / выходить замуж за него', NULL, NULL, 0, NULL, 9, 10, 1, 11, NULL, '2020-10-13 05:45:45'),
	(342, 'single', 'холост', NULL, NULL, 0, NULL, 10, 10, 0, 10, NULL, '2020-10-21 12:32:19'),
	(343, 'boring', 'скучно / скучный', NULL, NULL, 0, NULL, 9, 12, 3, 15, NULL, '2020-11-02 08:46:08'),
	(344, 'tired [тайд]', 'устал / уставший', NULL, NULL, 0, NULL, 10, 10, 0, 10, NULL, '2020-10-21 12:24:15'),
	(345, 'i think that ...', 'я думаю что ...', NULL, NULL, 0, NULL, 10, 10, 0, 10, NULL, '2020-10-21 12:35:42'),
	(346, 'I hope', 'я надеюсь.', NULL, NULL, 0, NULL, 10, 10, 0, 10, NULL, '2020-10-21 12:26:49'),
	(347, 'Far', 'далеко', NULL, NULL, 0, NULL, 10, 10, 0, 10, NULL, '2020-10-21 12:33:13'),
	(348, 'Near ', 'близко', NULL, NULL, 0, NULL, 10, 10, 0, 10, NULL, '2020-10-23 12:36:47'),
	(349, 'Hard-working', 'трудолюбивый', NULL, NULL, 0, NULL, 9, 9, 0, 9, NULL, '2020-10-13 05:45:59'),
	(350, 'lazy', 'ленивый', NULL, NULL, 0, NULL, 9, 9, 0, 9, NULL, '2020-10-12 05:50:11'),
	(351, 'a native speaker', 'носитель языка', NULL, NULL, 0, NULL, 10, 10, 0, 10, NULL, '2020-10-21 12:36:51'),
	(352, 'comfortable ', 'удобно', NULL, NULL, 0, NULL, 9, 12, 3, 15, NULL, '2020-10-14 12:24:43'),
	(353, 'colleague ', 'коллега', NULL, NULL, 0, NULL, 10, 10, 0, 10, NULL, '2020-10-21 12:36:53'),
	(354, 'boss ', 'начальник', NULL, NULL, 0, NULL, 10, 10, 0, 10, NULL, '2020-10-21 12:25:23'),
	(355, 'successful ', 'успешный', NULL, NULL, 0, NULL, 10, 11, 1, 12, NULL, '2020-10-24 08:02:32'),
	(356, 'useful ', 'полезный', NULL, NULL, 0, NULL, 9, 11, 2, 13, NULL, '2020-10-23 12:35:22'),
	(357, 'useless ', 'бесполезный', NULL, NULL, 0, NULL, 10, 10, 0, 10, NULL, '2020-10-21 12:21:11'),
	(358, 'it isn’t so', 'это не так', NULL, NULL, 0, NULL, 10, 10, 0, 10, NULL, '2020-10-21 12:46:16'),
	(359, 'than', 'чем', NULL, NULL, 0, NULL, 9, 15, 6, 21, NULL, '2020-11-04 06:45:32'),
	(360, 'then', 'затем', NULL, NULL, 0, NULL, 9, 10, 1, 11, NULL, '2020-10-21 05:30:21'),
	(361, 'It\'s the best way', 'Это самый лучший способ', NULL, NULL, 0, NULL, 10, 10, 0, 10, NULL, '2020-10-21 12:21:22'),
	(362, 'go - went - gone', 'иддти', NULL, NULL, 1, NULL, 9, 10, 1, 11, NULL, '2020-10-23 05:47:27'),
	(363, 'do - did - done', 'делать', NULL, NULL, 1, NULL, 10, 10, 0, 10, NULL, '2020-10-21 12:43:39'),
	(364, 'make - made - made', 'делать (создавать)', NULL, NULL, 1, NULL, 9, 10, 1, 11, NULL, '2020-10-23 05:54:10'),
	(365, 'come - came - come', 'приходить', NULL, NULL, 1, NULL, 10, 10, 0, 10, NULL, '2020-10-21 12:42:04'),
	(366, 'see - saw[со] - seen', 'видеть', NULL, NULL, 1, NULL, 10, 10, 0, 10, NULL, '2020-10-21 12:33:08'),
	(367, 'know - knew - known', 'знать', NULL, NULL, 1, NULL, 9, 9, 0, 9, NULL, '2020-10-13 05:31:05'),
	(368, 'get - got - got', 'получать', NULL, NULL, 1, NULL, 10, 12, 2, 14, NULL, '2020-10-23 12:35:29'),
	(369, 'feel - felt - felt', 'чувствовать', NULL, NULL, 1, NULL, 10, 10, 0, 10, NULL, '2020-10-21 12:47:36'),
	(370, 'say - said[сэд] - seid', 'сказать (что то)', NULL, NULL, 1, NULL, 10, 12, 2, 14, NULL, '2020-10-26 06:43:49'),
	(371, 'tell - told - told', 'сказать / рассказать (кому то)', NULL, NULL, 1, NULL, 10, 10, 0, 10, NULL, '2020-10-21 12:24:09'),
	(372, 'take - took - taken', 'брать', NULL, NULL, 1, NULL, 9, 11, 2, 13, NULL, '2020-10-21 05:11:23'),
	(373, 'think - thought[соот] - thought', 'думать', NULL, NULL, 1, NULL, 10, 10, 0, 10, NULL, '2020-10-21 12:20:54'),
	(374, 'have - had - had', 'иметь', NULL, NULL, 1, NULL, 9, 11, 2, 13, NULL, '2020-10-26 06:41:36'),
	(375, 'give - gave - given', 'давать', NULL, NULL, 1, NULL, 10, 10, 0, 10, NULL, '2020-10-23 12:34:08'),
	(376, 'find - found - found', 'находить', NULL, NULL, 1, NULL, 10, 10, 0, 10, NULL, '2020-10-21 12:46:49'),
	(377, 'become - became - become', 'становиться / не get', NULL, NULL, 1, NULL, 9, 10, 1, 11, NULL, '2020-10-21 05:33:55'),
	(378, 'bring - brought[брот] - brought', 'приносить / приводить', NULL, NULL, 1, NULL, 10, 10, 0, 10, NULL, '2020-10-21 12:23:21'),
	(379, 'write - wrote - written', 'писать', NULL, NULL, 1, NULL, 10, 10, 0, 10, NULL, '2020-10-21 12:20:19'),
	(380, 'meet - met - met', 'встречать', NULL, NULL, 1, NULL, 10, 10, 0, 10, NULL, '2020-10-21 12:43:45'),
	(381, 'pay for - paid for - paid -for', 'пплатить (за)', NULL, NULL, 1, NULL, 10, 10, 0, 10, NULL, '2020-10-21 12:48:02'),
	(382, 'read - read[ред!] - read[ред!]', 'читать', NULL, NULL, 1, NULL, 10, 10, 0, 10, NULL, '2020-10-21 12:23:09'),
	(383, 'be - was/were - been', 'быть', NULL, NULL, 1, NULL, 10, 10, 0, 10, NULL, '2020-10-23 12:38:08'),
	(384, 'buy - bought[бот] - bought ', 'покупать', NULL, NULL, 1, NULL, 10, 10, 0, 10, NULL, '2020-10-21 12:47:09'),
	(385, 'cost - cost - cost', 'стоить', NULL, NULL, 1, NULL, 9, 11, 2, 13, NULL, '2020-10-28 06:48:38'),
	(386, 'learn* - learnt - learnt', 'учить - может быть и правильным и нет', NULL, NULL, 1, NULL, 10, 10, 0, 10, NULL, '2020-10-21 12:49:59'),
	(387, 'sell - sold - sold', 'продавать', NULL, NULL, 1, NULL, 10, 10, 0, 10, NULL, '2020-10-23 12:30:59'),
	(388, 'speak - spoke - spoken', 'говорить (на англ)', NULL, NULL, 1, NULL, 9, 13, 4, 17, NULL, '2020-10-22 06:03:17'),
	(389, 'spend - spent - spent', 'тратить', NULL, NULL, 1, NULL, 10, 10, 0, 10, NULL, '2020-10-21 12:30:38'),
	(390, 'swim - swam - swum', 'плавать', NULL, NULL, 1, NULL, 10, 10, 0, 10, NULL, '2020-10-21 12:43:49'),
	(391, 'teach - taught [тот] - taught', 'учить (кого то)', NULL, NULL, 1, NULL, 9, 10, 1, 11, NULL, '2020-10-20 05:35:59'),
	(392, 'understand - understood - understood', 'понимать', NULL, NULL, 1, NULL, 10, 10, 0, 10, NULL, '2020-10-21 12:48:51'),
	(393, 'run - ran - run', 'бегать', NULL, NULL, 1, NULL, 10, 10, 0, 10, NULL, '2020-10-26 07:01:26'),
	(394, 'sit - sat - sat', 'сидеть', NULL, NULL, 1, NULL, 10, 10, 0, 10, NULL, '2020-10-21 12:29:24'),
	(395, 'stand - stood - stood', 'стоять', NULL, NULL, 1, NULL, 9, 11, 2, 13, NULL, '2020-10-24 08:01:51'),
	(396, 'lose - lost - lost', 'терять ', NULL, NULL, 1, NULL, 9, 12, 3, 15, NULL, '2020-10-29 06:53:38'),
	(397, 'build - built - built', 'строить', NULL, NULL, 1, NULL, 10, 10, 0, 10, NULL, '2020-10-21 12:40:51'),
	(398, 'eat - ate - eaten', 'Кушать', NULL, NULL, 1, NULL, 10, 11, 1, 12, NULL, '2020-10-23 12:35:21'),
	(399, 'drink - drank - drunk', 'пить', NULL, NULL, 1, NULL, 10, 10, 0, 10, NULL, '2020-10-21 12:33:59'),
	(400, 'forget - forgot - forgotten', 'забывать', NULL, NULL, 1, NULL, 9, 12, 3, 15, NULL, '2020-10-22 05:36:37'),
	(402, 'send - sent - sent', 'посылать / отправлять', NULL, NULL, 1, NULL, 10, 10, 0, 10, NULL, '2020-10-21 12:22:04'),
	(403, 'mean - meant - meant', 'означать  / иметь ввиду', NULL, NULL, 1, NULL, 10, 11, 1, 12, NULL, '2020-10-21 12:22:18'),
	(404, 'overeat - overeat - overeaten', 'переедать', NULL, NULL, 1, NULL, 10, 10, 0, 10, NULL, '2020-10-21 12:26:56'),
	(405, 'keep - kept - kept', 'держать / сдерживать', NULL, NULL, 1, NULL, 9, 10, 1, 11, NULL, '2020-10-22 05:37:47'),
	(406, 'show - showed - shown', 'показывать', NULL, NULL, 1, NULL, 9, 12, 3, 15, NULL, '2020-11-02 06:45:18'),
	(407, 'lead - led - led', 'приводить / лидировать', NULL, NULL, 1, NULL, 10, 10, 0, 10, NULL, '2020-10-21 12:23:53'),
	(408, 'feed - fed - fed', 'кормить', NULL, NULL, 1, NULL, 10, 10, 0, 10, NULL, '2020-10-21 12:32:58'),
	(409, 'cut - cut - cut', 'резать / порезать', NULL, NULL, 1, NULL, 9, 10, 1, 11, NULL, '2020-10-22 06:05:03'),
	(410, '* lie - lay - lain', 'лежать', NULL, NULL, 1, NULL, 9, 19, 10, 29, NULL, '2020-11-02 06:43:47'),
	(411, 'basic', 'базовый', NULL, NULL, 0, NULL, 10, 10, 0, 10, NULL, '2020-10-21 12:30:40'),
	(412, 'I\'m going to', 'я собираюсь (что то сделать)', NULL, NULL, 0, NULL, 10, 11, 1, 12, NULL, '2020-10-23 12:40:03'),
	(413, 'the most basic (things)', 'самые базовые (вещи)', NULL, NULL, 0, NULL, 9, 10, 1, 11, NULL, '2020-10-21 05:28:21'),
	(414, 'political', 'политический', NULL, NULL, 0, NULL, 10, 10, 0, 10, NULL, '2020-10-26 06:43:01'),
	(415, 'nice', 'приятный', NULL, NULL, 0, NULL, 10, 10, 0, 10, NULL, '2020-10-21 12:37:11'),
	(416, 'wonderful', 'замечательный / прекрасный', NULL, NULL, 0, NULL, 10, 10, 0, 10, NULL, '2020-10-21 12:47:50'),
	(417, 'huge', 'огромный / громадный', NULL, NULL, 0, NULL, 10, 10, 0, 10, NULL, '2020-10-23 12:30:15'),
	(418, 'culturial differences', 'культурные различия', NULL, NULL, 0, NULL, 9, 11, 2, 13, NULL, '2020-10-23 05:43:08'),
	(419, 'I\'m not afraid this thing', 'я не боюсь эту вещь', NULL, NULL, 0, NULL, 9, 10, 1, 11, NULL, '2020-10-12 05:45:55'),
	(420, 'Most people', 'большенство людей', NULL, NULL, 0, NULL, 9, 13, 4, 17, NULL, '2020-10-29 08:39:15'),
	(421, 'tremendous', 'огромный (синоним huge)', NULL, NULL, 0, NULL, 9, 10, 1, 11, NULL, '2020-10-14 12:28:03'),
	(422, 'relations', 'отношения', NULL, NULL, 0, NULL, 10, 10, 0, 10, NULL, '2020-10-21 12:40:46'),
	(423, 'I\'m sorry about / for it', 'я извеняюсь за это', NULL, NULL, 0, NULL, 9, 12, 3, 15, NULL, '2020-10-22 05:34:33'),
	(424, 'my weak point', 'мое слабое место', NULL, NULL, 0, NULL, 10, 10, 0, 10, NULL, '2020-10-23 12:35:47'),
	(425, 'wear', 'ность (одежду)', NULL, NULL, 0, NULL, 10, 10, 0, 10, NULL, '2020-10-21 12:49:02'),
	(426, 'to be nervous [ норвез ] about', 'нервничать о', NULL, NULL, 0, NULL, 9, 9, 0, 9, NULL, '2020-10-26 13:55:45'),
	(427, 'to be confident', 'быть увереным', NULL, NULL, 0, NULL, 9, 15, 6, 21, NULL, '2020-10-30 06:51:17'),
	(428, 'the next (something)', 'следующий (что то)', NULL, NULL, 0, NULL, 10, 10, 0, 10, NULL, '2020-10-21 12:36:30'),
	(429, 'explanations', 'объяснения', NULL, NULL, 0, NULL, 9, 10, 1, 11, NULL, '2020-10-24 17:13:48'),
	(430, 'enthusiasm', 'энтузиазм', NULL, NULL, 0, NULL, 9, 9, 0, 9, NULL, '2020-10-14 12:30:48'),
	(431, 'lifestyle', 'образ жизни', NULL, NULL, 0, NULL, 10, 10, 0, 10, NULL, '2020-10-21 12:48:20'),
	(432, 'during [дюрин]', 'на протяжении / во время ', NULL, NULL, 0, NULL, 10, 10, 0, 10, NULL, '2020-10-21 12:20:08'),
	(433, 'conversation', 'разговор', NULL, NULL, 0, NULL, 10, 10, 0, 10, NULL, '2020-10-21 12:28:57'),
	(434, 'yanger sister', 'младшая сестра', NULL, NULL, 0, NULL, 10, 10, 0, 10, NULL, '2020-10-21 12:29:29'),
	(435, 'elder brother', 'старший брат', NULL, NULL, 0, NULL, 10, 10, 0, 10, NULL, '2020-10-21 12:43:09'),
	(436, 'thin ', 'тонкий / худая - тощая', NULL, NULL, 0, NULL, 9, 10, 1, 11, NULL, '2020-10-21 06:05:41'),
	(437, 'slim ', 'худая / стройная (хорошо)', NULL, NULL, 0, NULL, 9, 9, 0, 9, NULL, '2020-10-12 06:08:22'),
	(438, 'loud', 'громкий', NULL, NULL, 0, NULL, 10, 10, 0, 10, NULL, '2020-10-21 12:19:23'),
	(439, 'lose weight', 'сбавить вес', NULL, NULL, 0, NULL, 10, 10, 0, 10, NULL, '2020-10-21 12:38:44'),
	(440, 'bad for our helth', 'вредно для нашего здоровья', NULL, NULL, 0, NULL, 10, 10, 0, 10, NULL, '2020-10-26 06:50:13'),
	(441, 'thick', 'толстый', NULL, NULL, 0, NULL, 10, 10, 0, 10, NULL, '2020-10-23 12:30:51'),
	(442, 'kind', 'добрый', NULL, NULL, 0, NULL, 10, 10, 0, 10, NULL, '2020-10-21 12:25:44'),
	(443, 'to be connected with ...', 'связано с ...', NULL, NULL, 0, NULL, 10, 10, 0, 10, NULL, '2020-10-21 06:05:44'),
	(444, 'impatient [импейшент]', 'не терпеливый', NULL, NULL, 0, NULL, 9, 11, 2, 13, NULL, '2020-10-12 05:49:55'),
	(445, 'give an example', 'привести пример', NULL, NULL, 0, NULL, 9, 10, 1, 11, NULL, '2020-10-21 05:48:26'),
	(446, 'understand the difference', 'понять разницу (уст выр)', NULL, NULL, 0, NULL, 10, 10, 0, 10, NULL, '2020-10-21 12:49:00'),
	(447, 'Turn left!', 'поверни на лево', NULL, NULL, 0, NULL, 10, 10, 0, 10, NULL, '2020-10-21 12:27:20'),
	(448, 'glad', 'рад', NULL, NULL, 0, NULL, 10, 10, 0, 10, NULL, '2020-10-26 06:53:10'),
	(449, 'generous', 'щедрый', NULL, NULL, 0, NULL, 9, 10, 1, 11, NULL, '2020-10-13 05:33:09'),
	(450, 'responsible for', 'ответственный за', NULL, NULL, 0, NULL, 9, 16, 7, 23, NULL, '2020-11-20 12:41:37'),
	(451, 'Everyone', 'все (кто то)', NULL, NULL, 0, NULL, 9, 11, 2, 13, NULL, '2020-10-12 05:50:01'),
	(452, 'porridge', 'каша', NULL, NULL, 0, NULL, 10, 10, 0, 10, NULL, '2020-10-24 08:08:53'),
	(453, 'therefore', 'поэтому / следовательно / потому (formal)', NULL, NULL, 0, NULL, 9, 12, 3, 15, NULL, '2020-11-02 06:52:05'),
	(454, 'foreign company', 'иностранная компания', NULL, NULL, 0, NULL, 9, 10, 1, 11, NULL, '2020-10-14 12:21:15'),
	(455, 'Everything is clear', 'все ясно', NULL, NULL, 0, NULL, 9, 15, 6, 21, NULL, '2020-11-06 06:45:44'),
	(456, 'Next! (не следующий)', 'Далее', NULL, NULL, 0, NULL, 10, 10, 0, 10, NULL, '2020-10-23 12:38:35'),
	(457, 'Spot ', 'Определять', NULL, NULL, 0, NULL, 9, 13, 4, 17, NULL, '2020-10-21 12:40:43'),
	(458, ' fireplace', 'камин', NULL, NULL, 0, NULL, 10, 10, 0, 10, NULL, '2020-10-21 12:43:42'),
	(459, 'bakery ', 'пекарня', NULL, NULL, 0, NULL, 10, 10, 0, 10, NULL, '2020-10-21 12:44:05'),
	(460, 'I wouldn\'t like to be in this place', 'Я бы не хотел быть на этом месте', NULL, NULL, 0, NULL, 9, 10, 1, 11, NULL, '2020-10-12 05:47:52'),
	(461, 'promise', 'обещание', NULL, NULL, 0, NULL, 10, 10, 0, 10, NULL, '2020-10-21 12:38:57'),
	(462, 'immediately', 'сразу же / немедленно', NULL, NULL, 0, NULL, 10, 10, 0, 10, NULL, '2020-10-23 12:36:05'),
	(463, 'exciting', 'Захатывающе', NULL, NULL, 0, NULL, 9, 12, 3, 15, NULL, '2020-10-21 05:33:07'),
	(464, 'Archbishop [ˌärCHˈbiSHəp]', 'Архиепископ', NULL, NULL, 0, NULL, 10, 10, 0, 10, NULL, '2020-10-21 12:46:11'),
	(465, 'pull', 'тянуть / тащить', NULL, NULL, 0, NULL, 10, 10, 0, 10, NULL, '2020-10-21 12:29:06'),
	(466, 'climbed down from his horse', 'слез с своей лошади', NULL, NULL, 0, NULL, 9, 9, 0, 9, NULL, '2020-10-13 05:31:23'),
	(467, 'Where did that sword come from?', 'Откуда взялся этот меч?', NULL, NULL, 0, NULL, 9, 12, 3, 15, NULL, '2020-11-03 12:12:10'),
	(468, 'latest news', 'последние новости', NULL, NULL, 0, NULL, 10, 10, 0, 10, NULL, '2020-10-21 12:46:52'),
	(469, 'at the moment', 'в настоящий момент', NULL, NULL, 0, NULL, 9, 12, 3, 15, NULL, '2020-11-06 12:32:18'),
	(470, 'at preasent', 'в настоящее время', NULL, NULL, 0, NULL, 9, 12, 3, 15, NULL, '2020-10-29 07:05:18'),
	(471, 'Someone', 'кто то', NULL, NULL, 0, NULL, 10, 10, 0, 10, NULL, '2020-10-21 12:29:12'),
	(472, 'still', 'все еще', NULL, NULL, 0, NULL, 9, 10, 1, 11, NULL, '2020-10-22 05:50:43'),
	(473, 'department', 'отдел', NULL, NULL, 0, NULL, 10, 10, 0, 10, NULL, '2020-10-21 12:28:37'),
	(474, 'thirsty', 'испытывающий жажду', NULL, NULL, 0, NULL, 9, 11, 2, 13, NULL, '2020-10-29 06:49:07'),
	(475, '... before that', '... чем до того', NULL, NULL, 0, NULL, 9, 19, 10, 29, NULL, '2020-11-10 06:36:33'),
	(476, 'threw down', 'выбросил', NULL, NULL, 0, NULL, 9, 10, 1, 11, NULL, '2020-10-20 05:35:05'),
	(477, 'through ', 'через / насквозь', NULL, NULL, 0, NULL, 9, 11, 2, 13, NULL, '2020-10-30 06:31:49'),
	(478, 'scabbard', 'ножны', NULL, NULL, 0, NULL, 9, 10, 1, 11, NULL, '2020-10-23 12:31:28'),
	(479, 'journey ', 'поездка - прогулка (не trip)', NULL, NULL, 0, NULL, 10, 10, 0, 10, NULL, '2020-10-21 12:38:37'),
	(480, 'looked the same as ....', 'выглядел так же как ....', NULL, NULL, 0, NULL, 9, 15, 6, 21, NULL, '2020-10-26 06:57:46'),
	(481, 'wound', 'рана / ранение', NULL, NULL, 0, NULL, 9, 10, 1, 11, NULL, '2020-10-14 12:30:34'),
	(482, 'nun', 'монхиня', NULL, NULL, 0, NULL, 10, 10, 0, 10, NULL, '2020-10-21 12:40:20'),
	(483, 'in other words ...', 'другими словами ...', NULL, NULL, 0, NULL, 10, 11, 1, 12, NULL, '2020-10-26 06:46:46'),
	(484, 'have a good time', 'хорошо проводить время', NULL, NULL, 0, NULL, 9, 10, 1, 11, NULL, '2020-10-22 06:05:59'),
	(485, 'so (не "так")', 'поэтому / таким образом (no formal)', NULL, NULL, 0, NULL, 9, 12, 0, 12, NULL, '2020-10-12 05:45:29'),
	(486, 'settlement', 'поселок', NULL, NULL, 0, NULL, 10, 10, 0, 10, NULL, '2020-10-21 12:38:47'),
	(487, 'do the right thing', 'делать правельную вещь', NULL, NULL, 0, NULL, 9, 14, 5, 19, NULL, '2020-10-28 06:58:56'),
	(488, 'make proggress', 'иметь прогресс', NULL, NULL, 0, NULL, 9, 12, 3, 15, NULL, '2020-10-26 07:02:26'),
	(489, 'blow - blew - blown', 'дуть', NULL, NULL, 1, NULL, 9, 9, 0, 9, NULL, '2020-10-28 09:19:12'),
	(490, 'look for a job', 'искать работу', NULL, NULL, 0, NULL, 9, 10, 1, 11, NULL, '2020-10-22 06:16:23'),
	(491, 'What are you talking about?', 'о чем ты говоришь?', NULL, NULL, 0, NULL, 9, 11, 2, 13, NULL, '2020-10-21 12:37:23'),
	(492, 'poverty', 'бедность', NULL, NULL, 0, NULL, 9, 10, 1, 11, NULL, '2020-10-22 05:47:26'),
	(493, 'from time to time', 'время от времени', NULL, NULL, 0, NULL, 9, 9, 0, 9, NULL, '2020-10-14 12:33:26'),
	(494, 'faith and hope', 'вера и надежда', NULL, NULL, 0, NULL, 10, 10, 0, 10, NULL, '2020-10-24 17:13:45'),
	(495, 'attractive', 'привлекательный', NULL, NULL, 0, NULL, 9, 10, 1, 11, NULL, '2020-10-13 05:46:03'),
	(496, 'impress', 'впечатлять', NULL, NULL, 0, NULL, 9, 16, 7, 23, NULL, '2020-11-09 06:56:20'),
	(497, 'matter', 'иметь значение', NULL, NULL, 0, NULL, 10, 10, 0, 10, NULL, '2020-10-23 12:34:04'),
	(498, 'it doesn\'t matter', 'Это не имеет значения', NULL, NULL, 0, NULL, 10, 10, 0, 10, NULL, '2020-10-23 12:33:35'),
	(499, 'doubt [даут]', 'сомневаться', NULL, NULL, 0, NULL, 11, 14, 1, 15, NULL, '2020-10-12 05:45:29'),
	(500, 'I seriosly doubt ....', 'Я серьезно сомневаюсь.', NULL, NULL, 0, NULL, 10, 11, 1, 12, NULL, '2020-10-23 12:33:45'),
	(501, 'achievment', 'достижение', NULL, NULL, 0, NULL, 9, 9, 0, 9, NULL, '2020-10-13 05:34:37'),
	(502, 'realize', 'осознавать', NULL, NULL, 0, NULL, 9, 9, 0, 9, NULL, '2020-10-12 06:09:57'),
	(503, 'deserve', 'заслуживать', NULL, NULL, 0, NULL, 10, 12, 2, 14, NULL, '2020-10-23 12:37:05'),
	(504, 'praise[прейз]', 'похвала', NULL, NULL, 0, NULL, 9, 9, 0, 9, NULL, '2020-10-13 05:31:14'),
	(505, 'deserve praise', 'заслуживать похвалы', NULL, NULL, 0, NULL, 9, 10, 1, 11, NULL, '2020-10-22 06:16:35'),
	(506, 'weigh[вэй] (verb)', 'весить (глагол)', NULL, NULL, 0, NULL, 9, 9, 0, 9, NULL, '2020-10-12 05:53:12'),
	(507, 'statement', 'утверждение', NULL, NULL, 0, NULL, 9, 10, 1, 11, NULL, '2020-10-22 06:04:38'),
	(508, 'consist of ...', 'состоять из ...', NULL, NULL, 0, NULL, 9, 12, 3, 15, NULL, '2020-10-29 06:51:38'),
	(509, 'care', 'волновать / заботиться / забота', NULL, NULL, 0, NULL, 9, 14, 5, 19, NULL, '2020-10-29 06:54:24'),
	(510, 'experience (verb)', 'испытывать', NULL, NULL, 0, NULL, 9, 22, 13, 35, NULL, '2020-11-03 06:42:59'),
	(511, 'owe', 'быть должным', NULL, NULL, 0, NULL, 9, 11, 2, 13, NULL, '2020-10-21 05:13:06'),
	(512, 'own', 'владеть / обладать', NULL, NULL, 0, NULL, 10, 10, 0, 10, NULL, '2020-10-21 12:34:10'),
	(513, 'lack', 'нехватка / нехватать (глаг)', NULL, NULL, 0, NULL, 10, 12, 2, 14, NULL, '2020-10-23 12:30:00'),
	(514, 'I don\'t care', 'меня не волнует / мне все равно', NULL, NULL, 0, NULL, 10, 10, 0, 10, NULL, '2020-10-23 12:36:24'),
	(515, 'Despite', 'не смотря', NULL, NULL, 0, NULL, 9, 13, 4, 17, NULL, '2020-10-23 05:59:20'),
	(516, 'Time pass', 'Время проходит', NULL, NULL, 0, NULL, 9, 10, 1, 11, NULL, '2020-10-26 06:45:30'),
	(517, 'While', 'в то время как', NULL, NULL, 0, NULL, 10, 11, 1, 12, NULL, '2020-10-20 05:39:11'),
	(518, 'take a shower', 'Принимать душ', NULL, NULL, 0, NULL, 10, 10, 0, 10, NULL, '2020-10-23 12:34:41'),
	(519, 'turn on / switch on the computer', 'включить компьютер', NULL, NULL, 0, NULL, 9, 9, 0, 9, NULL, '2020-10-14 12:31:40'),
	(520, 'ring - rang - rung', 'звонить', NULL, NULL, 1, NULL, 10, 11, 1, 12, NULL, '2020-10-23 05:59:04'),
	(521, 'noticed', 'заметил', NULL, NULL, 0, NULL, 9, 12, 3, 15, NULL, '2020-11-04 07:06:48'),
	(522, 'study at universety', 'учиться в университете', NULL, NULL, 0, NULL, 10, 10, 0, 10, NULL, '2020-10-23 12:37:29'),
	(523, 'carry', 'нести', NULL, NULL, 0, NULL, 10, 12, 2, 14, NULL, '2020-10-23 05:49:50'),
	(524, 'I have never been to ...', 'Я никогда не был ....', NULL, NULL, 0, NULL, 10, 10, 0, 10, NULL, '2020-10-24 08:10:04'),
	(525, 'Have you ever been to Englang', 'Ты когда нибудь был в англии?', NULL, NULL, 0, NULL, 9, 9, 0, 9, NULL, '2020-10-12 05:53:09'),
	(526, 'i\'ve never considered it realy important', 'я не когда не считал это действительно важным', NULL, NULL, 0, NULL, 9, 9, 0, 9, NULL, '2020-10-12 06:09:43'),
	(527, 'consider', 'рассматривать / считать (в смысле думать об этом)', NULL, NULL, 0, NULL, 9, 9, 0, 9, NULL, '2020-10-14 12:20:45'),
	(528, 'I\'ve always wanted to become a teacher', 'я всегда хотел стать учитилем', NULL, NULL, 0, NULL, 9, 11, 2, 13, NULL, '2020-10-22 06:16:10'),
	(529, 'at least', 'по крайней мере', NULL, NULL, 0, NULL, 9, 10, 1, 11, NULL, '2020-10-21 05:29:47'),
	(530, 'extreamly usfull', 'черезвычайно важно', NULL, NULL, 0, NULL, 9, 11, 2, 13, NULL, '2020-10-23 12:31:07'),
	(531, 'for the rest of life', 'на всю оставшуюся жизнь', NULL, NULL, 0, NULL, 9, 16, 7, 23, NULL, '2020-11-17 06:42:22'),
	(532, 'south coast', 'Южный берег', NULL, NULL, 0, NULL, 9, 10, 1, 11, NULL, '2020-10-21 05:29:21'),
	(533, 'among them', 'среди них', NULL, NULL, 0, NULL, 9, 11, 2, 13, NULL, '2020-10-28 06:44:13'),
	(534, 'people with plenty of money', 'люди с кучей денег', NULL, NULL, 0, NULL, 9, 13, 4, 17, NULL, '2020-10-22 06:07:16'),
	(535, 'selfish', 'эгоистичный', NULL, NULL, 0, NULL, 9, 12, 3, 15, NULL, '2020-10-22 06:03:20'),
	(536, 'wise', 'мудрый', NULL, NULL, 0, NULL, 10, 10, 0, 10, NULL, '2020-10-26 06:51:32'),
	(537, 'screw', 'винт', NULL, NULL, 0, NULL, 10, 10, 0, 10, NULL, '2020-10-24 07:59:46'),
	(538, 'governess', 'гувернантка', NULL, NULL, 0, NULL, 9, 9, 0, 9, NULL, '2020-10-14 12:26:54'),
	(539, 'until the end', 'до конца', NULL, NULL, 0, NULL, 9, 12, 3, 15, NULL, '2020-10-23 05:59:29'),
	(540, 'until', 'до', NULL, NULL, 0, NULL, 9, 10, 1, 11, NULL, '2020-10-21 05:18:16'),
	(541, 'isn\'t that quite strange?', 'разве это (то) не странно?', NULL, NULL, 0, NULL, 9, 14, 5, 19, NULL, '2020-11-05 06:28:17'),
	(542, 'frightening [фрайтнин] story', 'пугающая история', NULL, NULL, 0, NULL, 9, 12, 3, 15, NULL, '2020-10-21 12:26:15'),
	(543, 'recently', 'не давно', NULL, NULL, 0, NULL, 9, 9, 0, 9, NULL, '2020-10-19 12:49:26'),
	(544, 'pleasant surprise', 'приятный сюрприз', NULL, NULL, 0, NULL, 9, 11, 2, 13, NULL, '2020-10-22 06:01:54'),
	(545, 'i\'ve done it', 'я сдлал это (не давно)', NULL, NULL, 0, NULL, 10, 10, 0, 10, NULL, '2020-10-24 08:04:14'),
	(546, 'classmate', 'одноклассник', NULL, NULL, 0, NULL, 10, 10, 0, 10, NULL, '2020-10-23 12:39:57'),
	(547, 'yet', 'еще ', NULL, NULL, 0, NULL, 9, 11, 2, 13, NULL, '2020-10-20 05:39:42'),
	(548, 'ever', 'кода либо', NULL, NULL, 0, NULL, 9, 12, 3, 15, NULL, '2020-11-06 07:02:24'),
	(549, 'many times', 'много раз', NULL, NULL, 0, NULL, 9, 10, 1, 11, NULL, '2020-10-23 06:06:58'),
	(550, 'since [синс]', 'с / с тех пор как', NULL, NULL, 0, NULL, 9, 9, 0, 9, NULL, '2020-10-12 06:08:40'),
	(551, 'since [синс] childhood', 'с детства', NULL, NULL, 0, NULL, 9, 9, 0, 9, NULL, '2020-10-12 06:09:25'),
	(552, 'to be able to ..', 'моч / уметь / иметь возможность', NULL, NULL, 0, NULL, 12, 13, 1, 14, NULL, '2020-10-24 08:10:12'),
	(553, 'thought [существ]', 'мысль', NULL, NULL, 0, NULL, 9, 9, 0, 9, NULL, '2020-10-13 05:46:45'),
	(554, 'express [verb]', 'выражать / высказываться', NULL, NULL, 0, NULL, 9, 10, 1, 11, NULL, '2020-10-22 05:33:40'),
	(555, 'for about ten years', 'около 10 лет', NULL, NULL, 0, NULL, 10, 10, 0, 10, NULL, '2020-10-23 12:35:37'),
	(556, 'for about 3 days ago', 'около 3 дней назад', NULL, NULL, 0, NULL, 9, 10, 1, 11, NULL, '2020-10-21 12:32:28'),
	(557, 'since last year', 'с прошлого года', NULL, NULL, 0, NULL, 9, 12, 3, 15, NULL, '2020-10-28 09:11:45'),
	(558, 'point / point at', 'указывать / указать на', NULL, NULL, 0, NULL, 9, 12, 3, 15, NULL, '2020-10-29 06:51:47'),
	(559, 'Have you already (done somthing) ?', 'Ты уже (сделал что либо) ?', NULL, NULL, 0, NULL, 9, 15, 6, 21, NULL, '2020-11-02 08:46:19'),
	(560, 'for a very long time', 'очень давно', NULL, NULL, 0, NULL, 9, 14, 5, 19, NULL, '2020-11-02 06:57:38'),
	(561, 'forgive - forgave - forgiven', 'прощать', NULL, NULL, 1, NULL, 9, 11, 2, 13, NULL, '2020-10-24 08:10:19'),
	(562, 'complain about', 'жаловаться на', NULL, NULL, 0, NULL, 9, 15, 6, 21, NULL, '2020-10-21 12:20:17'),
	(563, 'reduce ', 'сокращать / уменьшить', NULL, NULL, 0, NULL, 9, 10, 1, 11, NULL, '2020-10-22 06:06:27'),
	(564, 'reduce the costs', 'сокращать затраты', NULL, NULL, 0, NULL, 9, 16, 7, 23, NULL, '2020-11-09 07:02:01'),
	(565, 'look forward to [doing] ', 'ждать с нетерпением', NULL, NULL, 0, NULL, 9, 15, 6, 21, NULL, '2020-10-29 08:39:13'),
	(566, 'half an hour', 'пол часа', NULL, NULL, 0, NULL, 9, 9, 0, 9, NULL, '2020-10-12 05:51:16'),
	(567, 'Naughty', 'не послушный', NULL, NULL, 0, NULL, 9, 18, 9, 27, NULL, '2020-11-23 07:10:49'),
	(568, 'pretty', 'хорошенькая', NULL, NULL, 0, NULL, 9, 9, 0, 9, NULL, '2020-10-14 12:31:43'),
	(569, 'as', 'как (наречие, не вопрос)', NULL, NULL, 0, NULL, 9, 10, 1, 11, NULL, '2020-10-21 05:08:52'),
	(570, 'as soon as I saw him', 'как только я увидел его', NULL, NULL, 0, NULL, 9, 12, 3, 15, NULL, '2020-10-28 06:54:57'),
	(571, 'What\'s the matter?', 'Что случилось? (не happened)', NULL, NULL, 0, NULL, 9, 20, 11, 31, NULL, '2020-10-21 05:29:03'),
	(572, 'reply', 'отвечать (формально)', NULL, NULL, 0, NULL, 10, 12, 2, 14, NULL, '2020-10-23 05:58:41'),
	(573, 'supplier', 'поставщик', NULL, NULL, 0, NULL, 10, 10, 0, 10, NULL, '2020-10-24 08:10:21'),
	(574, 'supply', 'поставка', NULL, NULL, 0, NULL, 9, 9, 0, 9, NULL, '2020-10-13 05:43:15'),
	(575, 'mention (verb)', 'упоминать', NULL, NULL, 0, NULL, 9, 13, 4, 17, NULL, '2020-10-28 06:54:10'),
	(576, 'obesity', 'ожирение', NULL, NULL, 0, NULL, 9, 10, 1, 11, NULL, '2020-10-21 12:30:13'),
	(578, 'How do you know?', 'откуда ты знаешь?', NULL, NULL, 0, NULL, 9, 17, 7, 24, NULL, '2020-10-12 05:45:29'),
	(579, 'dreadful', 'ужасный', NULL, NULL, 0, NULL, 9, 11, 2, 13, NULL, '2020-10-30 06:51:52'),
	(580, 'count [verb] ', 'считать (мат)', NULL, NULL, 0, NULL, 9, 9, 0, 9, NULL, '2020-10-16 06:45:08'),
	(581, 'count on', 'расчитывать на кого то', NULL, NULL, 0, NULL, 9, 10, 1, 11, NULL, '2020-10-26 06:41:04'),
	(582, 'kindness', 'доброта', NULL, NULL, 0, NULL, 9, 12, 3, 15, NULL, '2020-10-24 08:09:16'),
	(583, 'lend - lent - lent', 'одалживать (кому то)', NULL, NULL, 1, NULL, 9, 9, 0, 9, NULL, '2020-10-16 06:46:24'),
	(584, 'Despite the pain in his legs ...', 'Не смотря на боль в его ногах ...', NULL, NULL, 0, NULL, 9, 11, 2, 13, NULL, '2020-10-23 12:35:26'),
	(585, 'well-paid job', 'хорошо оплачиваемая работа', NULL, NULL, 0, NULL, 9, 9, 0, 9, NULL, '2020-10-16 07:02:32'),
	(586, 'painter', 'художник', NULL, NULL, 0, NULL, 9, 9, 0, 9, NULL, '2020-10-16 06:43:58'),
	(587, 'narrow', 'узкий', NULL, NULL, 0, NULL, 9, 9, 0, 9, NULL, '2020-10-16 06:44:55'),
	(588, 'pale', 'бледный', NULL, NULL, 0, NULL, 9, 12, 3, 15, NULL, '2020-10-23 05:53:33'),
	(589, 'waist', 'талия', NULL, NULL, 0, NULL, 9, 12, 3, 15, NULL, '2020-11-04 06:38:49'),
	(590, 'crowd', 'толпа', NULL, NULL, 0, NULL, 9, 11, 2, 13, NULL, '2020-11-02 06:55:30'),
	(591, 'stay [verb] ', 'находиться [глаг]', NULL, NULL, 0, NULL, 9, 12, 3, 15, NULL, '2020-10-29 07:06:31'),
	(592, 'to be exhausted [эксостид]', 'быть истощенным', NULL, NULL, 0, NULL, 9, 10, 1, 11, NULL, '2020-10-23 05:53:55'),
	(593, 'absolutely exhausted [эксостид]', 'совершенно истощен', NULL, NULL, 0, NULL, 9, 9, 0, 9, NULL, '2020-10-16 07:02:10'),
	(594, 'work as a sales manager', 'работать менеджером по продажам', NULL, NULL, 0, NULL, 9, 9, 0, 9, NULL, '2020-10-16 07:03:15'),
	(595, 'For half a year', 'Пол года.', NULL, NULL, 0, NULL, 9, 9, 0, 9, NULL, '2020-10-16 07:09:34'),
	(596, 'By the time ...', 'к тому времени как ...', NULL, NULL, 0, NULL, 9, 14, 5, 19, NULL, '2020-11-04 06:48:10'),
	(597, 'How long ... ?', 'Как давно ... ?', NULL, NULL, 0, NULL, 9, 10, 1, 11, NULL, '2020-10-29 07:01:40'),
	(598, 'take off [verb]', 'Взлететь', NULL, NULL, 0, NULL, 9, 10, 1, 11, NULL, '2020-10-28 06:33:55'),
	(599, 'to be disappointed', 'быть разочарованым', NULL, NULL, 0, NULL, 9, 11, 2, 13, NULL, '2020-10-28 06:48:13'),
	(600, 'fall ill', 'заболеть', NULL, NULL, 0, NULL, 9, 9, 0, 9, NULL, '2020-10-16 07:09:20'),
	(601, 'find out ', 'выяснить / обнаружить', NULL, NULL, 0, NULL, 1, 12, 5, 17, NULL, '2020-12-02 07:17:52'),
	(602, 'get to [verb]', 'добираться', NULL, NULL, 0, NULL, 9, 10, 1, 11, NULL, '2020-10-28 06:31:51'),
	(603, 'beggar', 'нищий', NULL, NULL, 0, NULL, 9, 10, 1, 11, NULL, '2020-10-26 06:58:07'),
	(604, 'mermaid', 'Русалка', NULL, NULL, 0, NULL, 9, 9, 0, 9, NULL, '2020-10-16 07:05:09'),
	(605, 'tail', 'хвост', NULL, NULL, 0, NULL, 9, 9, 0, 9, NULL, '2020-10-16 07:03:21'),
	(606, 'wing', 'крыло', NULL, NULL, 0, NULL, 9, 9, 0, 9, NULL, '2020-10-16 07:02:17'),
	(607, 'on a regular basis', 'на регулярной основе', NULL, NULL, 0, NULL, 9, 9, 0, 9, NULL, '2020-10-19 05:39:20'),
	(608, 'such a / such an [and Explain]', 'такой (не so) обяснить почему не "So"', NULL, NULL, 0, NULL, 9, 10, 1, 11, NULL, '2020-10-24 08:08:34'),
	(609, 'arrival', 'прибытие', NULL, NULL, 0, NULL, 9, 9, 0, 9, NULL, '2020-10-19 05:38:24'),
	(610, 'It\'s raining heavily.', 'идет сильный дождь.', NULL, NULL, 0, NULL, 9, 9, 0, 9, NULL, '2020-10-19 05:40:44'),
	(611, 'by the end of the week', 'к концу недели', NULL, NULL, 0, NULL, 9, 11, 2, 13, NULL, '2020-10-28 09:13:07'),
	(612, 'vocabulary', 'словарный запас', NULL, NULL, 0, NULL, 9, 9, 0, 9, NULL, '2020-10-19 05:40:38'),
	(613, 'significantly  / considerably', 'значительно / значительно', NULL, NULL, 0, NULL, 9, 13, 4, 17, NULL, '2020-10-26 06:47:59'),
	(614, 'above', 'выше', NULL, NULL, 0, NULL, 9, 12, 3, 15, NULL, '2020-10-28 06:57:32'),
	(615, 'hung', 'висеть', NULL, NULL, 0, NULL, 9, 14, 5, 19, NULL, '2020-10-29 08:43:56'),
	(616, 'drop of water', 'капля воды', NULL, NULL, 0, NULL, 9, 10, 1, 11, NULL, '2020-10-26 13:45:29'),
	(617, 'dry', 'сухой', NULL, NULL, 0, NULL, 9, 9, 0, 9, NULL, '2020-10-19 05:38:18'),
	(618, 'wet', 'мокрый', NULL, NULL, 0, NULL, 9, 9, 0, 9, NULL, '2020-10-19 05:39:37'),
	(619, 'sadness', 'печаль', NULL, NULL, 0, NULL, 9, 9, 0, 9, NULL, '2020-10-19 05:38:21'),
	(620, 'Under', 'под', NULL, NULL, 0, NULL, 9, 9, 0, 9, NULL, '2020-10-19 05:40:10'),
	(621, 'hut', 'хижина', NULL, NULL, 0, NULL, 9, 9, 0, 9, NULL, '2020-10-19 05:36:33'),
	(622, 'invitation', 'приглашение', NULL, NULL, 0, NULL, 9, 13, 4, 17, NULL, '2020-11-06 07:03:07'),
	(623, 'experienced', 'опытный', NULL, NULL, 0, NULL, 9, 9, 0, 9, NULL, '2020-10-19 05:51:26'),
	(624, 'employe [импои]', 'работник / сотрудник', NULL, NULL, 0, NULL, 9, 9, 0, 9, NULL, '2020-10-19 05:51:52'),
	(625, 'i\'ll be able ...', 'я смогу', NULL, NULL, 0, NULL, 9, 9, 0, 9, NULL, '2020-10-19 05:51:54'),
	(626, 'upset', 'расстроенный [настроение]', NULL, NULL, 0, NULL, 9, 9, 0, 9, NULL, '2020-10-19 05:42:44'),
	(627, 'There is a way.', 'есть способ', NULL, NULL, 0, NULL, 11, 14, 3, 17, NULL, '2020-10-22 05:33:33'),
	(628, 'fall asleep', 'заснуть', NULL, NULL, 0, NULL, 9, 10, 1, 11, NULL, '2020-10-21 12:28:43'),
	(629, 'thorn', 'шип', NULL, NULL, 0, NULL, 9, 9, 0, 9, NULL, '2020-10-19 05:48:20'),
	(630, 'exactly', 'точно', NULL, NULL, 0, NULL, 9, 10, 1, 11, NULL, '2020-10-28 07:00:10'),
	(631, 'mend / repeir', 'чинить / чинить', NULL, NULL, 0, NULL, 9, 16, 7, 23, NULL, '2020-11-16 06:36:04'),
	(632, 'instead of', 'вместо', NULL, NULL, 0, NULL, 11, 12, 1, 13, NULL, '2020-10-21 12:49:33'),
	(633, 'widow', 'вдова', NULL, NULL, 0, NULL, 9, 9, 0, 9, NULL, '2020-10-19 05:49:55'),
	(634, 'fever', 'лихорадка', NULL, NULL, 0, NULL, 9, 9, 0, 9, NULL, '2020-10-19 05:50:59'),
	(635, 'deth certificate', 'свидетельство о смерти', NULL, NULL, 0, NULL, 9, 9, 0, 9, NULL, '2020-10-19 05:51:20'),
	(636, 'insist on [doing]', 'настаивать на', NULL, NULL, 0, NULL, 9, 19, 10, 29, NULL, '2020-11-24 08:06:50'),
	(637, 'van', 'фургон', NULL, NULL, 0, NULL, 9, 9, 0, 9, NULL, '2020-10-19 05:43:28'),
	(638, 'fright', 'испуг', NULL, NULL, 0, NULL, 9, 16, 7, 23, NULL, '2020-11-18 09:22:11'),
	(639, 'marriage [меридж]', 'брак', NULL, NULL, 0, NULL, 9, 9, 0, 9, NULL, '2020-10-19 05:52:01'),
	(640, 'get rid of', 'избавляться от', NULL, NULL, 0, NULL, 10, 11, 1, 12, NULL, '2020-10-23 05:45:14'),
	(641, 'blackmail', 'шантаж', NULL, NULL, 0, NULL, 9, 9, 0, 9, NULL, '2020-10-19 05:50:39'),
	(642, 'maid', 'горничная', NULL, NULL, 0, NULL, 9, 12, 3, 15, NULL, '2020-10-29 08:37:34'),
	(643, 'For God\'s sake!', 'ради Бога!', NULL, NULL, 0, NULL, 9, 11, 2, 13, NULL, '2020-10-28 09:21:30'),
	(644, 'proud', 'гордый', NULL, NULL, 0, NULL, 9, 13, 4, 17, NULL, '2020-11-08 09:37:06'),
	(645, 'locket', 'медальон', NULL, NULL, 0, NULL, 9, 9, 0, 9, NULL, '2020-10-19 05:45:40'),
	(646, 'fairy', 'фея', NULL, NULL, 0, NULL, 9, 13, 4, 17, NULL, '2020-11-17 06:53:35'),
	(647, 'concrete', 'бетон', NULL, NULL, 0, NULL, 9, 10, 1, 11, NULL, '2020-10-30 06:58:03'),
	(648, 'in a jiffy', 'очень скоро', NULL, NULL, 0, NULL, 9, 12, 3, 15, NULL, '2020-11-04 06:38:41'),
	(649, 'digger', 'экскаватор', NULL, NULL, 0, NULL, 9, 9, 0, 9, NULL, '2020-10-19 05:42:36'),
	(650, 'stuck', 'застрять', NULL, NULL, 0, NULL, 9, 9, 0, 9, NULL, '2020-10-19 06:03:12'),
	(651, 'not enough room', 'недостаточно места', NULL, NULL, 0, NULL, 9, 10, 1, 11, NULL, '2020-10-30 06:40:10'),
	(652, 'yucky', 'противный', NULL, NULL, 0, NULL, 9, 11, 2, 13, NULL, '2020-11-02 06:31:45'),
	(653, 'shy', 'застенчивый', NULL, NULL, 0, NULL, 9, 13, 4, 17, NULL, '2020-11-02 08:45:56'),
	(654, 'hedgehog', 'еж', NULL, NULL, 0, NULL, 9, 10, 1, 11, NULL, '2020-10-28 09:22:57'),
	(655, 'think over', 'подумать / обдумать', NULL, NULL, 0, NULL, 9, 13, 4, 17, NULL, '2020-11-09 07:04:49'),
	(656, 'underpants [ˈəndərˌpan(t)s]', 'трусы', NULL, NULL, 0, NULL, 9, 10, 1, 11, NULL, '2020-10-29 08:46:56'),
	(657, 'pan', 'сковорода / кастрюля', NULL, NULL, 0, NULL, 9, 11, 2, 13, NULL, '2020-10-29 08:39:39'),
	(658, 'mug', 'кружка', NULL, NULL, 0, NULL, 9, 9, 0, 9, NULL, '2020-10-19 06:00:01'),
	(659, 'for a while', 'на какое то время', NULL, NULL, 0, NULL, 9, 11, 2, 13, NULL, '2020-10-30 06:58:23'),
	(660, 'hurry', 'торопиться', NULL, NULL, 0, NULL, 9, 10, 1, 11, NULL, '2020-10-29 07:07:56'),
	(661, 'sick', 'больной', NULL, NULL, 0, NULL, 9, 9, 0, 9, NULL, '2020-10-19 06:00:07'),
	(662, 'case', 'случай', NULL, NULL, 0, NULL, 9, 9, 0, 9, NULL, '2020-10-19 05:56:52'),
	(663, 'option', 'вариант', NULL, NULL, 0, NULL, 9, 9, 0, 9, NULL, '2020-10-19 06:00:50'),
	(664, 'As always ...', 'Как всегда ....', NULL, NULL, 0, NULL, 10, 13, 1, 14, NULL, '2020-10-12 05:45:29'),
	(665, 'few / several', 'несколько / несколько', NULL, NULL, 0, NULL, 9, 10, 1, 11, NULL, '2020-10-29 08:43:50'),
	(666, 'beside', 'рядом (не near)', NULL, NULL, 0, NULL, 9, 10, 1, 11, NULL, '2020-10-29 06:58:48'),
	(667, 'quarrel', 'ссора', NULL, NULL, 0, NULL, 9, 10, 1, 11, NULL, '2020-10-28 09:23:32'),
	(668, 'questioning', 'допрос', NULL, NULL, 0, NULL, 9, 10, 1, 11, NULL, '2020-10-30 06:33:36'),
	(669, 'I am afraid that ...', 'Я боюсь что ...', NULL, NULL, 0, NULL, 9, 12, 3, 15, NULL, '2020-10-30 07:06:31'),
	(670, 'In no way', 'никоим образом', NULL, NULL, 0, NULL, 9, 11, 2, 13, NULL, '2020-11-02 06:45:31'),
	(671, '... don\'t you think ...?', '... ты не думаешь ... ?', NULL, NULL, 0, NULL, 9, 11, 2, 13, NULL, '2020-10-21 05:53:14'),
	(672, 'mud', 'грязь', NULL, NULL, 0, NULL, 9, 9, 0, 9, NULL, '2020-10-19 05:59:55'),
	(673, 'i\'ll be thinking it over', 'я буду обдумывать это', NULL, NULL, 0, NULL, 9, 13, 4, 17, NULL, '2020-11-03 06:34:44'),
	(674, 'bitterly disappointed', 'горько разочарован', NULL, NULL, 0, NULL, 9, 12, 3, 15, NULL, '2020-11-02 06:33:20'),
	(675, 'towards', 'в направлении', NULL, NULL, 0, NULL, 9, 13, 4, 17, NULL, '2020-11-05 06:38:21'),
	(676, 'award [эворд]', 'награда / награждать', NULL, NULL, 0, NULL, 9, 9, 0, 9, NULL, '2020-10-19 12:35:15'),
	(677, 'properly', 'должным образом', NULL, NULL, 0, NULL, 9, 10, 1, 11, NULL, '2020-10-30 06:35:55'),
	(678, 'It\'s said that ...', 'Говорят что ...', NULL, NULL, 0, NULL, 9, 16, 7, 23, NULL, '2020-11-18 12:23:18'),
	(679, 'It was said that ...', 'Говорили что ....', NULL, NULL, 0, NULL, 9, 10, 1, 11, NULL, '2020-10-30 06:35:53'),
	(680, 'found [reg verb]', 'основывать', NULL, NULL, 0, NULL, 11, 13, 2, 15, NULL, '2020-10-23 05:48:19'),
	(681, 'all over the world', 'по всему миру', NULL, NULL, 0, NULL, 9, 9, 0, 9, NULL, '2020-10-19 12:47:02'),
	(682, 'take a photo', 'сделать фото', NULL, NULL, 0, NULL, 9, 9, 0, 9, NULL, '2020-10-19 12:46:56'),
	(683, 'deceive', 'обманывать', NULL, NULL, 0, NULL, 9, 12, 3, 15, NULL, '2020-11-04 07:04:19'),
	(684, 'deception', 'обман', NULL, NULL, 0, NULL, 9, 19, 10, 29, NULL, '2020-11-09 06:41:18'),
	(685, 'skyscraper', 'небоскреб', NULL, NULL, 0, NULL, 9, 10, 1, 11, NULL, '2020-10-30 06:46:13'),
	(686, 'envelope', 'конверт', NULL, NULL, 0, NULL, 9, 10, 1, 11, NULL, '2020-10-26 14:03:42'),
	(687, 'swings', 'качели', NULL, NULL, 0, NULL, 9, 10, 1, 11, NULL, '2020-10-30 06:38:17'),
	(688, 'wallaby', 'кенгуру', NULL, NULL, 0, NULL, 9, 10, 1, 11, NULL, '2020-10-30 07:07:44'),
	(689, 'i\'ve had ...', 'у меня было ...', NULL, NULL, 0, NULL, 9, 10, 1, 11, NULL, '2020-10-30 06:38:15'),
	(690, 'it turns out ...', 'оказывается ...', NULL, NULL, 0, NULL, 9, 24, 15, 39, NULL, '2020-11-17 07:20:53'),
	(691, 'weird / odd', 'странно', NULL, NULL, 0, NULL, 9, 27, 18, 45, NULL, '2020-11-27 06:56:01'),
	(692, 'intestine [inˈtestən]', 'кишечник', 7, NULL, 0, NULL, 9, 23, 14, 37, NULL, '2020-11-17 07:19:36'),
	(693, 'decaf', 'без кофеина', NULL, NULL, 0, NULL, 9, 11, 2, 13, NULL, '2020-10-28 07:00:16'),
	(694, 'Thursday [THərzdā]', 'Четверг', NULL, NULL, 0, NULL, 9, 11, 2, 13, NULL, '2020-11-03 06:48:17'),
	(695, 'чайник', 'teapot', NULL, NULL, 0, NULL, 9, 9, 0, 9, NULL, '2020-10-19 12:49:08'),
	(696, 'Wednesday', 'среда', NULL, NULL, 0, NULL, 9, 9, 0, 9, NULL, '2020-10-19 11:55:00'),
	(697, 'shout [щаут]', 'кричать', NULL, NULL, 0, NULL, 11, 11, 0, 11, NULL, '2020-10-26 06:56:42'),
	(698, 'rob [verse]', 'грабить', NULL, NULL, 0, NULL, 9, 9, 0, 9, NULL, '2020-10-21 05:33:40'),
	(699, 'robbery', 'ограбление', NULL, NULL, 0, NULL, 9, 9, 0, 9, NULL, '2020-10-21 05:29:51'),
	(700, 'take into considiration', 'принимать во внимание', NULL, NULL, 0, NULL, 9, 15, 6, 21, NULL, '2020-11-12 06:47:57'),
	(701, 'Nothing was done', 'ничего не было сделано', NULL, NULL, 0, NULL, 9, 11, 2, 13, NULL, '2020-11-02 08:52:06'),
	(702, 'nothing was corrected', 'ничего не было исправлено', NULL, NULL, 0, NULL, 9, 11, 2, 13, NULL, '2020-11-06 12:30:47'),
	(703, 'forbid', 'запрет', NULL, NULL, 0, NULL, 9, 9, 0, 9, NULL, '2020-10-21 05:32:28'),
	(704, 'prohibit', 'запрещать (formal)', NULL, NULL, 0, NULL, 9, 13, 4, 17, NULL, '2020-11-03 07:13:58'),
	(705, 'cure', 'лечить', NULL, NULL, 0, NULL, 9, 9, 0, 9, NULL, '2020-10-21 05:03:42'),
	(706, 'cure of', 'излечить от', NULL, NULL, 0, NULL, 9, 11, 2, 13, NULL, '2020-10-20 05:47:21'),
	(707, 'illness / disease', 'болезнь / болезнь ', NULL, NULL, 0, NULL, 9, 12, 1, 13, NULL, '2020-10-12 05:45:29'),
	(708, 'underestimate / overestimate', 'недооценивать / переоценивать', NULL, NULL, 0, NULL, 9, 10, 1, 11, NULL, '2020-10-30 07:07:29'),
	(709, 'ability', 'способность', NULL, NULL, 0, NULL, 14, 15, 1, 16, NULL, '2020-10-21 05:33:26'),
	(710, 'donate to charity', 'пожертвовать на благотварительность', NULL, NULL, 0, NULL, 9, 12, 3, 15, NULL, '2020-11-02 08:52:12'),
	(711, 'unexpectedly', 'не ожиданно', NULL, NULL, 0, NULL, 9, 13, 4, 17, NULL, '2020-11-10 07:32:11'),
	(712, 'punish', 'наказывать', NULL, NULL, 0, NULL, 9, 15, 6, 21, NULL, '2020-11-06 06:55:31'),
	(713, 'fair', 'справедливый', NULL, NULL, 0, NULL, 9, 19, 10, 29, NULL, '2020-11-09 07:13:01'),
	(714, 'fairly', 'справедливо', NULL, NULL, 0, NULL, 9, 19, 10, 29, NULL, '2020-11-17 06:42:08'),
	(715, 'unfairly', 'несправедливо', NULL, NULL, 0, NULL, 9, 12, 3, 15, NULL, '2020-10-23 12:34:46'),
	(716, 'No one ... / Nobody ...', 'ни кто ... / никого ...', NULL, NULL, 0, NULL, 9, 9, 0, 9, NULL, '2020-10-21 05:12:15'),
	(717, 'rebuild - rebuilt - rebuilt', 'востанавливать', NULL, NULL, 1, NULL, 9, 12, 3, 15, NULL, '2020-11-04 07:08:17'),
	(718, 'cathedrel', 'собор', NULL, NULL, 0, NULL, 9, 9, 0, 9, NULL, '2020-10-21 05:29:18'),
	(719, 'century', 'век', NULL, NULL, 0, NULL, 9, 9, 0, 9, NULL, '2020-10-21 05:15:24'),
	(720, 'although [олзоу] / albeit ', 'хотя', NULL, NULL, 0, NULL, 9, 21, 12, 33, NULL, '2020-11-24 07:38:11'),
	(721, 'exhibition', 'выставка', NULL, NULL, 0, NULL, 9, 10, 1, 11, NULL, '2020-10-30 06:32:22'),
	(722, 'for this reason', 'по этой причине', NULL, NULL, 0, NULL, 9, 10, 1, 11, NULL, '2020-10-30 06:35:40'),
	(723, 'equal', 'равный', NULL, NULL, 0, NULL, 9, 9, 0, 9, NULL, '2020-10-21 05:04:39'),
	(724, 'split - split - split', 'разделять / разбивать', NULL, NULL, 1, NULL, 9, 9, 0, 9, NULL, '2020-10-21 05:12:06'),
	(725, 'value [verb] ', 'ценить', NULL, NULL, 0, NULL, 9, 9, 0, 9, NULL, '2020-10-21 05:10:14'),
	(726, 'fire / dismis', 'увольнять / увольнять', NULL, NULL, 0, NULL, 9, 13, 4, 17, NULL, '2020-11-09 06:40:28'),
	(727, 'to be forced to do something', 'быть вынудженым что то сделать', NULL, NULL, 0, NULL, 14, 15, 1, 16, NULL, '2020-10-21 06:03:55'),
	(728, 'because of', 'из за / вследствие', NULL, NULL, 0, NULL, 11, 14, 2, 16, NULL, '2020-10-12 05:45:29'),
	(729, 'некоторых из ....', 'some of ...', NULL, NULL, 0, NULL, 9, 12, 2, 14, NULL, '2020-10-12 05:45:29'),
	(730, 'miracle', 'чудо', NULL, NULL, 0, NULL, 9, 9, 0, 9, NULL, '2020-10-21 05:29:08'),
	(731, 'inside-out', 'наизнанку', NULL, NULL, 0, NULL, 9, 10, 1, 11, NULL, '2020-10-30 07:00:10'),
	(732, 'accuse ', 'обвинять', NULL, NULL, 0, NULL, 9, 13, 4, 17, NULL, '2020-11-04 06:51:20'),
	(733, 'guilt', 'вина', NULL, NULL, 0, NULL, 9, 14, 5, 19, NULL, '2020-11-17 06:46:10'),
	(734, 'deny [verb]', 'отрицать', NULL, NULL, 0, NULL, 9, 24, 15, 39, NULL, '2020-11-17 07:14:58'),
	(735, 'hire', 'нанимать', NULL, NULL, 0, NULL, 9, 9, 0, 9, NULL, '2020-10-21 05:09:31'),
	(736, 'threat', 'угроза', NULL, NULL, 0, NULL, 2, 21, 15, 36, NULL, '2020-12-02 07:17:52'),
	(737, 'threaten', 'угрожать', NULL, NULL, 0, NULL, 9, 28, 19, 47, NULL, '2020-12-02 06:57:23'),
	(738, 'restrict [verb] ', 'ограничивать (не limit)', NULL, NULL, 0, NULL, 9, 10, 1, 11, NULL, '2020-10-30 06:39:54'),
	(739, 'somewhere', 'где то', NULL, NULL, 0, NULL, 10, 10, 0, 10, NULL, '2020-10-21 05:32:48'),
	(740, 'As for me, ...', 'что касается меня, ...', NULL, NULL, 0, NULL, 9, 15, 6, 21, NULL, '2020-11-06 07:02:17'),
	(741, 'hit - hit - hit', 'ударить', NULL, NULL, 1, NULL, 9, 9, 0, 9, NULL, '2020-10-21 05:29:27'),
	(742, 'authorities [озоратиз]', 'власти (не goverment)', NULL, NULL, 0, NULL, 9, 10, 1, 11, NULL, '2020-10-30 07:05:15'),
	(743, 'ancient ', 'древний', NULL, NULL, 0, NULL, 9, 13, 4, 17, NULL, '2020-11-06 06:44:15'),
	(744, 'However', 'однако / тем не мение', NULL, NULL, 0, NULL, 2, 20, 16, 36, NULL, '2020-12-02 07:17:52'),
	(745, 'Fewer ', 'меньше (исчесляемое)', NULL, NULL, 0, NULL, 9, 14, 5, 19, NULL, '2020-11-23 07:05:30'),
	(746, 'attempt', 'попытка', NULL, NULL, 0, NULL, 9, 9, 0, 9, NULL, '2020-10-21 05:33:52'),
	(747, 'evolve', 'развиваться', NULL, NULL, 0, NULL, 9, 9, 0, 9, NULL, '2020-10-19 06:00:45'),
	(748, 'let me know ...', 'дай мне знать ....', NULL, NULL, 0, NULL, 9, 9, 0, 9, NULL, '2020-10-21 12:20:25'),
	(749, 'take a chance', 'воспользоваться шансом', NULL, NULL, 0, NULL, 9, 11, 2, 13, NULL, '2020-11-05 07:15:43'),
	(750, 'to be late for', 'опаздать на', NULL, NULL, 0, NULL, 4, 22, 14, 36, NULL, '2020-12-02 07:17:52'),
	(751, 'hard enough', 'достаточно усердно', NULL, NULL, 0, NULL, 9, 14, 5, 19, NULL, '2020-11-20 12:48:48'),
	(752, 'get in trouble', 'попасть в беду', NULL, NULL, 0, NULL, 9, 14, 5, 19, NULL, '2020-11-06 12:30:15'),
	(753, 'punishment', 'наказание', NULL, NULL, 0, NULL, 9, 9, 0, 9, NULL, '2020-10-21 12:28:45'),
	(754, 'undertaker', 'гробоыщик / предпрениматель', NULL, NULL, 0, NULL, 9, 9, 0, 9, NULL, '2020-10-21 12:34:26'),
	(755, 'accountant', 'бухгалтер', NULL, NULL, 0, NULL, 9, 9, 0, 9, NULL, '2020-10-21 05:51:43'),
	(756, 'keen on', 'увлекаться', NULL, NULL, 0, NULL, 9, 10, 1, 11, NULL, '2020-10-30 07:04:43'),
	(757, 'fond of ', 'обажать (не enjoy)', NULL, NULL, 0, NULL, 9, 13, 4, 17, NULL, '2020-11-09 07:02:15'),
	(758, 'attitude to work [атитьюд] ', 'отношение к работе', NULL, NULL, 0, NULL, 9, 12, 3, 15, NULL, '2020-11-08 09:31:51'),
	(759, 'to be aware of ...', 'осведомлен о ...', NULL, NULL, 0, NULL, 9, 10, 1, 11, NULL, '2020-10-30 06:58:12'),
	(760, 'similar to ...', 'схожий с ...', NULL, NULL, 0, NULL, 9, 22, 13, 35, NULL, '2020-11-17 07:23:51'),
	(761, 'remark', 'замечание', NULL, NULL, 0, NULL, 9, 12, 3, 15, NULL, '2020-11-10 06:58:52'),
	(762, 'i\'m proud of', 'я горжусь (чем то) [прил]', NULL, NULL, 0, NULL, 9, 11, 2, 13, NULL, '2020-11-09 07:12:46'),
	(763, 'outstanding achivment', 'выдающееся достижение ', NULL, NULL, 0, NULL, 9, 12, 3, 15, NULL, '2020-11-08 09:32:08'),
	(764, 'jealous of', 'ревновать (кого то) [прил]', NULL, NULL, 0, NULL, 9, 12, 3, 15, NULL, '2020-11-10 06:30:43'),
	(765, 'famous for', 'знаменит (чем то)', NULL, NULL, 0, NULL, 9, 13, 4, 17, NULL, '2020-11-18 09:17:08'),
	(766, 'to be crazy about / to be mad about', 'сходить с ума (по чему то) ', NULL, NULL, 0, NULL, 9, 12, 3, 15, NULL, '2020-11-18 12:15:19'),
	(767, 'rescue [рескю] ', 'спасение', NULL, NULL, 0, NULL, 9, 16, 7, 23, NULL, '2020-11-24 08:39:46'),
	(768, 'drown [verb]', 'утонуть / тонуть', NULL, NULL, 0, NULL, 9, 18, 9, 27, NULL, '2020-11-20 12:21:07'),
	(769, 'current [noun]', 'поток / ток', NULL, NULL, 0, NULL, 9, 9, 0, 9, NULL, '2020-10-22 06:02:48'),
	(770, 'Within', 'в пределах / в течение (не During)', NULL, NULL, 0, NULL, 9, 11, 2, 13, NULL, '2020-11-06 12:34:30'),
	(771, 'sunbathers ', 'загорающие', NULL, NULL, 0, NULL, 9, 10, 1, 11, NULL, '2020-10-30 06:49:39'),
	(772, 'we\'ve had enough!', 'с нас уже хватит!', NULL, NULL, 0, NULL, 9, 11, 2, 13, NULL, '2020-11-08 10:13:54'),
	(773, 'headache [хедэйк]', 'головная боль', NULL, NULL, 0, NULL, 9, 10, 1, 11, NULL, '2020-10-30 07:03:10'),
	(774, 'stomachache [стомкэйк]', 'боль живота', NULL, NULL, 0, NULL, 9, 13, 4, 17, NULL, '2020-11-10 06:44:16'),
	(775, 'choir [кваер]', 'хор', NULL, NULL, 0, NULL, 9, 12, 3, 15, NULL, '2020-11-08 10:13:57'),
	(776, 'cought [коф]', 'кашлять / кашель', NULL, NULL, 0, NULL, 9, 11, 2, 13, NULL, '2020-11-06 06:53:41'),
	(777, 'queue [кю]', 'очередь [произношение] ', NULL, NULL, 0, NULL, 9, 9, 0, 9, NULL, '2020-10-22 05:36:13'),
	(778, 'scissors [сиззорс]', 'ножницы', NULL, NULL, 0, NULL, 9, 13, 4, 17, NULL, '2020-11-14 08:54:08'),
	(779, 'approach', 'подход', NULL, NULL, 0, NULL, 9, 14, 5, 19, NULL, '2020-11-23 07:10:47'),
	(780, 'numerous', 'многочисленными', NULL, NULL, 0, NULL, 9, 9, 0, 9, NULL, '2020-10-22 05:36:05'),
	(781, 'to be different from ...', 'отличный от ... [прил]', NULL, NULL, 0, NULL, 9, 13, 4, 17, NULL, '2020-11-18 12:03:21'),
	(782, 'учиться на ошибках', 'learn from mistakes', NULL, NULL, 0, NULL, 9, 11, 2, 13, NULL, '2020-11-06 06:57:17'),
	(783, 'реакция на ...', 'reaction to ..', NULL, NULL, 0, NULL, 9, 9, 0, 9, NULL, '2020-10-22 05:47:23'),
	(784, 'i\'m shoked (by / at) something.', 'я шокирован чем то', NULL, NULL, 0, NULL, 9, 9, 0, 9, NULL, '2020-10-22 06:02:36'),
	(785, 'he\'s warried about .....', 'он взволнован по поводу ....', NULL, NULL, 0, NULL, 9, 14, 5, 19, NULL, '2020-11-18 12:10:33'),
	(786, 'to be used to [doing] / to be accustomed to  [doing]', 'привыкнуть к чему то / привыкнуть к чему то.', NULL, NULL, 0, NULL, 9, 13, 4, 17, NULL, '2020-11-17 07:08:53'),
	(787, 'It took me some time, to ...', 'У меня заняло некоторое время, что бы ...', NULL, NULL, 0, NULL, 9, 12, 3, 15, NULL, '2020-11-19 07:03:10'),
	(788, 'drow - drew - drawn', 'рисовать', NULL, NULL, 1, NULL, 9, 12, 3, 15, NULL, '2020-11-17 06:43:26'),
	(789, 'burglars', 'грабители', NULL, NULL, 0, NULL, 9, 12, 3, 15, NULL, '2020-11-10 06:44:28'),
	(790, 'generosity', 'щедрость', NULL, NULL, 0, NULL, 9, 11, 2, 13, NULL, '2020-11-09 06:42:06'),
	(791, 'compassion', 'сострадание', NULL, NULL, 0, NULL, 9, 17, 8, 25, NULL, '2020-11-18 12:30:12'),
	(792, 'are closely  connected', 'тесно связаны', NULL, NULL, 0, NULL, 9, 10, 1, 11, NULL, '2020-10-30 06:57:55'),
	(793, 'I tend to think', 'я склонен думать', NULL, NULL, 0, NULL, 9, 9, 0, 9, NULL, '2020-10-26 13:51:22'),
	(794, 'unemployment', 'безработица', NULL, NULL, 0, NULL, 9, 9, 0, 9, NULL, '2020-10-27 06:55:21'),
	(795, 'to be addicted to [doing]', 'зависим от (табака)', NULL, NULL, 0, NULL, 9, 10, 1, 11, NULL, '2020-11-02 06:33:41'),
	(796, 'to be suspicious of [саспишез]', 'подозритеотно относиться', NULL, NULL, 0, NULL, 9, 9, 0, 9, NULL, '2020-10-26 14:05:17'),
	(797, 'to be satisfied with', 'удовлетворен (чем то)', NULL, NULL, 0, NULL, 9, 9, 0, 9, NULL, '2020-10-26 07:05:02'),
	(798, 'to be impressed by / with', 'впечатлен (чем то)', NULL, NULL, 0, NULL, 9, 14, 5, 19, NULL, '2020-11-24 08:09:31'),
	(799, 'to be glad (about / for)', 'рад (о чем то) / (о ком то)', NULL, NULL, 0, NULL, 9, 14, 5, 19, NULL, '2020-11-20 13:12:50'),
	(800, 'to be amazed by / at', 'поражен чем то', NULL, NULL, 0, NULL, 9, 12, 3, 15, NULL, '2020-11-17 07:17:54'),
	(801, 'grateful to ... for ...', 'благодарен комуто за что то', NULL, NULL, 0, NULL, 9, 16, 7, 23, NULL, '2020-11-17 07:18:56'),
	(802, 'стыдиться чего то', 'to be ashamed of', NULL, NULL, 0, NULL, 9, 10, 1, 11, NULL, '2020-10-30 06:39:39'),
	(803, 'to be angry about / with', 'быть рассерженым на (что то) / (кого то)', NULL, NULL, 0, NULL, 9, 18, 9, 27, NULL, '2020-11-30 09:03:53'),
	(804, 'to be optymistic about', 'быть оптимистичным (по поводу) ', NULL, NULL, 0, NULL, 9, 9, 0, 9, NULL, '2020-10-26 13:47:51'),
	(805, 'to be capable of [doing]', 'быть способным что то сделать', NULL, NULL, 0, NULL, 9, 26, 17, 43, NULL, '2020-12-02 06:37:11'),
	(806, 'to be crowded with', 'быть переполненным чем то..', NULL, NULL, 0, NULL, 9, 13, 4, 17, NULL, '2020-11-18 12:11:22'),
	(807, 'to be allergic to', 'аллергия на', NULL, NULL, 0, NULL, 9, 11, 2, 13, NULL, '2020-11-09 07:10:52'),
	(808, 'to be familiar with / to', 'знаком с (кем то чем то ) / что то знакомо мне', NULL, NULL, 0, NULL, 9, 10, 1, 11, NULL, '2020-11-02 06:42:11'),
	(809, 'to be exeited about', 'быть в восторге от', NULL, NULL, 0, NULL, 9, 12, 3, 15, NULL, '2020-11-17 07:18:37'),
	(810, 'to be fitend of / to be scared of', 'бояться чего то / бояться чего то', NULL, NULL, 0, NULL, 9, 13, 4, 17, NULL, '2020-11-17 06:45:14'),
	(811, 'to be guilty of', 'быть виновным в', NULL, NULL, 0, NULL, 9, 14, 5, 19, NULL, '2020-11-23 07:00:13'),
	(812, 'approve of ..', 'одобрять что то', NULL, NULL, 0, NULL, 9, 18, 9, 27, NULL, '2020-11-23 06:39:04'),
	(813, 'I had to', 'я должен был', NULL, NULL, 0, NULL, 9, 15, 6, 21, NULL, '2020-11-30 08:34:27'),
	(814, 'studies', 'учеба', NULL, NULL, 0, NULL, 9, 9, 0, 9, NULL, '2020-10-28 06:33:38'),
	(815, 'leave for', 'уехать куда то [не go to]...', NULL, NULL, 0, NULL, 9, 10, 1, 11, NULL, '2020-10-30 06:53:21'),
	(816, 'going on holiday', 'пойти в отпуск', NULL, NULL, 0, NULL, 9, 22, 13, 35, NULL, '2020-11-30 07:06:13'),
	(817, 'succeed in doing something / manage to do something', 'удасться сделать что то / удасться сделать что то', NULL, NULL, 0, NULL, 9, 14, 5, 19, NULL, '2020-11-20 12:33:51'),
	(818, 'throw to / throw at', 'бросить комуто (передать) / бросить в кого то', NULL, NULL, 0, NULL, 9, 11, 2, 13, NULL, '2020-11-08 09:30:15'),
	(819, 'pray (to / for)', 'молиться (кому то / за кого то) / молитва', NULL, NULL, 0, NULL, 9, 10, 1, 12, NULL, '2020-11-06 12:44:11'),
	(820, 'apologize to / for', 'извениться (перед кем то ) / (за что то)', NULL, NULL, 0, NULL, 2, 19, 11, 30, NULL, '2020-12-02 07:17:52'),
	(821, 'theft', 'кража', NULL, NULL, 0, NULL, 9, 14, 5, 19, NULL, '2020-11-20 12:42:08'),
	(822, 'devote to', 'уделять / посвящать', NULL, NULL, 0, NULL, 9, 10, 1, 11, NULL, '2020-10-30 07:08:52'),
	(823, 'suffer from', 'страдать от', NULL, NULL, 0, NULL, 9, 10, 1, 11, NULL, '2020-10-30 07:00:22'),
	(824, 'a good / bad treatment', 'хорошее / плохое обращение', NULL, NULL, 0, NULL, 9, 13, 4, 17, NULL, '2020-11-17 07:09:11'),
	(825, 'There is no need ..', 'нет никакой нужды', NULL, NULL, 0, NULL, 9, 16, 7, 23, NULL, '2020-11-24 07:55:32'),
	(826, 'rely on', 'положиться на', NULL, NULL, 0, NULL, 9, 10, 1, 11, NULL, '2020-10-30 06:35:37'),
	(827, 'let down', 'подводить', NULL, NULL, 0, NULL, 9, 9, 0, 9, NULL, '2020-10-29 06:49:43'),
	(828, 'отличаться от [глаг]', 'differ from [verb]', NULL, NULL, 0, NULL, 9, 14, 5, 19, NULL, '2020-11-17 07:17:58'),
	(829, 'warn about ', 'предупреждать о', NULL, NULL, 0, NULL, 9, 10, 1, 11, NULL, '2020-11-03 06:50:31'),
	(830, 'vote for', 'голосовать за', NULL, NULL, 0, NULL, 9, 11, 2, 13, NULL, '2020-11-09 07:04:33'),
	(831, 'coupe with', 'справиться с', NULL, NULL, 0, NULL, 3, 22, 15, 37, NULL, '2020-12-02 07:17:52'),
	(832, 'to do my best', 'сделать все возможное', NULL, NULL, 0, NULL, 9, 12, 3, 15, NULL, '2020-11-17 07:20:27'),
	(833, 'unnecessary', 'не нужный', NULL, NULL, 0, NULL, 9, 9, 0, 9, NULL, '2020-10-29 06:48:09'),
	(834, 'silly mistake', 'глупая ошибка', NULL, NULL, 0, NULL, 9, 9, 0, 9, NULL, '2020-10-29 06:51:53'),
	(835, 'matter of practice', 'дело практики', NULL, NULL, 0, NULL, 9, 12, 3, 15, NULL, '2020-11-17 06:33:24'),
	(836, 'a clear aim', 'четкая цель', NULL, NULL, 0, NULL, 9, 9, 0, 9, NULL, '2020-10-29 06:50:01'),
	(837, 'humiliating [хьюмилейтин]', 'унизительно', NULL, NULL, 0, NULL, 9, 14, 5, 19, NULL, '2020-11-19 07:03:39'),
	(838, 'hospitality', 'гостеприимство', NULL, NULL, 0, NULL, 9, 12, 3, 15, NULL, '2020-11-17 07:10:12'),
	(839, 'election', 'выборы', NULL, NULL, 0, NULL, 9, 11, 2, 13, NULL, '2020-11-09 07:14:15'),
	(840, 'miserable ', 'несчастный [! unheppy ]', NULL, NULL, 0, NULL, 9, 12, 3, 15, NULL, '2020-11-17 06:50:11'),
	(841, 'It’s a daylight robbery!', 'Грабеж среди бегого дня!', NULL, NULL, 0, NULL, 9, 14, 5, 19, NULL, '2020-11-17 07:10:57'),
	(842, 'Apply for a job …', 'устраиваться на работу', NULL, NULL, 0, NULL, 9, 10, 1, 11, NULL, '2020-10-30 07:06:05'),
	(843, 'condition', 'условие', NULL, NULL, 0, NULL, 9, 12, 3, 15, NULL, '2020-11-17 06:33:49'),
	(844, 'wave [verb]', 'махать', NULL, NULL, 0, NULL, 9, 9, 0, 9, NULL, '2020-10-29 08:39:07'),
	(845, 'dedicate to', 'плсветить (жизь / книгу)  кому то / чему то', NULL, NULL, 0, NULL, 9, 9, 0, 9, NULL, '2020-10-29 08:39:31'),
	(846, 'the needy', 'нуждающиеся', NULL, NULL, 0, NULL, 9, 10, 1, 11, NULL, '2020-11-02 06:50:52'),
	(847, 'congratulate on', 'поздравлять с', NULL, NULL, 0, NULL, 9, 13, 4, 17, NULL, '2020-11-17 07:17:11'),
	(848, 'влияние на', 'influence of / influence on', NULL, NULL, 0, NULL, 9, 10, 1, 12, NULL, '2020-11-05 06:26:29'),
	(849, 'solving to', 'решение проблемы', NULL, NULL, 0, NULL, 9, 12, 3, 15, NULL, '2020-11-17 06:48:47'),
	(850, 'ответ на', 'answer to', NULL, NULL, 0, NULL, 9, 12, 3, 15, NULL, '2020-11-17 06:48:59'),
	(851, 'enter a universety', 'поступать в универ', NULL, NULL, 0, NULL, 9, 10, 1, 11, NULL, '2020-10-30 06:31:01'),
	(852, 'earthquake', 'Землетресение', NULL, NULL, 0, NULL, 9, 10, 1, 11, NULL, '2020-11-02 06:55:45'),
	(853, 'intention', 'намерение', NULL, NULL, 0, NULL, 9, 15, 6, 21, NULL, '2020-11-24 08:43:51'),
	(854, 'She used to trevel more', 'она раньше много путешествовала', NULL, NULL, 0, NULL, 9, 9, 0, 9, NULL, '2020-11-02 06:49:45'),
	(855, 'whatever happens', 'что бы не случилось', NULL, NULL, 0, NULL, 9, 21, 12, 33, NULL, '2020-11-30 08:53:55'),
	(856, 'tray', 'поднос', NULL, NULL, 0, NULL, 9, 10, 1, 11, NULL, '2020-11-05 06:30:05'),
	(857, 'bow tie', 'галстук бабочка', NULL, NULL, 0, NULL, 9, 9, 0, 9, NULL, '2020-11-04 06:47:11'),
	(858, 'bowl', 'глубокая тарелки', NULL, NULL, 0, NULL, 9, 10, 1, 11, NULL, '2020-11-06 06:36:42'),
	(859, 'cabbage', 'капуста', NULL, NULL, 0, NULL, 9, 11, 2, 13, NULL, '2020-11-09 07:11:47'),
	(860, 'oyster', 'устрица', NULL, NULL, 0, NULL, 9, 14, 5, 19, NULL, '2020-11-23 06:47:12'),
	(861, 'eggplant / aubergine', 'баклажан / баклажан', NULL, NULL, 0, NULL, 9, 10, 1, 11, NULL, '2020-11-05 06:32:35'),
	(862, 'poured [verb / adjective]', 'налил / налитый', NULL, NULL, 0, NULL, 9, 15, 6, 21, NULL, '2020-11-20 13:14:18'),
	(863, 'main course', 'основное блюдо', NULL, NULL, 0, NULL, 9, 10, 1, 11, NULL, '2020-11-05 06:27:19'),
	(864, 'lamb', 'ягненок', NULL, NULL, 0, NULL, 9, 10, 1, 11, NULL, '2020-11-05 06:30:11'),
	(865, 'variety', 'разнообразие', NULL, NULL, 0, NULL, 9, 11, 2, 13, NULL, '2020-11-10 06:53:10'),
	(866, 'gopher', 'суслик', NULL, NULL, 0, NULL, 9, 9, 0, 9, NULL, '2020-11-04 06:46:04'),
	(867, 'least', 'наименее', NULL, NULL, 0, NULL, 9, 12, 3, 15, NULL, '2020-11-18 12:01:34'),
	(868, 'fried', 'жаренная', NULL, NULL, 0, NULL, 9, 9, 0, 9, NULL, '2020-11-04 07:07:41'),
	(869, 'shrimp', 'креветка', NULL, NULL, 0, NULL, 9, 12, 3, 15, NULL, '2020-11-17 06:44:31'),
	(870, 'mussel', 'мидия', NULL, NULL, 0, NULL, 9, 10, 1, 11, NULL, '2020-11-06 12:37:24'),
	(871, 'persimmon', 'хурма', NULL, NULL, 0, NULL, 9, 10, 1, 11, NULL, '2020-11-12 06:48:10'),
	(872, 'unless', 'если не / пока не', NULL, NULL, 0, NULL, 9, 13, 4, 17, NULL, '2020-11-30 07:13:31'),
	(873, 'except', 'за исключением / кроме', NULL, NULL, 0, NULL, 9, 11, 2, 13, NULL, '2020-11-18 14:38:05'),
	(874, 't junction', 'т образный перекресток', NULL, NULL, 0, NULL, 9, 13, 4, 17, NULL, '2020-11-24 07:45:03'),
	(875, 'get by', 'сводить концы с концами', NULL, NULL, 0, NULL, 3, 17, 9, 26, NULL, '2020-12-02 07:17:52'),
	(876, 'according', 'в соответствии', NULL, NULL, 0, NULL, 1, 15, 8, 23, NULL, '2020-12-02 07:17:52'),
	(877, 'nationwide', 'общенациональный', NULL, NULL, 0, NULL, 9, 10, 1, 11, NULL, '2020-11-20 12:40:16'),
	(878, 'survey', 'oбследование / опрос / обзор', NULL, NULL, 0, NULL, 1, 18, 11, 29, NULL, '2020-12-02 07:17:52'),
	(879, 'poultry', 'домашняя птица', NULL, NULL, 0, NULL, 9, 12, 3, 15, NULL, '2020-11-24 08:11:14'),
	(880, 'definitely [дефенетли]', 'определенно / несомненно', NULL, NULL, 0, NULL, 9, 13, 4, 17, NULL, '2020-11-25 06:47:23'),
	(881, 'concern for', 'беспокойство о', NULL, NULL, 0, NULL, 9, 20, 11, 31, NULL, '2020-11-30 06:43:45'),
	(882, 'transmission', 'передача инфекции', NULL, NULL, 0, NULL, 9, 11, 2, 13, NULL, '2020-11-20 13:14:21'),
	(883, 'ensure [verb]', 'обеспечить / гарантировать', NULL, NULL, 0, NULL, 9, 16, 7, 23, NULL, '2020-11-30 08:40:15'),
	(884, 'health care', 'здравоохранение', NULL, NULL, 0, NULL, 9, 10, 1, 11, NULL, '2020-11-25 07:01:09'),
	(885, 'Long-term', 'долгосрочный', NULL, NULL, 0, NULL, 9, 10, 1, 11, NULL, '2020-11-18 12:28:11'),
	(886, 'likely', 'скорее всего / вероятно', NULL, NULL, 0, NULL, 9, 13, 4, 17, NULL, '2020-11-23 06:36:29'),
	(887, 'amid', 'на фоне', NULL, NULL, 0, NULL, 9, 10, 1, 11, NULL, '2020-11-18 12:22:52'),
	(888, 'tensions with', 'напряженность c', NULL, NULL, 0, NULL, 9, 16, 7, 23, NULL, '2020-11-24 08:36:54'),
	(889, 'Conducted annually', 'Проводится ежегодно', NULL, NULL, 0, NULL, 9, 15, 6, 21, NULL, '2020-11-26 07:11:02'),
	(890, 'participation', 'участие', NULL, NULL, 0, NULL, 9, 18, 9, 27, NULL, '2020-11-26 07:22:18'),
	(891, 'so-called', 'так называемые', NULL, NULL, 0, NULL, 9, 13, 4, 17, NULL, '2020-11-23 07:11:33'),
	(893, 'carrier', 'перевозчик', NULL, NULL, 0, NULL, 9, 10, 1, 11, NULL, '2020-11-18 12:30:59'),
	(894, 'have to', 'должен (все времена) - не must', NULL, NULL, 0, NULL, 9, 10, 1, 11, NULL, '2020-11-24 07:34:30'),
	(895, 'honest', 'честный', NULL, NULL, 0, NULL, 9, 15, 6, 21, NULL, '2020-11-27 07:08:21'),
	(896, 'borrow', 'одолжить (у кого то)', NULL, NULL, 0, NULL, 9, 10, 1, 11, NULL, '2020-11-18 14:32:41'),
	(897, 'contains', 'содержит ', NULL, NULL, 0, NULL, 9, 18, 9, 27, NULL, '2020-12-01 12:08:30'),
	(898, 'furious', 'очень злой / яростный', NULL, NULL, 0, NULL, 9, 13, 4, 17, NULL, '2020-11-24 08:00:45'),
	(899, 'reelection', 'переизбрание', NULL, NULL, 0, NULL, 9, 10, 1, 11, NULL, '2020-11-23 06:43:03'),
	(900, 'ahead', 'впереди / предстоящий', NULL, NULL, 0, NULL, 9, 11, 2, 13, NULL, '2020-11-24 08:39:22'),
	(901, 'independent ', 'независимый', NULL, NULL, 0, NULL, 9, 11, 2, 13, NULL, '2020-11-25 06:58:51'),
	(902, 'frown', 'хмуриться', NULL, NULL, 0, NULL, 9, 16, 7, 23, NULL, '2020-12-02 06:33:47'),
	(903, 'hold out', 'протягивать', NULL, NULL, 0, NULL, 9, 16, 7, 23, NULL, '2020-11-30 08:42:34'),
	(904, 'annoy', 'раздражать', NULL, NULL, 0, NULL, 9, 9, 0, 9, NULL, '2020-11-19 07:06:41'),
	(905, 'confuse', 'смущать / спутывать', NULL, NULL, 0, NULL, 9, 16, 7, 23, NULL, '2020-12-01 12:20:14'),
	(906, 'nod', 'кивать головой', NULL, NULL, 0, NULL, 9, 14, 5, 19, NULL, '2020-11-24 07:41:50'),
	(907, 'lonely', 'одинокий / одиноко', NULL, NULL, 0, NULL, 9, 10, 1, 11, NULL, '2020-11-20 12:56:25'),
	(908, 'so far', 'до сих пор / пока', NULL, NULL, 0, NULL, 2, 24, 16, 40, NULL, '2020-12-02 07:17:52'),
	(909, 'for some time now', 'уже некоторое время', NULL, NULL, 0, NULL, 9, 23, 14, 37, NULL, '2020-12-01 06:43:57'),
	(910, 'a minute and a half', 'полторы минуты', NULL, NULL, 0, NULL, 9, 12, 3, 15, NULL, '2020-11-20 12:37:40'),
	(911, 'lately', 'в последнее время', NULL, NULL, 0, NULL, 9, 17, 8, 25, NULL, '2020-12-02 06:42:51'),
	(912, 'admit', 'признаться', NULL, NULL, 0, NULL, 9, 15, 6, 21, NULL, '2020-11-25 07:35:59'),
	(913, 'intermission', 'антракт', NULL, NULL, 0, NULL, 9, 10, 1, 11, NULL, '2020-11-20 12:47:30'),
	(914, 'No wonder', 'не удивительно', NULL, NULL, 0, NULL, 9, 12, 3, 15, NULL, '2020-11-23 07:01:58'),
	(915, 'feel full', 'чувствовать себя сытым', NULL, NULL, 0, NULL, 9, 9, 0, 9, NULL, '2020-11-20 13:16:15'),
	(916, 'curb', 'бордюр', NULL, NULL, 0, NULL, 9, 14, 5, 19, NULL, '2020-11-27 06:50:15'),
	(917, 'broom', 'метла', NULL, NULL, 0, NULL, 9, 15, 6, 21, NULL, '2020-11-27 06:47:07'),
	(918, 'aside', 'в стороне', NULL, NULL, 0, NULL, 9, 15, 6, 21, NULL, '2020-12-01 12:20:32'),
	(919, 'make up', 'выдумывать', NULL, NULL, 0, NULL, 9, 13, 4, 17, NULL, '2020-11-30 06:34:02'),
	(920, 'tug', 'буксир', NULL, NULL, 0, NULL, 9, 9, 0, 9, NULL, '2020-11-20 12:38:09'),
	(921, 'vessel / vessel', 'сосуд / судно', NULL, NULL, 0, NULL, 9, 9, 0, 9, NULL, '2020-11-23 06:37:03'),
	(922, 'along / along', 'вдоль / вместе', NULL, NULL, 0, NULL, 9, 9, 0, 9, NULL, '2020-11-20 13:13:57'),
	(923, 'shore', 'берег / береговой', NULL, NULL, 0, NULL, 9, 12, 3, 15, NULL, '2020-11-23 07:08:55'),
	(924, 'bulky', 'громоздкий / большой', NULL, NULL, 0, NULL, 9, 10, 1, 11, NULL, '2020-11-20 12:32:06'),
	(925, 'southernmost', 'самый южный', NULL, NULL, 0, NULL, 9, 13, 4, 17, NULL, '2020-11-24 07:50:41'),
	(926, 'definitive ...', 'окончательный ...', NULL, NULL, 0, NULL, 9, 20, 11, 31, NULL, '2020-11-30 08:35:13'),
	(927, 'definition of', 'определение (чего то)', NULL, NULL, 0, NULL, 9, 15, 6, 21, NULL, '2020-11-27 06:51:02'),
	(928, 'despair', 'отчаяние / отчаиваться', NULL, NULL, 0, NULL, 1, 23, 15, 38, NULL, '2020-12-02 07:17:52'),
	(929, 'countless', 'бесчисленный', NULL, NULL, 0, NULL, 9, 15, 6, 21, NULL, '2020-11-30 10:03:58'),
	(930, 'globe', 'земной шар / глобус', NULL, NULL, 0, NULL, 9, 10, 1, 11, NULL, '2020-11-20 12:48:54'),
	(931, 'degrees Celsius', 'градусов по цельсию', NULL, NULL, 0, NULL, 9, 10, 1, 11, NULL, '2020-11-24 08:03:28'),
	(932, 'calm down', 'успокоиться', NULL, NULL, 0, NULL, 9, 10, 1, 11, NULL, '2020-11-24 07:43:40'),
	(933, 'relief [релиф]', 'облегчение', NULL, NULL, 0, NULL, 9, 17, 8, 25, NULL, '2020-11-30 10:00:22'),
	(934, 'tug of war', 'перетягивание каната', NULL, NULL, 0, NULL, 9, 10, 1, 11, NULL, '2020-11-23 06:38:45'),
	(935, 'crutch', 'костыль / опора / поддержка', NULL, NULL, 0, NULL, 9, 13, 4, 17, NULL, '2020-11-30 07:10:07'),
	(936, 'ant', 'муравей', NULL, NULL, 0, NULL, 9, 9, 0, 9, NULL, '2020-11-20 12:42:28'),
	(937, 'crow', 'ворона', NULL, NULL, 0, NULL, 9, 11, 2, 13, NULL, '2020-11-27 07:09:22'),
	(938, 'sort of ....', 'своего рода / типа того ... / немного', NULL, NULL, 0, NULL, 9, 13, 4, 23, NULL, '2020-12-02 06:46:46'),
	(939, 'on the edge', 'на краю', NULL, NULL, 0, NULL, 9, 11, 2, 13, NULL, '2020-11-23 06:47:23'),
	(940, 'the edge of a cliff', 'край обрыва', NULL, NULL, 0, NULL, 9, 15, 6, 21, NULL, '2020-11-30 06:46:30'),
	(941, 'willpower', 'сила воли', NULL, NULL, 0, NULL, 9, 11, 2, 13, NULL, '2020-11-24 07:55:34'),
	(942, 'committed smoker', 'заядлый курильщик', NULL, NULL, 0, NULL, 9, 11, 2, 13, NULL, '2020-11-20 12:49:07'),
	(943, 'prospect', 'перспектива', NULL, NULL, 0, NULL, 9, 10, 1, 11, NULL, '2020-11-24 07:52:15'),
	(944, 'whenever', 'всякий раз, когда / когда бы ни', NULL, NULL, 0, NULL, 1, 21, 13, 34, NULL, '2020-12-02 07:17:52'),
	(945, 'All you think about', 'все, о чем ты думаешь', NULL, NULL, 0, NULL, 9, 14, 5, 19, NULL, '2020-12-02 06:52:01'),
	(946, 'valiant [валиент]', 'доблестный', NULL, NULL, 0, NULL, 9, 11, 2, 13, NULL, '2020-11-23 06:44:47'),
	(947, 'put out', 'тушить', NULL, NULL, 0, NULL, 9, 16, 7, 23, NULL, '2020-11-30 10:04:06'),
	(948, 'for sure', 'наверняка', NULL, NULL, 0, NULL, 2, 22, 14, 36, NULL, '2020-12-02 07:17:52'),
	(949, 'the majority [меджореси]', 'большинство', NULL, NULL, 0, NULL, 9, 11, 2, 13, NULL, '2020-11-23 07:02:56'),
	(950, 'in fact', 'на самом деле', NULL, NULL, 0, NULL, 9, 14, 5, 19, NULL, '2020-12-01 10:03:25'),
	(951, 'desire', 'желание (не wish)', NULL, NULL, 0, NULL, 9, 16, 7, 23, NULL, '2020-11-27 06:42:48'),
	(952, 'vital', 'жизненно необходимый', NULL, NULL, 0, NULL, 9, 13, 4, 17, NULL, '2020-11-24 07:41:33'),
	(953, 'vital difference', 'существенная разница', NULL, NULL, 0, NULL, 9, 13, 4, 17, NULL, '2020-11-30 08:53:32'),
	(954, 'Given this definition, ....', 'учитывая это определение, ....', NULL, NULL, 0, NULL, 9, 12, 3, 15, NULL, '2020-11-24 08:10:53'),
	(955, 'yearn', 'тосковать', NULL, NULL, 0, NULL, 9, 20, 11, 31, NULL, '2020-11-30 08:43:33'),
	(956, 'yearning for', 'тоска о ...', NULL, NULL, 0, NULL, 9, 19, 10, 29, NULL, '2020-12-01 07:04:42'),
	(957, 'Affirmative / Negative / Interrogative', 'Утвердительный / Отрицательный / Вопросительный', NULL, NULL, 0, NULL, 9, 13, 4, 17, NULL, '2020-11-25 06:44:34'),
	(958, 'come to the conclusion', 'прийти к заключению', NULL, NULL, 0, NULL, 9, 11, 2, 13, NULL, '2020-11-23 06:38:31'),
	(959, 'a steep drop-off', 'крутой обрыв', NULL, NULL, 0, NULL, 9, 14, 5, 19, NULL, '2020-12-01 10:49:53'),
	(960, 'hide [noun]', 'шкура', NULL, NULL, 0, NULL, 9, 11, 2, 13, NULL, '2020-11-25 06:47:48'),
	(961, 'efficient', 'эффективный не effective', NULL, NULL, 0, NULL, 9, 9, 0, 9, NULL, '2020-11-23 06:54:23'),
	(962, 'I\'d like to point out that ...', 'я хотел бы заметить что', NULL, NULL, 0, NULL, 9, 15, 6, 21, NULL, '2020-12-02 06:47:01'),
	(963, 'I can\'t fugure it out.', 'я не могу понять этого', NULL, NULL, 0, NULL, 9, 11, 2, 13, NULL, '2020-11-24 08:37:02'),
	(964, 'I came up with an idea', 'Мне пришла вголову идея', NULL, NULL, 0, NULL, 7, 18, 10, 28, NULL, '2020-12-02 07:17:52'),
	(965, 'live up to expectations', 'оправдывать одидания', NULL, NULL, 0, NULL, 2, 20, 13, 33, NULL, '2020-12-02 07:17:52'),
	(966, 'come across', 'натолкнуться (meet)', NULL, NULL, 0, NULL, 9, 12, 3, 15, NULL, '2020-11-24 07:36:04'),
	(967, 'To sum up,', 'подводя итог', NULL, NULL, 0, NULL, 9, 12, 3, 15, NULL, '2020-11-30 08:53:26'),
	(968, 'unforgettable impression', 'незабываемые впечатления', NULL, NULL, 0, NULL, 9, 14, 5, 19, NULL, '2020-11-30 08:44:09'),
	(969, 'take out', 'вынимать / вывезти', NULL, NULL, 0, NULL, 9, 15, 6, 21, NULL, '2020-12-02 06:47:21'),
	(970, 'engagement ring', 'обручальное кольцо', NULL, NULL, 0, NULL, 9, 11, 2, 13, NULL, '2020-11-24 07:53:20'),
	(971, 'get on', 'ладить / уживаться', NULL, NULL, 0, NULL, 1, 18, 12, 30, NULL, '2020-12-02 07:17:52'),
	(972, 'go on', 'продолжать (не continue)', NULL, NULL, 0, NULL, 9, 12, 3, 15, NULL, '2020-11-30 06:40:30'),
	(973, 'sort out', 'решать проблему (не solv)', NULL, NULL, 0, NULL, 9, 16, 7, 23, NULL, '2020-12-01 12:18:45'),
	(974, 'make up my mind', 'решить (не decide)', NULL, NULL, 0, NULL, 2, 23, 19, 42, NULL, '2020-12-02 07:17:52'),
	(975, 'from the very begining', 'с самого начала', NULL, NULL, 0, NULL, 9, 12, 3, 15, NULL, '2020-11-30 08:55:33'),
	(976, 'overnight success', 'мгновенный успех', NULL, NULL, 0, NULL, 9, 10, 1, 11, NULL, '2020-11-23 07:05:57'),
	(977, 'As far as I know', 'на сколько я знаю', NULL, NULL, 0, NULL, 9, 14, 5, 19, NULL, '2020-11-26 07:20:26'),
	(978, 'give up', 'бросить (курить)', NULL, NULL, 0, NULL, 9, 11, 2, 13, NULL, '2020-11-26 07:26:03'),
	(979, 'habit', 'привычка', NULL, NULL, 0, NULL, 9, 12, 3, 15, NULL, '2020-11-27 07:00:01'),
	(980, 'take up', 'начинать не (start)', NULL, NULL, 0, NULL, 2, 13, 5, 18, NULL, '2020-12-02 07:17:52'),
	(981, 'at once', 'сразу', NULL, NULL, 0, NULL, 9, 10, 1, 11, NULL, '2020-11-23 07:01:00'),
	(982, 'whoever', 'кто бы ни', NULL, NULL, 0, NULL, 9, 10, 1, 11, NULL, '2020-11-24 07:53:33'),
	(983, 'wherever', 'где бы', NULL, NULL, 0, NULL, 9, 11, 2, 13, NULL, '2020-11-24 07:35:37'),
	(984, 'cause', 'причина (не reason)', NULL, NULL, 0, NULL, 9, 13, 4, 17, NULL, '2020-11-30 10:04:39'),
	(985, 'I wish I knew', 'Хотел бы я знать', NULL, NULL, 0, NULL, 9, 11, 2, 13, NULL, '2020-11-23 07:00:44'),
	(986, 'as you might guess', 'как ты возможно догадываешься', NULL, NULL, 0, NULL, 3, 14, 8, 22, NULL, '2020-12-02 07:17:52'),
	(987, 'shall', 'должен', NULL, NULL, 0, NULL, 9, 14, 5, 19, NULL, '2020-11-26 07:20:38'),
	(988, 'cut off', 'отрезать', NULL, NULL, 0, NULL, 9, 11, 2, 13, NULL, '2020-11-27 07:00:04'),
	(989, 'run out of', 'закончиться', NULL, NULL, 0, NULL, 9, 12, 3, 15, NULL, '2020-11-30 07:02:23'),
	(990, 'I\'m fed up with it', 'меня достало это', NULL, NULL, 0, NULL, 9, 10, 1, 11, NULL, '2020-11-24 08:42:56'),
	(991, 'speed up', 'ускориться', NULL, NULL, 0, NULL, 9, 9, 0, 9, NULL, '2020-11-26 07:11:09'),
	(992, 'fall behind', 'отставать', NULL, NULL, 0, NULL, 9, 10, 1, 11, NULL, '2020-11-25 06:43:55'),
	(993, 'rest of', '"оставшаяся часть"', NULL, NULL, 0, NULL, 9, 9, 0, 9, NULL, '2020-11-24 07:43:46'),
	(994, 'somehow', 'как то / так или иначе', NULL, NULL, 0, NULL, 1, 22, 22, 44, NULL, '2020-12-02 07:15:04'),
	(995, 'get back to', 'вернуться (в дискуссии)', NULL, NULL, 0, NULL, 9, 13, 4, 17, NULL, '2020-11-30 08:44:31'),
	(996, 'call off', 'отменять (не cancel)', 5, NULL, 0, NULL, 7, 18, 10, 28, NULL, '2020-12-02 07:17:52'),
	(997, 'postpone', 'откладывать не (put off)', NULL, NULL, 0, NULL, 9, 12, 3, 15, NULL, '2020-11-26 07:23:26'),
	(998, 'put off', 'откладывать (не postpone)', NULL, NULL, 0, NULL, 2, 18, 11, 29, NULL, '2020-12-02 07:17:52'),
	(999, 'pretty (quite) easily', 'довольно легко', NULL, NULL, 0, NULL, 9, 11, 2, 13, NULL, '2020-11-30 07:10:18'),
	(1000, 'substantial proportion of [сабстеншел]', 'значительная часть (чего то)', NULL, NULL, 0, NULL, 7, 19, 11, 30, NULL, '2020-12-02 07:17:52'),
	(1001, 'surge', 'всплеск', NULL, NULL, 0, NULL, 9, 14, 5, 19, NULL, '2020-11-26 07:21:28'),
	(1002, 'to be relatively steady', 'быть относительно устойчивым', NULL, NULL, 0, NULL, 9, 12, 3, 15, NULL, '2020-11-30 06:33:51'),
	(1003, 'relative [noun]', 'родственник', NULL, NULL, 0, NULL, 9, 9, 0, 9, NULL, '2020-11-24 07:35:40'),
	(1004, 'elderly', 'пожилой', NULL, NULL, 0, NULL, 9, 14, 5, 19, NULL, '2020-11-30 08:56:19'),
	(1005, 'suggest / propose', 'предлагать', NULL, NULL, 0, NULL, 9, 12, 3, 15, NULL, '2020-11-30 06:55:04'),
	(1006, 'pharmacy', 'аптека', NULL, NULL, 0, NULL, 9, 12, 3, 15, NULL, '2020-11-30 10:01:20'),
	(1007, 'particular', 'специфический / особый', NULL, NULL, 0, NULL, 4, 15, 7, 22, NULL, '2020-12-02 07:17:52'),
	(1008, 'especially / particularly', 'особенно / главным образом', NULL, NULL, 0, NULL, 1, 17, 10, 27, NULL, '2020-12-02 07:17:52'),
	(1009, 'avalanche', 'лавина', NULL, NULL, 0, NULL, 9, 14, 5, 19, NULL, '2020-11-30 09:01:10'),
	(1010, 'out of the blue / out of a clear sky', 'совершенно неожиданно', NULL, NULL, 0, NULL, 9, 17, 8, 25, NULL, '2020-12-02 06:32:48'),
	(1011, 'insane', 'безумный', NULL, NULL, 0, NULL, 9, 11, 2, 13, NULL, '2020-11-30 06:46:33'),
	(1012, 'victim', 'жертва', NULL, NULL, 0, NULL, 9, 12, 3, 15, NULL, '2020-11-30 08:44:16'),
	(1013, 'tore off', 'оторвать', NULL, NULL, 0, NULL, 9, 15, 6, 21, NULL, '2020-11-30 08:42:23'),
	(1014, 'appreciate', 'ценить [не value] ', NULL, NULL, 0, NULL, 1, 16, 10, 26, NULL, '2020-12-02 07:17:52'),
	(1015, 'by the way', 'к стати', NULL, NULL, 0, NULL, 2, 16, 9, 25, NULL, '2020-12-02 07:17:52'),
	(1016, 'hard to say', 'трудно сказать', NULL, NULL, 0, NULL, 9, 9, 0, 9, NULL, '2020-11-30 08:33:57'),
	(1017, 'otherwise', 'в противном случае / иначе', NULL, NULL, 0, NULL, 9, 15, 6, 21, NULL, '2020-12-01 07:04:57'),
	(1018, 'prove', 'доказать', NULL, NULL, 0, NULL, 9, 10, 1, 11, NULL, '2020-11-26 07:19:21'),
	(1019, 'occasion [экейжен] ', 'повод / случай / событие', NULL, NULL, 0, NULL, 9, 14, 5, 19, NULL, '2020-11-30 09:01:24'),
	(1021, 'duvet', 'одеяло', NULL, NULL, 0, NULL, 3, 15, 7, 22, NULL, '2020-12-02 07:17:52'),
	(1022, 'blossom', 'цветок', NULL, NULL, 0, NULL, 9, 14, 5, 19, NULL, '2020-11-30 09:11:22'),
	(1023, 'hideous [хидиёс]', 'отвратительный', NULL, NULL, 0, NULL, 9, 16, 7, 23, NULL, '2020-11-30 08:59:20'),
	(1025, 'butt', 'задница', NULL, NULL, 0, NULL, 9, 9, 0, 9, NULL, '2020-11-24 08:10:48'),
	(1026, 'pox', 'оспа', NULL, NULL, 0, NULL, 9, 10, 1, 11, NULL, '2020-11-25 07:10:45'),
	(1027, 'coincidence [коинседенс]', 'стечение обстоятельств / совпадение', NULL, NULL, 0, NULL, 9, 13, 4, 17, NULL, '2020-12-01 07:04:03'),
	(1028, 'imaginary', 'воображаемый', NULL, NULL, 0, NULL, 9, 13, 4, 17, NULL, '2020-11-30 08:59:02'),
	(1029, 'Duct tape', 'скотч', NULL, NULL, 0, NULL, 9, 12, 3, 15, NULL, '2020-11-27 07:10:14'),
	(1030, 'tub', 'ванна', NULL, NULL, 0, NULL, 9, 12, 3, 15, NULL, '2020-11-30 06:55:06'),
	(1031, 'obsessive', 'навязчивый', NULL, NULL, 0, NULL, 9, 15, 6, 21, NULL, '2020-11-30 08:58:56'),
	(1032, 'I swear', 'клянусь', NULL, NULL, 0, NULL, 9, 11, 2, 13, NULL, '2020-11-25 06:58:58'),
	(1033, 'pal / buddy / bud', 'приятель / приятель', NULL, NULL, 0, NULL, 9, 11, 2, 13, NULL, '2020-11-27 06:50:43'),
	(1034, 'let\'s face it ', 'Давайте посмотрим правде в глаза', 8, NULL, 0, NULL, 9, 11, 2, 13, NULL, '2020-11-30 08:53:45'),
	(1035, 'appointment', 'деловое свидание, встреча, прием', NULL, NULL, 0, NULL, 9, 11, 2, 13, NULL, '2020-11-27 07:05:11'),
	(1036, 'I treat you', 'Я угощу тебя', NULL, NULL, 0, NULL, 9, 11, 2, 13, NULL, '2020-11-27 06:59:14'),
	(1037, 'toe', 'палец на ноге', NULL, NULL, 0, NULL, 9, 11, 2, 13, NULL, '2020-11-30 08:34:46'),
	(1038, 'drop sb off (travel)', 'проважать кого то', 2, NULL, 0, NULL, 9, 10, 1, 11, NULL, '2020-11-30 06:58:46'),
	(1040, 'get in', 'прибывать не (arrives)', 2, NULL, 0, NULL, 9, 10, 1, 11, NULL, '2020-12-01 10:04:23'),
	(1041, 'check in / check out', 'устраиваться (в отеле) / выезжать (из отеля)', 2, NULL, 0, NULL, 9, 9, 0, 9, NULL, '2020-11-30 08:53:50'),
	(1042, 'set out', 'отправляться (в путешествие)', 2, NULL, 0, NULL, 9, 9, 0, 9, NULL, '2020-11-30 10:00:45'),
	(1043, 'duty', 'долг / обязанность', NULL, NULL, 0, NULL, 9, 9, 0, 9, NULL, '2020-11-30 08:33:15'),
	(1044, 'straw', 'солома', NULL, NULL, 0, NULL, 9, 10, 1, 11, NULL, '2020-12-01 06:45:29'),
	(1045, 'swim trunks', 'плавки', 1, NULL, 0, NULL, 1, 13, 5, 18, NULL, '2020-12-02 07:17:52'),
	(1046, 'flip flops', 'шлепки', 1, NULL, 0, NULL, 9, 10, 1, 11, NULL, '2020-11-30 08:57:02'),
	(1047, 'Hawaiian shirt', 'гавайская рубашка', 1, NULL, 0, NULL, 9, 9, 0, 9, NULL, '2020-11-30 06:49:06'),
	(1048, 'Singlet', 'Майка Алкоголичка', 1, NULL, 0, NULL, 9, 11, 2, 13, NULL, '2020-11-30 09:07:03'),
	(1049, 'Shorts', 'Шорты', 1, NULL, 0, NULL, 9, 10, 1, 11, NULL, '2020-11-30 09:10:30'),
	(1050, 'Tank top', 'Майка топ', 1, NULL, 0, NULL, 7, 16, 8, 24, NULL, '2020-12-02 07:17:52'),
	(1051, 'Overalls', 'комбинизон', 1, NULL, 0, NULL, 9, 11, 2, 13, NULL, '2020-12-02 06:48:13'),
	(1052, 'Sleevless shirt', 'Безрукавка', NULL, NULL, 0, NULL, 9, 11, 2, 13, NULL, '2020-12-02 06:45:01'),
	(1053, 'waistcoat', 'жилет', 1, NULL, 0, NULL, 1, 13, 5, 18, NULL, '2020-12-02 07:17:52'),
	(1054, 'jacket / jacket', 'куртка / пиджак', 1, NULL, 0, NULL, 9, 9, 0, 9, NULL, '2020-11-30 07:05:13'),
	(1055, 'Bathrobe', 'Халат', 1, NULL, 0, NULL, 9, 12, 3, 15, NULL, '2020-12-01 12:11:13'),
	(1056, 'beanie', 'шапка', 1, NULL, 0, NULL, 9, 9, 0, 9, NULL, '2020-11-30 09:07:00'),
	(1057, 'Mittens', 'варежки', 1, NULL, 0, NULL, 2, 10, 2, 12, NULL, '2020-12-02 07:17:52'),
	(1058, 'sleeve', 'рукав', 1, NULL, 0, NULL, 1, 12, 4, 16, NULL, '2020-12-02 07:17:52'),
	(1059, 'Trench coat', 'плащ', 1, NULL, 0, NULL, 2, 10, 2, 12, NULL, '2020-12-02 07:17:52'),
	(1060, 'stockings', 'чулки', 1, NULL, 0, NULL, 3, 12, 6, 18, NULL, '2020-12-02 07:17:52'),
	(1061, 'safety pin', 'булавка', 1, NULL, 0, NULL, 9, 10, 1, 11, NULL, '2020-11-30 09:06:05'),
	(1062, 'Hair clip (UK) / Bobby pin (US)', 'заколка', 1, NULL, 0, NULL, 9, 11, 2, 13, NULL, '2020-11-30 09:10:28'),
	(1063, 'Necklace', 'ожерелье', 1, NULL, 0, NULL, 9, 10, 1, 11, NULL, '2020-11-30 08:44:59'),
	(1064, 'purse / handbag', ' сумочка', 1, NULL, 0, NULL, 1, 13, 6, 19, NULL, '2020-12-02 07:17:52'),
	(1065, 'apron', ' фартук / передник', 1, NULL, 0, NULL, 9, 9, 0, 9, NULL, '2020-11-30 10:00:43'),
	(1066, 'vest', 'желет (костюм)', 1, NULL, 0, NULL, 9, 11, 2, 13, NULL, '2020-12-01 06:50:36'),
	(1067, 'dress up', 'наряжаться', 1, NULL, 0, NULL, 9, 12, 3, 15, NULL, '2020-11-30 08:35:17'),
	(1068, 'zip up', 'застегнуть (змейка)', 1, NULL, 0, NULL, 9, 9, 0, 9, NULL, '2020-11-30 08:35:19'),
	(1069, 'button up', 'застегнуть (пуговица / кнопка)', 1, NULL, 0, NULL, 9, 13, 4, 17, NULL, '2020-12-02 06:34:52'),
	(1070, 'do up', 'застегнуть', 1, NULL, 0, NULL, 7, 14, 6, 20, NULL, '2020-12-02 07:17:52'),
	(1071, 'What do you have on?', 'Что на тебе надето?', NULL, NULL, 0, NULL, 9, 12, 3, 15, NULL, '2020-12-01 12:08:23'),
	(1072, 'put smt on / take off smt', 'надеть что нибудь / снять что нибудь', 1, NULL, 0, NULL, 9, 11, 2, 13, NULL, '2020-11-30 07:14:06'),
	(1073, 'throw on', 'накинуть на себя', 1, NULL, 0, NULL, 5, 13, 6, 19, NULL, '2020-12-02 07:17:52'),
	(1074, 'try on', 'примерять', 1, NULL, 0, NULL, 9, 11, 2, 13, NULL, '2020-12-02 06:55:31'),
	(1075, 'kick off ( shoes)', 'сбросить (снять обувь) ', 1, NULL, 0, NULL, 3, 13, 5, 18, NULL, '2020-12-02 07:17:52'),
	(1076, 'wear smt in', 'разнашивать', 1, NULL, 0, NULL, 1, 12, 4, 16, NULL, '2020-12-02 07:17:52'),
	(1078, 'chimney', 'дымоход', NULL, NULL, 0, NULL, 3, 13, 5, 18, NULL, '2020-12-02 07:17:52'),
	(1079, 'wimp', 'тряпка / слабак / зануда / трус', 3, NULL, 0, NULL, 3, 12, 5, 17, NULL, '2020-12-02 07:17:52'),
	(1080, 'attaboy', 'молодчина!', NULL, NULL, 0, NULL, 9, 11, 2, 13, NULL, '2020-12-02 06:34:19'),
	(1081, 'bachelor [бачелар]', 'Холостяк', NULL, NULL, 0, NULL, 9, 13, 4, 17, NULL, '2020-12-01 12:21:37'),
	(1082, 'I\'m begging you.', 'Я умоляю тебя!', NULL, NULL, 0, NULL, 9, 12, 3, 15, NULL, '2020-11-30 10:04:46'),
	(1083, 'alimony', 'алименты', NULL, NULL, 0, NULL, 9, 9, 0, 9, NULL, '2020-11-30 08:37:42'),
	(1084, 'Let it go.', 'забудь об этом.', NULL, NULL, 0, NULL, 9, 11, 2, 13, NULL, '2020-12-01 06:59:04'),
	(1085, 'by heart', 'наизусть / на память', NULL, NULL, 0, NULL, 9, 12, 3, 15, NULL, '2020-12-01 07:02:47'),
	(1086, 'give sb the bird / flip sb off', 'показать фак / послать', NULL, NULL, 0, NULL, 9, 12, 3, 15, NULL, '2020-12-01 12:17:56'),
	(1087, 'distract', 'отвлечь', NULL, NULL, 0, NULL, 9, 13, 4, 17, NULL, '2020-12-02 06:48:44'),
	(1088, 'riddle', 'загадка', NULL, NULL, 0, NULL, 9, 12, 3, 15, NULL, '2020-11-30 09:11:02'),
	(1089, 'misunderstanding', 'недоразумение.', NULL, NULL, 0, NULL, 7, 15, 7, 22, NULL, '2020-12-02 07:17:52'),
	(1090, 'Apparently', 'видимо (очевидно)', NULL, NULL, 0, NULL, 9, 13, 4, 17, NULL, '2020-12-02 06:41:20'),
	(1091, 'drag', 'тащить, тянуть', NULL, NULL, 0, NULL, 3, 13, 5, 18, NULL, '2020-12-02 07:17:52'),
	(1092, 'confession', 'признание', NULL, NULL, 0, NULL, 3, 15, 10, 25, NULL, '2020-12-02 07:17:52'),
	(1093, 'flaws', 'недостатки / изъяны', NULL, NULL, 0, NULL, 1, 11, 10, 21, NULL, '2020-12-02 07:13:48'),
	(1094, 'last [verb]', 'длиться / продолжаться', NULL, NULL, 0, NULL, 5, 14, 7, 21, NULL, '2020-12-02 07:17:52'),
	(1095, 'broad', 'баба', NULL, NULL, 0, NULL, 1, 13, 5, 18, NULL, '2020-12-02 07:17:52'),
	(1096, 'bother', 'беспокоить', NULL, NULL, 0, NULL, 1, 13, 12, 25, NULL, '2020-12-02 07:17:16'),
	(1097, 'upkeep', 'уход / содержание', NULL, NULL, 0, NULL, 5, 12, 5, 17, NULL, '2020-12-02 07:17:52'),
	(1098, 'ward / ward', 'палата / камера', NULL, NULL, 0, NULL, 4, 10, 3, 13, NULL, '2020-12-02 07:17:52'),
	(1099, 'corpse', 'труп', NULL, NULL, 0, NULL, 2, 8, 0, 8, NULL, '2020-12-02 07:17:52'),
	(1100, 'death toll', 'количество жертв / список погибших', NULL, NULL, 0, NULL, 1, 9, 1, 10, NULL, '2020-12-02 07:17:52'),
	(1102, 'former', 'бывший', NULL, NULL, 0, NULL, 1, 9, 2, 11, NULL, '2020-12-02 07:17:52'),
	(1103, 'but judging by', 'но судя по', NULL, NULL, 0, NULL, 1, 9, 1, 10, NULL, '2020-12-02 07:17:52'),
	(1104, 'discrepancy in / between A & B', 'несоответствие (в / между)', NULL, NULL, 0, NULL, 2, 13, 10, 23, NULL, '2020-12-02 07:17:52'),
	(1105, 'Neither ', 'ни один / никто / ни тот, ни другой', NULL, NULL, 0, NULL, 1, 8, 1, 9, NULL, '2020-12-02 07:17:52'),
	(1106, 'nor ', 'ни / и ... не / тоже ... не', NULL, NULL, 0, NULL, 2, 9, 2, 11, NULL, '2020-12-02 07:17:52'),
	(1107, 'crucial ', 'ключевой', NULL, NULL, 0, NULL, 1, 10, 2, 12, NULL, '2020-12-02 07:17:52'),
	(1108, 'trials', 'испытания', NULL, NULL, 0, NULL, 9, 11, 2, 13, NULL, '2020-12-02 07:15:13'),
	(1109, 'Poo / Poop / Crap / Dung / Shit / Dump / Feces / Bowel Movement', 'дерьмо * 8', NULL, NULL, 0, NULL, 1, 11, 3, 14, NULL, '2020-12-02 07:17:52'),
	(1110, 'Bathroom / Restroom / Washroom / Toilet / Loo / The John', 'туалет * 6', 4, NULL, 0, NULL, 1, 10, 3, 13, NULL, '2020-12-02 07:17:52'),
	(1111, 'Pee / Piss / Leak /  Urine', 'моча * 4', 4, NULL, 0, NULL, 7, 10, 2, 12, NULL, '2020-12-02 07:17:52'),
	(1112, 'cut up', 'порезать', 5, NULL, 0, NULL, 5, 12, 5, 17, NULL, '2020-12-02 07:17:52'),
	(1113, 'cut off', 'отрезать', 5, NULL, 0, NULL, 9, 9, 0, 9, NULL, '2020-12-01 07:02:45'),
	(1114, 'chuck out / throw away', 'выбросить / выбросить', 5, NULL, 0, NULL, 4, 10, 2, 12, NULL, '2020-12-02 07:17:52'),
	(1115, 'cut through', 'разрезать', 5, NULL, 0, NULL, 9, 9, 0, 9, NULL, '2020-12-02 06:40:38'),
	(1116, 'blunt / dull', 'тупой (нож, и не только :)', NULL, NULL, 0, NULL, 2, 11, 4, 15, NULL, '2020-12-02 07:17:52'),
	(1117, 'cut into', 'воткнуть (нож)', 5, NULL, 0, NULL, 1, 10, 5, 15, NULL, '2020-12-02 07:17:52'),
	(1118, 'chop [verb]', 'рубить', NULL, NULL, 0, NULL, 3, 10, 2, 12, NULL, '2020-12-02 07:17:52'),
	(1119, 'cut down', 'срубить', NULL, NULL, 0, NULL, 1, 8, 0, 8, NULL, '2020-12-02 07:17:52'),
	(1120, 'occasionally', 'время от времени / иногда', NULL, NULL, 0, NULL, 1, 11, 3, 14, NULL, '2020-12-02 07:17:52'),
	(1121, 'There\'s more?', 'это еще не все?', NULL, NULL, 0, NULL, 1, 9, 4, 13, NULL, '2020-12-02 07:17:52'),
	(1122, 'spill', 'проливать', NULL, NULL, 0, NULL, 9, 9, 0, 9, NULL, '2020-12-01 12:18:34'),
	(1123, 'What do I do', 'Что я должен делать?', NULL, NULL, 0, NULL, 1, 8, 0, 8, NULL, '2020-12-02 07:17:52'),
	(1124, 'plain', 'простой / обычный', NULL, NULL, 0, NULL, 1, 9, 1, 10, NULL, '2020-12-02 07:17:52'),
	(1125, 'spread', 'распространение / распространять / распространяться', NULL, NULL, 0, NULL, 9, 10, 1, 11, NULL, '2020-12-02 06:34:45'),
	(1126, 'cattle', 'крупный рогатый скот', NULL, NULL, 0, NULL, 2, 10, 4, 14, NULL, '2020-12-02 07:17:52'),
	(1127, 'Yes, in a manner of speaking.', 'Да, можно и так сказать.', NULL, NULL, 0, NULL, 6, 10, 3, 13, NULL, '2020-12-02 07:17:52'),
	(1128, 'peel [verb / noun]', 'кожура / чистить', 5, NULL, 0, NULL, 2, 9, 1, 10, NULL, '2020-12-02 07:17:52'),
	(1129, 'melt [verb]', 'таять', 5, NULL, 0, NULL, 4, 10, 5, 15, NULL, '2020-12-02 07:17:52'),
	(1130, 'Fry [verb]', 'жарить', 5, NULL, 0, NULL, 9, 9, 0, 9, NULL, '2020-12-02 06:45:46'),
	(1131, 'Saute [verb]', 'обжаривать', 5, NULL, 0, NULL, 2, 10, 6, 16, NULL, '2020-12-02 07:17:52'),
	(1132, 'Whip [verb]', 'взбивать', 5, NULL, 0, NULL, 1, 8, 1, 9, NULL, '2020-12-02 07:17:52'),
	(1133, 'grate [verb]', 'натереть', 5, NULL, 0, NULL, 5, 12, 6, 18, NULL, '2020-12-02 07:17:52'),
	(1134, 'roast [verb]', 'поджарить', 5, NULL, 0, NULL, 5, 9, 2, 11, NULL, '2020-12-02 07:17:52'),
	(1135, 'boil / boil [verb]', 'варить / кипеть', 5, NULL, 0, NULL, 2, 9, 1, 10, NULL, '2020-12-02 07:17:52'),
	(1136, 'stir [verb]', 'размешивать', 5, NULL, 0, NULL, 7, 14, 6, 20, NULL, '2020-12-02 07:17:52'),
	(1137, 'burner', 'горелка', 5, NULL, 0, NULL, 2, 9, 1, 10, NULL, '2020-12-02 07:17:52'),
	(1138, 'can opener', 'открывалка (консервы)', 5, NULL, 0, NULL, 1, 9, 2, 11, NULL, '2020-12-02 07:17:52'),
	(1139, 'colander', 'дуршлаг', 5, NULL, 0, NULL, 2, 10, 2, 12, NULL, '2020-12-02 07:17:52'),
	(1140, 'corkscrew', 'штопор', 5, NULL, 0, NULL, 7, 10, 2, 12, NULL, '2020-12-02 07:17:52'),
	(1141, 'countertop', 'столешница', 5, NULL, 0, NULL, 1, 9, 4, 13, NULL, '2020-12-02 07:17:52'),
	(1142, 'crockery', 'посуда', 5, NULL, 0, NULL, 4, 11, 4, 15, NULL, '2020-12-02 07:17:52'),
	(1143, 'cutlery', 'столовые приборы', 5, NULL, 0, NULL, 2, 10, 6, 16, NULL, '2020-12-02 07:17:52'),
	(1144, 'faucet / tap', 'кран / кран', 5, NULL, 0, NULL, 3, 9, 3, 12, NULL, '2020-12-02 07:17:52'),
	(1145, 'freezer', 'морозильная камера', 5, NULL, 0, NULL, 3, 9, 1, 10, NULL, '2020-12-02 07:17:52'),
	(1146, 'the funeral', 'похороны', NULL, NULL, 0, NULL, 3, 8, 3, 11, NULL, '2020-12-02 07:17:52'),
	(1147, 'funnel', 'воронка', 5, NULL, 0, NULL, 3, 9, 2, 11, NULL, '2020-12-02 07:17:52'),
	(1148, 'grater', 'терка', 5, NULL, 0, NULL, 2, 10, 4, 14, NULL, '2020-12-02 07:17:52'),
	(1149, 'kettle', 'чайник', 5, NULL, 0, NULL, 5, 9, 2, 11, NULL, '2020-12-02 07:17:52'),
	(1150, 'ladle', 'ковш / черпак / ополоник', 5, NULL, 0, NULL, 3, 10, 4, 14, NULL, '2020-12-02 07:17:52'),
	(1151, 'mortar', 'ступка', 5, NULL, 0, NULL, 5, 9, 2, 11, NULL, '2020-12-02 07:17:52'),
	(1152, 'oven', 'духовка', 5, NULL, 0, NULL, 1, 9, 1, 10, NULL, '2020-12-02 07:17:52'),
	(1153, 'oven mitt', 'прихватка (руковица)', 5, NULL, 0, NULL, 3, 10, 2, 12, NULL, '2020-12-02 07:17:52'),
	(1154, 'paper towel', 'бумажные полотенца', 5, NULL, 0, NULL, 2, 8, 0, 8, NULL, '2020-12-02 07:17:52'),
	(1155, 'pitcher / jug', 'кувшин / кувшин', 5, NULL, 0, NULL, 1, 9, 3, 12, NULL, '2020-12-02 07:17:52'),
	(1156, 'rolling pin', 'скалка', 5, NULL, 0, NULL, 7, 10, 2, 12, NULL, '2020-12-02 07:17:52'),
	(1157, 'saucepan', 'кастрюля (ковш)', 5, NULL, 0, NULL, 9, 9, 0, 9, NULL, '2020-12-01 12:18:56'),
	(1158, 'pot', 'кастрюля', 5, NULL, 0, NULL, 5, 9, 2, 11, NULL, '2020-12-02 07:17:52'),
	(1159, 'scale', 'весы', 5, NULL, 0, NULL, 3, 9, 1, 10, NULL, '2020-12-02 07:17:52'),
	(1160, 'sink', 'раковина', 5, NULL, 0, NULL, 7, 10, 2, 12, NULL, '2020-12-02 07:17:52'),
	(1161, 'spatula', 'лопатка', 5, NULL, 0, NULL, 1, 9, 2, 11, NULL, '2020-12-02 07:17:52'),
	(1162, 'sponge', 'губка', 5, NULL, 0, NULL, 9, 9, 0, 9, NULL, '2020-12-01 12:10:16'),
	(1163, 'tinfoil', 'фольга', 5, NULL, 0, NULL, 1, 9, 1, 10, NULL, '2020-12-02 07:17:52'),
	(1164, 'trash can', 'мусорное ведро', NULL, NULL, 0, NULL, 5, 11, 4, 15, NULL, '2020-12-02 07:17:52'),
	(1165, 'vegetable peeler', 'овощечистилка', 5, NULL, 0, NULL, 1, 9, 1, 10, NULL, '2020-12-02 07:17:52'),
	(1166, 'whisk', 'венчик', 5, NULL, 0, NULL, 1, 13, 12, 25, NULL, '2020-12-02 07:17:03'),
	(1167, 'What\'s a ... (something)?', 'Что такое .... (какое то слово)?', NULL, NULL, 0, NULL, 3, 9, 1, 10, NULL, '2020-12-02 07:17:52'),
	(1168, 'Knock yourself out. :)', 'Ни в чем себе не отказывай. :)', 8, NULL, 0, NULL, 1, 12, 9, 21, NULL, '2020-12-02 07:17:52'),
	(1169, 'Right to the chase.', 'Сразу к делу!', NULL, NULL, 0, NULL, 1, 11, 8, 19, NULL, '2020-12-02 07:17:52'),
	(1170, 'gal', 'девчонка / девушка', NULL, NULL, 0, NULL, 9, 9, 0, 9, NULL, '2020-12-02 06:47:37'),
	(1171, 'get hammered', 'напиться / нажраться', NULL, NULL, 0, NULL, 3, 10, 4, 14, NULL, '2020-12-02 07:17:52'),
	(1172, 'Simultaneously [симултениосли]', 'одновременно (одно слово)', NULL, NULL, 0, NULL, 2, 13, 9, 22, NULL, '2020-12-02 07:17:52'),
	(1173, 'loon', 'псих', NULL, NULL, 0, NULL, 3, 9, 3, 12, NULL, '2020-12-02 07:17:52'),
	(1174, 'I\'m beat.', 'Я с ног валюсь.', NULL, NULL, 0, NULL, 7, 10, 2, 12, NULL, '2020-12-02 07:17:52'),
	(1175, 'kidney ', 'почка', 7, NULL, 0, NULL, 1, 9, 1, 10, NULL, '2020-12-02 07:17:52'),
	(1176, 'schmuck', 'чмо', NULL, NULL, 0, NULL, 1, 8, 0, 8, NULL, '2020-12-02 07:17:52'),
	(1177, 'whereabouts', 'местонахождение', NULL, NULL, 0, NULL, 2, 11, 4, 15, NULL, '2020-12-02 07:17:52'),
	(1178, 'frankly', 'честно говоря', NULL, NULL, 0, NULL, 3, 8, 2, 10, NULL, '2020-12-02 07:17:52'),
	(1179, 'reek of .. [verb]', 'вонять чем то ..', NULL, NULL, 0, NULL, 5, 9, 2, 11, NULL, '2020-12-02 07:17:52'),
	(1180, 'as I live and breathe', 'собственной персоной! / глазам своим не верю!', 8, NULL, 0, NULL, 3, 9, 3, 12, NULL, '2020-12-02 07:17:52'),
	(1181, 'stain', 'пятно', NULL, NULL, 0, NULL, 1, 9, 5, 14, NULL, '2020-12-02 07:17:52'),
	(1182, 'Nevertheless', 'Тем не менее', NULL, NULL, 0, NULL, 5, 13, 7, 20, NULL, '2020-12-02 07:17:52'),
	(1183, 'swan', 'лебедь', NULL, NULL, 0, NULL, 3, 8, 2, 10, NULL, '2020-12-02 07:17:52'),
	(1184, 'make yourself at home', 'чувствуй себя как дома', 8, NULL, 0, NULL, 1, 9, 2, 11, NULL, '2020-12-02 07:17:52'),
	(1185, '... so to speak', '... так сказать', NULL, NULL, 0, NULL, 6, 8, 1, 9, NULL, '2020-12-02 07:17:52'),
	(1186, 'injury', 'травма, повреждение', NULL, NULL, 0, NULL, 3, 10, 6, 16, NULL, '2020-12-02 07:17:52'),
	(1187, 'bride and groom', 'невеста и жених', NULL, NULL, 0, NULL, 1, 7, 0, 7, NULL, '2020-12-02 07:17:52'),
	(1188, 'disaster', 'катастрофа / бедствие', NULL, NULL, 0, NULL, 2, 7, 3, 10, NULL, '2020-12-02 07:17:52'),
	(1189, 'curiosity', 'любопытство', NULL, NULL, 0, NULL, 1, 8, 5, 13, NULL, '2020-12-02 07:17:52'),
	(1190, 'evaporate', 'испариться', NULL, NULL, 0, NULL, 1, 6, 3, 9, NULL, '2020-12-02 07:17:52'),
	(1191, 'belly', 'живот', 7, NULL, 0, NULL, 2, 6, 2, 8, NULL, '2020-12-02 07:17:52'),
	(1192, 'twisted / twisted', 'скрученный / извращенный', NULL, NULL, 0, NULL, 6, 7, 0, 7, NULL, '2020-12-02 07:17:52'),
	(1193, 'booze', 'выпивка', NULL, NULL, 0, NULL, 1, 5, 0, 5, NULL, '2020-12-02 07:17:52'),
	(1194, 'consequence', 'последствие', NULL, NULL, 0, NULL, 1, 7, 8, 15, NULL, '2020-12-02 07:09:02'),
	(1195, 'contradiction', 'противоречие', NULL, NULL, 0, NULL, 3, 8, 4, 12, NULL, '2020-12-02 07:17:52'),
	(1196, 'Be right back BRB', 'скоро вернусь!', NULL, NULL, 0, NULL, 5, 7, 0, 7, NULL, '2020-12-02 07:17:52'),
	(1197, 'sacrifice', 'жертва (не victum)', NULL, NULL, 0, NULL, 1, 8, 3, 11, NULL, '2020-12-02 07:17:52'),
	(1198, 'Inheritance', 'Наследование', NULL, NULL, 0, NULL, 4, 7, 2, 9, NULL, '2020-12-02 07:17:52'),
	(1200, 'raw', 'сырая', NULL, NULL, 0, NULL, 5, 6, 0, 6, NULL, '2020-12-02 07:17:52'),
	(1201, 'liver', 'печень', 7, NULL, 0, NULL, 1, 6, 1, 7, NULL, '2020-12-02 07:17:52'),
	(1202, 'literate', 'грамотный', NULL, NULL, 0, NULL, 1, 7, 4, 11, NULL, '2020-12-02 07:17:52'),
	(1203, 'doobie', 'косячок', NULL, NULL, 0, NULL, 3, 7, 1, 8, NULL, '2020-12-02 07:17:52'),
	(1204, 'mortgage [могедж]', 'ипотека', NULL, NULL, 0, NULL, 1, 6, 1, 7, NULL, '2020-12-02 07:17:52'),
	(1205, 'grand', 'штука / косарь', NULL, NULL, 0, NULL, 3, 6, 1, 7, NULL, '2020-12-02 07:17:52'),
	(1206, 'effort ', 'усилие', NULL, NULL, 0, NULL, 1, 6, 1, 7, NULL, '2020-12-02 07:17:52'),
	(1207, 'salmon', 'лосось', NULL, NULL, 0, NULL, 4, 8, 2, 10, NULL, '2020-12-02 07:17:52'),
	(1208, 'hospitable', 'hospitable', NULL, NULL, 0, NULL, 3, 6, 0, 6, NULL, '2020-12-02 07:17:52'),
	(1209, 'appearance', 'внешний вид', NULL, NULL, 0, NULL, 6, 7, 0, 7, NULL, '2020-12-02 07:17:52'),
	(1210, 'afford', 'позволять себе', NULL, NULL, 0, NULL, 1, 6, 2, 8, NULL, '2020-12-02 07:17:52'),
	(1211, 'Take your time', 'не спеши!', 8, NULL, 0, NULL, 3, 5, 1, 6, NULL, '2020-12-02 07:17:52'),
	(1212, 'carry the day', 'удачно', NULL, NULL, 0, NULL, 3, 5, 0, 5, NULL, '2020-12-02 07:17:52'),
	(1213, 'call time', 'заканчивать (карьеру)', 8, NULL, 0, NULL, 1, 5, 3, 8, NULL, '2020-12-02 07:17:52'),
	(1214, 'back to square one', 'возвращатся в самое начало', 8, NULL, 0, NULL, 1, 4, 3, 7, NULL, '2020-12-02 07:16:53'),
	(1215, 'get over', 'выздороветь', 9, NULL, 0, NULL, 1, 3, 3, 6, NULL, '2020-12-02 07:16:28'),
	(1216, 'Pass away', 'умереть', 9, NULL, 0, NULL, 1, 4, 2, 6, NULL, '2020-12-02 07:17:52'),
	(1217, 'to be run over', 'быть сбитым машиной', 9, NULL, 0, NULL, 1, 4, 3, 7, NULL, '2020-12-02 07:14:19'),
	(1218, 'come to', 'прийти в сознание', 9, NULL, 0, NULL, 1, 4, 3, 7, NULL, '2020-12-02 07:16:59'),
	(1219, 'Pass out ', 'потерять сознание', 9, NULL, 0, NULL, 1, 4, 3, 7, NULL, '2020-12-02 07:17:11'),
	(1220, 'come down with (the flu)', 'заболеть (не сильно)', 9, NULL, 0, NULL, 3, 5, 1, 6, NULL, '2020-12-02 07:17:52'),
	(1221, 'lay (layd) up', 'заболеть (сильно)', 9, NULL, 0, NULL, 4, 6, 1, 7, NULL, '2020-12-02 07:17:52'),
	(1222, 'swell up', 'опухнуть', 9, NULL, 0, NULL, 3, 5, 1, 6, NULL, '2020-12-02 07:17:52'),
	(1223, 'to be knocked up', 'быть беременной ', 9, NULL, 0, NULL, 1, 4, 3, 7, NULL, '2020-12-02 07:15:37'),
	(1224, 'on the upside', 'с другой стороны', NULL, NULL, 0, NULL, 2, 5, 2, 7, NULL, '2020-12-02 07:17:52');
/*!40000 ALTER TABLE `cards` ENABLE KEYS */;

-- Дамп структуры для таблица memo.categories
CREATE TABLE IF NOT EXISTS `categories` (
  `id` bigint(20) unsigned NOT NULL AUTO_INCREMENT,
  `name` varchar(255) COLLATE utf8mb4_unicode_ci NOT NULL,
  `icon_path` varchar(255) COLLATE utf8mb4_unicode_ci DEFAULT NULL,
  `created_at` timestamp NULL DEFAULT NULL,
  `updated_at` timestamp NULL DEFAULT NULL,
  PRIMARY KEY (`id`)
) ENGINE=InnoDB AUTO_INCREMENT=10 DEFAULT CHARSET=utf8mb4 COLLATE=utf8mb4_unicode_ci;

-- Дамп данных таблицы memo.categories: ~9 rows (приблизительно)
/*!40000 ALTER TABLE `categories` DISABLE KEYS */;
INSERT INTO `categories` (`id`, `name`, `icon_path`, `created_at`, `updated_at`) VALUES
	(1, 'Clothes', 'fas fa-tshirt', NULL, NULL),
	(2, 'Teavel', 'fas fa-plane-departure', NULL, NULL),
	(3, 'All', NULL, NULL, NULL),
	(4, 'Bathroom', 'fas fa-toilet', NULL, NULL),
	(5, 'Cooking and Eating', 'fas fa-utensils', NULL, NULL),
	(6, 'Sport and Exercises', 'fas fa-running', NULL, NULL),
	(7, 'Parts of body', 'fas fa-kidneys', NULL, NULL),
	(8, 'Idioms', 'fas fa-language', NULL, NULL),
	(9, 'Health', 'fas fa-heartbeat', NULL, NULL);
/*!40000 ALTER TABLE `categories` ENABLE KEYS */;

-- Дамп структуры для таблица memo.failed_jobs
CREATE TABLE IF NOT EXISTS `failed_jobs` (
  `id` bigint(20) unsigned NOT NULL AUTO_INCREMENT,
  `connection` text COLLATE utf8mb4_unicode_ci NOT NULL,
  `queue` text COLLATE utf8mb4_unicode_ci NOT NULL,
  `payload` longtext COLLATE utf8mb4_unicode_ci NOT NULL,
  `exception` longtext COLLATE utf8mb4_unicode_ci NOT NULL,
  `failed_at` timestamp NOT NULL DEFAULT CURRENT_TIMESTAMP,
  PRIMARY KEY (`id`)
) ENGINE=InnoDB DEFAULT CHARSET=utf8mb4 COLLATE=utf8mb4_unicode_ci;

-- Дамп данных таблицы memo.failed_jobs: ~0 rows (приблизительно)
/*!40000 ALTER TABLE `failed_jobs` DISABLE KEYS */;
/*!40000 ALTER TABLE `failed_jobs` ENABLE KEYS */;

-- Дамп структуры для таблица memo.migrations
CREATE TABLE IF NOT EXISTS `migrations` (
  `id` int(10) unsigned NOT NULL AUTO_INCREMENT,
  `migration` varchar(255) COLLATE utf8mb4_unicode_ci NOT NULL,
  `batch` int(11) NOT NULL,
  PRIMARY KEY (`id`)
) ENGINE=InnoDB AUTO_INCREMENT=46 DEFAULT CHARSET=utf8mb4 COLLATE=utf8mb4_unicode_ci;

-- Дамп данных таблицы memo.migrations: ~10 rows (приблизительно)
/*!40000 ALTER TABLE `migrations` DISABLE KEYS */;
INSERT INTO `migrations` (`id`, `migration`, `batch`) VALUES
	(1, '2020_07_21_150111_create_reports_table', 1),
	(2, '2020_07_21_150118_create_cards_table', 1),
	(3, '2020_07_23_160740_add_irreg_row_cards_table', 2),
	(4, '2020_08_19_045801_alter_reports_table', 3),
	(6, '2014_10_12_000000_create_users_table', 5),
	(7, '2019_08_19_000000_create_failed_jobs_table', 5),
	(42, '2020_09_09_081155_add_favorit_column_cards_table', 6),
	(43, '2020_11_07_104846_create_categories_table', 6),
	(44, '2020_11_07_160740_add_cat_id_row_cards_table', 6),
	(45, '2020_12_01_071453_add_reports_data_field', 7);
/*!40000 ALTER TABLE `migrations` ENABLE KEYS */;

-- Дамп структуры для таблица memo.reports
CREATE TABLE IF NOT EXISTS `reports` (
  `id` bigint(20) unsigned NOT NULL AUTO_INCREMENT,
  `total` int(11) DEFAULT '0',
  `right` int(11) DEFAULT '0',
  `wrong` int(11) DEFAULT '0',
  `report_data` json DEFAULT NULL,
  `created_at` timestamp NULL DEFAULT NULL,
  `updated_at` timestamp NULL DEFAULT NULL,
  PRIMARY KEY (`id`)
) ENGINE=InnoDB AUTO_INCREMENT=207 DEFAULT CHARSET=utf8mb4 COLLATE=utf8mb4_unicode_ci;

-- Дамп данных таблицы memo.reports: ~39 rows (приблизительно)
/*!40000 ALTER TABLE `reports` DISABLE KEYS */;
INSERT INTO `reports` (`id`, `total`, `right`, `wrong`, `report_data`, `created_at`, `updated_at`) VALUES
	(155, 6, 6, 0, NULL, '2020-11-08 09:36:15', '2020-11-08 10:14:02'),
	(156, 175, 131, 44, NULL, '2020-11-09 06:33:03', '2020-11-09 07:14:15'),
	(157, 183, 137, 46, NULL, '2020-11-10 06:29:26', '2020-11-10 07:41:10'),
	(158, 100, 77, 23, NULL, '2020-11-12 06:24:23', '2020-11-12 07:01:38'),
	(159, 2, 1, 1, NULL, '2020-11-14 07:58:04', '2020-11-14 08:13:59'),
	(160, 61, 42, 19, NULL, '2020-11-14 08:53:04', '2020-11-14 10:36:37'),
	(161, 73, 47, 26, NULL, '2020-11-16 06:32:50', '2020-11-16 06:54:31'),
	(162, 0, 0, 0, NULL, '2020-11-16 06:55:16', '2020-11-16 06:55:16'),
	(163, 238, 189, 49, NULL, '2020-11-17 06:26:12', '2020-11-17 07:25:08'),
	(164, 128, 104, 24, NULL, '2020-11-18 06:32:50', '2020-11-18 07:19:55'),
	(165, 61, 41, 20, NULL, '2020-11-18 08:45:19', '2020-11-18 09:23:40'),
	(166, 59, 40, 19, NULL, '2020-11-18 11:58:00', '2020-11-18 12:07:14'),
	(167, 59, 51, 8, NULL, '2020-11-18 12:07:36', '2020-11-18 12:21:30'),
	(168, 59, 43, 16, NULL, '2020-11-18 12:22:45', '2020-11-18 12:31:35'),
	(169, 60, 40, 20, NULL, '2020-11-18 14:31:51', '2020-11-18 14:41:09'),
	(170, 59, 51, 8, NULL, '2020-11-19 06:58:55', '2020-11-19 07:06:41'),
	(171, 60, 44, 16, NULL, '2020-11-20 12:16:37', '2020-11-20 12:34:54'),
	(172, 120, 95, 25, NULL, '2020-11-20 12:35:18', '2020-11-20 12:56:39'),
	(173, 61, 46, 15, NULL, '2020-11-20 13:11:07', '2020-11-20 13:18:55'),
	(174, 120, 96, 24, NULL, '2020-11-23 06:36:19', '2020-11-23 06:56:31'),
	(175, 60, 50, 10, NULL, '2020-11-23 06:57:06', '2020-11-23 07:05:30'),
	(176, 62, 46, 16, NULL, '2020-11-23 07:05:50', '2020-11-23 07:13:22'),
	(177, 60, 46, 14, NULL, '2020-11-24 07:33:43', '2020-11-24 07:46:07'),
	(178, 61, 47, 14, NULL, '2020-11-24 07:46:24', '2020-11-24 07:57:34'),
	(179, 122, 96, 26, NULL, '2020-11-24 07:58:05', '2020-11-24 08:43:51'),
	(180, 60, 48, 12, NULL, '2020-11-25 06:29:33', '2020-11-25 06:45:22'),
	(181, 60, 44, 16, NULL, '2020-11-25 06:45:29', '2020-11-25 07:02:11'),
	(182, 69, 53, 16, NULL, '2020-11-25 07:09:49', '2020-11-25 07:38:46'),
	(183, 59, 50, 9, NULL, '2020-11-26 06:53:18', '2020-11-26 07:17:13'),
	(184, 59, 51, 8, NULL, '2020-11-26 07:17:28', '2020-11-26 07:26:06'),
	(185, 59, 44, 15, NULL, '2020-11-27 06:32:21', '2020-11-27 06:56:01'),
	(186, 59, 53, 6, NULL, '2020-11-27 06:56:09', '2020-11-27 07:02:51'),
	(187, 59, 47, 12, NULL, '2020-11-27 07:03:10', '2020-11-27 07:10:32'),
	(188, 303, 247, 56, NULL, '2020-11-30 06:30:21', '2020-11-30 08:38:10'),
	(189, 121, 111, 10, NULL, '2020-11-30 08:38:48', '2020-11-30 08:57:23'),
	(190, 181, 151, 30, NULL, '2020-11-30 08:57:35', '2020-11-30 10:05:13'),
	(191, 2, 2, 0, NULL, '2020-11-30 14:49:29', '2020-11-30 14:49:54'),
	(192, 60, 46, 14, NULL, '2020-12-01 06:38:36', '2020-12-01 06:59:04'),
	(193, 60, 49, 11, NULL, '2020-12-01 06:59:13', '2020-12-01 07:09:46'),
	(195, 5, 5, 0, '{"end": {"new": 0, "rare": 64, "magic": 25, "normal": 114, "unique": 1001}, "result": {"rare": 86, "magic": 32, "normal": 85}}', '2020-12-01 10:00:18', '2020-12-01 10:01:00'),
	(196, 5, 4, 1, '{"end": {"new": 0, "rare": 36, "magic": 29, "normal": 137, "unique": 1002}, "result": {"rare": 64, "magic": 25, "normal": 114, "unique": 1001}}', '2020-12-01 10:02:15', '2020-12-01 10:03:29'),
	(197, 5, 3, 2, '{"end": {"new": 0, "rare": 10, "magic": 16, "normal": 175, "unique": 1003}, "start": {"new": 0, "rare": 36, "magic": 29, "normal": 137, "unique": 1002}, "result": {"rare": 36, "magic": 29, "normal": 137, "unique": 1002}}', '2020-12-01 10:04:02', '2020-12-01 10:05:37'),
	(198, 5, 5, 0, '{"end": {"new": 0, "rare": 9, "magic": 6, "normal": 186, "unique": 1003}, "start": {"new": 0, "rare": 10, "magic": 16, "normal": 175, "unique": 1003}, "result": {"rare": 10, "magic": 16, "normal": 175}}', '2020-12-01 10:05:39', '2020-12-01 10:06:05'),
	(199, 5, 3, 2, '{"end": {"new": 0, "rare": 11, "magic": 6, "normal": 183, "unique": 1004}, "start": {"new": 0, "rare": 9, "magic": 6, "normal": 186, "unique": 1003}, "result": {"new": 0, "rare": 2, "magic": 0, "normal": -3, "unique": 1}}', '2020-12-01 10:48:49', '2020-12-01 10:50:05'),
	(200, 98, 79, 19, '{"end": {"new": 0, "rare": 62, "magic": 9, "normal": 117, "unique": 1015}, "start": {"new": 0, "rare": 11, "magic": 6, "normal": 183, "unique": 1004}, "result": {"new": 0, "rare": 51, "magic": 3, "normal": -66, "unique": 11}}', '2020-12-01 12:07:43', '2020-12-01 12:23:03'),
	(201, 59, 53, 6, '{"end": {"new": 0, "rare": 88, "magic": 5, "normal": 87, "unique": 1023}, "start": {"new": 0, "rare": 62, "magic": 9, "normal": 117, "unique": 1015}, "result": {"new": 0, "rare": 26, "magic": -4, "normal": -30, "unique": 8}}', '2020-12-02 06:32:40', '2020-12-02 06:41:40'),
	(202, 59, 53, 6, '{"end": {"new": 0, "rare": 102, "magic": 13, "normal": 56, "unique": 1032}, "start": {"new": 0, "rare": 88, "magic": 5, "normal": 87, "unique": 1023}, "result": {"new": 0, "rare": 14, "magic": 8, "normal": -31, "unique": 9}}', '2020-12-02 06:42:09', '2020-12-02 06:49:29'),
	(203, 55, 49, 6, '{"end": {"new": 0, "rare": 103, "magic": 24, "normal": 41, "unique": 1035}, "start": {"new": 0, "rare": 102, "magic": 13, "normal": 56, "unique": 1032}, "result": {"new": 0, "rare": 1, "magic": 11, "normal": -15, "unique": 3}}', '2020-12-02 06:49:42', '2020-12-02 06:58:22'),
	(204, 40, 37, 3, '{"end": {"new": 0, "rare": 96, "magic": 27, "normal": 45, "unique": 1035}, "start": {"new": 0, "rare": 103, "magic": 24, "normal": 41, "unique": 1035}, "result": {"new": 0, "rare": -7, "magic": 3, "normal": 4, "unique": 0}}', '2020-12-02 06:58:40', '2020-12-02 07:04:56'),
	(205, 44, 43, 1, '{"end": {"new": 0, "rare": 73, "magic": 51, "normal": 44, "unique": 1035}, "start": {"new": 0, "rare": 96, "magic": 27, "normal": 45, "unique": 1035}, "result": {"new": 0, "rare": -23, "magic": 24, "normal": -1, "unique": 0}}', '2020-12-02 07:05:15', '2020-12-02 07:09:52'),
	(206, 43, 43, 0, '{"end": {"new": 0, "rare": 73, "magic": 30, "normal": 64, "unique": 1036}, "start": {"new": 0, "rare": 73, "magic": 51, "normal": 44, "unique": 1035}, "result": {"new": 0, "rare": 0, "magic": -21, "normal": 20, "unique": 1}}', '2020-12-02 07:12:23', '2020-12-02 07:17:52');
/*!40000 ALTER TABLE `reports` ENABLE KEYS */;

-- Дамп структуры для таблица memo.users
CREATE TABLE IF NOT EXISTS `users` (
  `id` bigint(20) unsigned NOT NULL AUTO_INCREMENT,
  `name` varchar(255) COLLATE utf8mb4_unicode_ci NOT NULL,
  `email` varchar(255) COLLATE utf8mb4_unicode_ci NOT NULL,
  `email_verified_at` timestamp NULL DEFAULT NULL,
  `password` varchar(255) COLLATE utf8mb4_unicode_ci NOT NULL,
  `remember_token` varchar(100) COLLATE utf8mb4_unicode_ci DEFAULT NULL,
  `created_at` timestamp NULL DEFAULT NULL,
  `updated_at` timestamp NULL DEFAULT NULL,
  PRIMARY KEY (`id`),
  UNIQUE KEY `users_email_unique` (`email`)
) ENGINE=InnoDB DEFAULT CHARSET=utf8mb4 COLLATE=utf8mb4_unicode_ci;

-- Дамп данных таблицы memo.users: ~0 rows (приблизительно)
/*!40000 ALTER TABLE `users` DISABLE KEYS */;
/*!40000 ALTER TABLE `users` ENABLE KEYS */;

/*!40101 SET SQL_MODE=IFNULL(@OLD_SQL_MODE, '') */;
/*!40014 SET FOREIGN_KEY_CHECKS=IF(@OLD_FOREIGN_KEY_CHECKS IS NULL, 1, @OLD_FOREIGN_KEY_CHECKS) */;
/*!40101 SET CHARACTER_SET_CLIENT=@OLD_CHARACTER_SET_CLIENT */;
