-- --------------------------------------------------------
-- Хост:                         127.0.0.1
-- Версия сервера:               5.7.30 - MySQL Community Server (GPL)
-- Операционная система:         Linux
-- HeidiSQL Версия:              11.0.0.5919
-- --------------------------------------------------------

/*!40101 SET @OLD_CHARACTER_SET_CLIENT=@@CHARACTER_SET_CLIENT */;
/*!40101 SET NAMES utf8 */;
/*!50503 SET NAMES utf8mb4 */;
/*!40014 SET @OLD_FOREIGN_KEY_CHECKS=@@FOREIGN_KEY_CHECKS, FOREIGN_KEY_CHECKS=0 */;
/*!40101 SET @OLD_SQL_MODE=@@SQL_MODE, SQL_MODE='NO_AUTO_VALUE_ON_ZERO' */;

-- Дамп структуры для таблица memo.cards
DROP TABLE IF EXISTS `cards`;
CREATE TABLE IF NOT EXISTS `cards` (
  `id` bigint(20) unsigned NOT NULL AUTO_INCREMENT,
  `eng` varchar(255) COLLATE utf8mb4_unicode_ci DEFAULT NULL,
  `rus` varchar(255) COLLATE utf8mb4_unicode_ci DEFAULT NULL,
  `category_id` bigint(20) unsigned DEFAULT NULL,
  `show_only` tinyint(4) DEFAULT NULL,
  `irreg_verb` tinyint(4) NOT NULL DEFAULT '0',
  `favourite` tinyint(4) DEFAULT NULL,
  `level` int(11) NOT NULL DEFAULT '1',
  `right` int(11) NOT NULL DEFAULT '0',
  `wrong` int(11) NOT NULL DEFAULT '0',
  `total` int(11) NOT NULL DEFAULT '0',
  `created_at` timestamp NULL DEFAULT NULL,
  `updated_at` timestamp NULL DEFAULT NULL,
  PRIMARY KEY (`id`),
  KEY `cards_category_id_foreign` (`category_id`),
  CONSTRAINT `cards_category_id_foreign` FOREIGN KEY (`category_id`) REFERENCES `categories` (`id`) ON DELETE CASCADE
) ENGINE=InnoDB AUTO_INCREMENT=1321 DEFAULT CHARSET=utf8mb4 COLLATE=utf8mb4_unicode_ci;

-- Дамп данных таблицы memo.cards: ~1 299 rows (приблизительно)
/*!40000 ALTER TABLE `cards` DISABLE KEYS */;
INSERT INTO `cards` (`id`, `eng`, `rus`, `category_id`, `show_only`, `irreg_verb`, `favourite`, `level`, `right`, `wrong`, `total`, `created_at`, `updated_at`) VALUES
	(3, 'Discovery', 'Открытие', NULL, NULL, 0, 0, 10, 10, 0, 10, NULL, '2020-12-04 07:26:34'),
	(4, 'Discover', 'Открывать / Обнаружить', NULL, NULL, 0, 0, 10, 11, 1, 12, NULL, '2020-12-04 07:45:04'),
	(5, 'Do business', 'Заниматься бизнессом', NULL, NULL, 0, 0, 11, 11, 0, 11, NULL, '2020-12-03 07:35:53'),
	(6, 'catch - caught[кот] - caught', 'Ловить', NULL, NULL, 1, NULL, 11, 11, 0, 11, NULL, '2020-12-02 17:10:18'),
	(8, 'can - could', 'мочь [2 формы]', NULL, NULL, 0, 0, 11, 11, 0, 11, NULL, '2020-12-07 06:36:44'),
	(9, 'I could do it at the same time', 'Я мог делать это одновременно', NULL, NULL, 0, 0, 10, 11, 1, 12, NULL, '2020-12-02 17:00:50'),
	(10, 'all day', 'целый день', NULL, NULL, 0, 0, 11, 11, 0, 11, NULL, '2020-12-10 09:14:54'),
	(11, 'grow - grew[гру] - grown', 'Выращивать - рости', NULL, NULL, 1, 0, 10, 10, 0, 10, NULL, '2020-12-02 08:49:04'),
	(12, 'grow up (I grew up in Ukraine)', 'Рости (Я вырос в Украине)', NULL, NULL, 0, 0, 10, 10, 0, 10, NULL, '2020-12-03 08:00:49'),
	(13, 'hear - heard - heard', 'слышать', NULL, NULL, 1, 0, 11, 11, 0, 11, NULL, '2020-12-10 09:15:11'),
	(14, '... in a year', '... за год', NULL, NULL, 0, 0, 10, 12, 2, 14, NULL, '2020-12-10 09:18:13'),
	(15, '... in a couple of years', '... за пару лет', NULL, NULL, 0, 0, 10, 16, 6, 22, NULL, '2020-12-07 06:37:47'),
	(16, '... in the past', '... в прошлом', NULL, NULL, 0, 0, 10, 11, 1, 12, NULL, '2020-12-03 07:26:14'),
	(17, '... doing other things', '... делая другие дела', NULL, NULL, 0, 0, 10, 11, 1, 12, NULL, '2020-12-11 07:12:16'),
	(18, 'could [not past tens]', 'мог бы (любое время)', NULL, NULL, 0, 0, 11, 11, 0, 11, NULL, '2020-12-10 09:24:53'),
	(19, 'do everithing', 'сделать все', NULL, NULL, 0, 0, 10, 10, 0, 10, NULL, '2020-12-02 17:01:48'),
	(20, 'overpay - overpaid - overpaid', 'переплачивать', NULL, NULL, 1, 0, 10, 11, 1, 12, NULL, '2020-12-10 09:26:18'),
	(21, 'of course', 'конечно', NULL, NULL, 0, 0, 11, 11, 0, 11, NULL, '2020-12-03 08:01:15'),
	(22, 'Certainly ', 'конечно (не of cousre)', NULL, NULL, 0, 0, 11, 11, 0, 11, NULL, '2020-12-02 08:51:17'),
	(23, 'expect', 'ожидать (не wait)', NULL, NULL, 0, 0, 11, 11, 0, 11, NULL, '2020-12-07 06:38:45'),
	(24, 'fly - flew[флу] - flown', 'летать', NULL, NULL, 1, 0, 11, 11, 0, 11, NULL, '2020-12-03 07:25:57'),
	(25, 'for the first time', 'в первый раз', NULL, NULL, 0, 0, 1, 10, 1, 11, NULL, '2020-12-03 07:32:42'),
	(26, 'arrive', 'прибывать / приезжать / прилетать', NULL, NULL, 0, 0, 10, 11, 1, 12, NULL, '2020-12-08 06:36:31'),
	(27, 'put - put - put', 'ставить / класть', NULL, NULL, 1, 0, 11, 11, 0, 11, NULL, '2020-12-08 06:55:18'),
	(28, 'the desk', 'письменный стол (не table)', NULL, NULL, 0, 0, 10, 10, 0, 10, NULL, '2020-12-04 07:57:02'),
	(29, 'win - won[ван] - won', 'выигрывать - побеждать', NULL, NULL, 1, 0, 11, 11, 0, 11, NULL, '2020-12-10 09:22:23'),
	(30, '... in a day', '... за день', NULL, NULL, 0, 0, 11, 11, 0, 11, NULL, '2020-12-03 08:03:06'),
	(31, 'break the law', 'нарушать закон', NULL, NULL, 0, 0, 11, 11, 0, 11, NULL, '2020-12-07 07:04:35'),
	(32, 'kill the time', 'убивать время', NULL, NULL, 0, 0, 11, 11, 0, 11, NULL, '2020-12-03 07:44:14'),
	(33, 'hope for the best', 'надеяться на лучшее', NULL, NULL, 0, 0, 10, 11, 1, 12, NULL, '2020-12-02 17:21:42'),
	(34, 'for breakfast', 'на завтрак', NULL, NULL, 0, NULL, 12, 14, 2, 16, NULL, '2020-12-02 17:14:29'),
	(35, 'surname', 'фамилия', NULL, NULL, 0, 0, 11, 11, 0, 11, NULL, '2020-12-10 08:48:52'),
	(36, 'we all ...', 'мы все ...', NULL, NULL, 0, 0, 11, 11, 0, 11, NULL, '2020-12-04 13:55:32'),
	(37, 'i\'d like to + verb', 'я хотел бы + глагол', NULL, NULL, 0, 0, 1, 10, 0, 10, NULL, '2020-10-21 12:31:50'),
	(38, 'most of all', ' больше всего', NULL, NULL, 0, 0, 10, 11, 1, 12, NULL, '2020-12-03 07:42:29'),
	(39, 'a waste of time', 'пустая трата времени', NULL, NULL, 0, 0, 11, 11, 0, 11, NULL, '2020-12-03 08:01:47'),
	(40, 'year by year', 'год за годом', NULL, NULL, 0, 0, 1, 10, 0, 10, NULL, '2020-12-03 07:32:42'),
	(41, 'a stable income', 'стабильный доход', NULL, NULL, 0, 0, 10, 10, 0, 10, NULL, '2020-12-10 10:03:09'),
	(42, 'a stable job', 'стабильная работа', NULL, NULL, 0, 0, 11, 11, 0, 11, NULL, '2020-12-10 09:27:02'),
	(43, 'main aim', 'главная задача', NULL, NULL, 0, 0, 10, 11, 1, 12, NULL, '2020-12-03 07:26:08'),
	(44, '... than before /  … than earlier', '... чем раньше', NULL, NULL, 0, 0, 11, 11, 0, 11, NULL, '2020-12-10 08:46:13'),
	(45, 'as much as possible', 'как можно больше', NULL, NULL, 0, 0, 11, 12, 1, 13, NULL, '2020-12-02 08:50:19'),
	(46, 'i need to wash dishes after myself', 'я должен помыть посуду после себя', NULL, NULL, 0, 0, 11, 11, 0, 11, NULL, '2020-12-03 17:15:18'),
	(47, 'it sounds great!', 'это звучит отлично!', NULL, NULL, 0, 0, 11, 11, 0, 11, NULL, '2020-12-08 06:53:16'),
	(48, 'for a start', 'для начала', NULL, NULL, 0, 1, 6, 19, 10, 29, NULL, '2020-12-11 07:16:37'),
	(49, 'with a dictionary', 'со словарем', NULL, NULL, 0, 0, 11, 11, 0, 11, NULL, '2020-12-03 07:37:16'),
	(50, 'this kind of', 'такого рода', NULL, NULL, 0, 0, 11, 11, 0, 11, NULL, '2020-12-02 17:00:00'),
	(51, 'i’ll call you back', 'перезвоню тебе', NULL, NULL, 0, 0, 10, 12, 2, 14, NULL, '2020-12-03 07:25:09'),
	(52, 'go for a walk', 'пойти на прогулку', NULL, NULL, 0, 0, 10, 11, 1, 12, NULL, '2020-12-03 07:58:47'),
	(53, 'go swimming', 'пойти плавать', NULL, NULL, 0, 1, 4, 11, 1, 12, NULL, '2020-12-11 07:16:37'),
	(54, 'in his place', 'на его месте', NULL, NULL, 0, 0, 10, 10, 0, 10, NULL, '2020-12-03 07:34:44'),
	(55, 'wash your face', 'умойся', NULL, NULL, 0, 0, 11, 11, 0, 11, NULL, '2020-12-03 07:35:57'),
	(56, 'wash the dishes', 'мыть посуду', NULL, NULL, 0, 0, 11, 11, 0, 11, NULL, '2020-12-11 06:59:03'),
	(57, 'play the guitar', 'играть на гитаре', NULL, NULL, 0, 0, 11, 11, 0, 11, NULL, '2020-12-02 08:49:35'),
	(58, 'look after …', 'заботиться о ...', NULL, NULL, 0, 1, -5, 16, 8, 24, NULL, '2020-12-11 07:16:37'),
	(59, 'common mistake', 'распространенная ошибка', NULL, NULL, 0, 0, 10, 10, 0, 10, NULL, '2020-12-03 08:01:18'),
	(60, 'It seems to me that …', 'мне кажется, что ….', NULL, NULL, 0, 0, 1, 10, 0, 10, NULL, '2020-12-03 07:40:38'),
	(61, 'I suppose', 'я предполагаю', NULL, NULL, 0, 1, 0, 14, 5, 19, NULL, '2020-12-11 07:16:37'),
	(62, 'I expect', 'я ожидаю', NULL, NULL, 0, 0, 10, 11, 1, 12, NULL, '2020-12-08 06:36:36'),
	(63, 'Some people say that ...', 'некоторые люди говорят, что ...', NULL, NULL, 0, 0, 11, 11, 0, 11, NULL, '2020-12-02 17:30:10'),
	(64, 'I guess', 'наверное / полагать / догадываться', NULL, NULL, 0, 0, 10, 13, 3, 16, NULL, '2020-12-10 09:21:35'),
	(65, 'on the right way / track', 'на правильном пути', NULL, NULL, 0, 0, 11, 11, 0, 11, NULL, '2020-12-03 08:02:12'),
	(66, 'to be away', 'быть в отъезде', NULL, NULL, 0, 0, 10, 11, 1, 12, NULL, '2020-12-10 08:49:31'),
	(67, 'money doesn’t grow on trees', 'деньги не растут на деревьях', NULL, NULL, 0, 0, 10, 11, 1, 12, NULL, '2020-12-07 07:10:16'),
	(68, 'work experience', 'опыт работы', NULL, NULL, 0, 0, 11, 11, 0, 11, NULL, '2020-12-04 13:58:33'),
	(69, 'work on it', 'работать над этим', NULL, NULL, 0, 0, 11, 11, 0, 11, NULL, '2020-12-03 07:31:12'),
	(70, 'achieve this aim', 'достичь этой цели', NULL, NULL, 0, 0, 11, 11, 0, 11, NULL, '2020-12-04 07:56:03'),
	(71, 'achieve success', 'добиться успеха', NULL, NULL, 0, 0, 10, 15, 5, 20, NULL, '2020-12-03 17:15:58'),
	(72, 'by tomorrow', 'до какого то срока', NULL, NULL, 0, 0, 10, 11, 1, 12, NULL, '2020-12-03 07:58:57'),
	(73, 'i’m interested in', 'я интересуюсь …. (чем то)', NULL, NULL, 0, 0, 11, 11, 0, 11, NULL, '2020-12-11 06:46:02'),
	(74, 'He’s interested in learning foreign languages', 'он интересуется изучением иностранных языков', NULL, NULL, 0, 0, 11, 11, 0, 11, NULL, '2020-12-07 06:35:17'),
	(75, '… like a native speaker', '… как носитель языка', NULL, NULL, 0, 0, 11, 11, 0, 11, NULL, '2020-12-11 06:38:54'),
	(76, 'it makes me happy', 'это делает меня счастливым', NULL, NULL, 0, 0, 10, 13, 3, 16, NULL, '2020-12-10 09:21:17'),
	(77, 'english learners', 'изучающий английский', NULL, NULL, 0, 0, 10, 10, 0, 10, NULL, '2020-12-04 07:48:44'),
	(78, 'even better', ' даже лучше', NULL, NULL, 0, 0, 11, 11, 0, 11, NULL, '2020-12-02 17:32:01'),
	(79, 'educated', 'образованный', NULL, NULL, 0, 0, 1, 10, 0, 10, NULL, '2020-12-02 17:32:42'),
	(80, 'in the first place', 'на первом месте', NULL, NULL, 0, 0, 10, 15, 5, 20, NULL, '2020-12-03 07:45:23'),
	(81, 'first of all', 'прежде всего', NULL, NULL, 0, 0, 10, 10, 0, 10, NULL, '2020-12-04 13:55:13'),
	(82, 'i perfectly understand that', 'я прекрасно понимаю, что', NULL, NULL, 0, 0, 11, 11, 0, 11, NULL, '2020-12-07 06:34:35'),
	(83, 'see the world', 'повидать мир', NULL, NULL, 0, 0, 11, 11, 0, 11, NULL, '2020-12-03 07:59:48'),
	(84, 'in the morning / in the afternoon / in the evening', 'утром / днем / вечером', NULL, NULL, 0, 0, 11, 12, 1, 13, NULL, '2020-12-07 07:12:17'),
	(85, 'at night', 'ночью', NULL, NULL, 0, 0, 10, 11, 1, 12, NULL, '2020-12-03 07:47:35'),
	(86, 'at midday / at noon', 'в полдень', NULL, NULL, 0, NULL, 10, 12, 2, 14, NULL, '2020-12-02 17:16:33'),
	(87, 'at midnight', 'в полночь', NULL, NULL, 0, 0, 11, 11, 0, 11, NULL, '2020-12-04 07:57:44'),
	(88, 'in a month', 'за месяц', NULL, NULL, 0, 0, 10, 12, 2, 14, NULL, '2020-12-07 06:36:35'),
	(89, 'inspire', 'вдохновлять', NULL, NULL, 0, 1, -3, 12, 5, 17, NULL, '2020-12-11 07:16:37'),
	(91, 'get up', 'вставать', NULL, NULL, 0, 0, 10, 16, 6, 22, NULL, '2020-12-03 07:37:51'),
	(92, 'go to bed', 'идти спать', NULL, NULL, 0, 0, 10, 11, 1, 12, NULL, '2020-12-04 07:26:51'),
	(93, 'run away', 'убежать', NULL, NULL, 0, 0, 10, 12, 2, 14, NULL, '2020-12-03 07:39:55'),
	(94, 'on time', 'вовремя', NULL, NULL, 0, 1, 1, 13, 4, 17, NULL, '2020-12-11 07:16:37'),
	(95, 'it sounds more formal', 'это звучит более формально', NULL, NULL, 0, 0, 10, 11, 1, 12, NULL, '2020-12-07 06:30:49'),
	(96, 'ready for', 'готов к чему то', NULL, NULL, 0, 0, 11, 11, 0, 11, NULL, '2020-12-05 18:36:19'),
	(97, 'full of …', 'полон чего то', NULL, NULL, 0, 0, 11, 11, 0, 11, NULL, '2020-12-11 07:05:03'),
	(98, 'wish ', 'желать / желание (не desire)', NULL, NULL, 0, 0, 11, 11, 0, 11, NULL, '2020-12-03 08:01:54'),
	(99, 'expression', 'выражение', NULL, NULL, 0, 0, 11, 11, 0, 11, NULL, '2020-12-05 18:36:25'),
	(100, 'accident ', 'происшествие', NULL, NULL, 0, 0, 10, 11, 1, 12, NULL, '2020-12-10 09:21:22'),
	(101, 'i passed this test', ' я сдал этот тест', NULL, NULL, 0, 0, 11, 11, 0, 11, NULL, '2020-12-10 08:42:58'),
	(102, 'necessary ', 'необходимо', NULL, NULL, 0, 0, 10, 11, 1, 12, NULL, '2020-12-07 06:35:20'),
	(103, 'alone ', 'один', NULL, NULL, 0, 0, 11, 11, 0, 11, NULL, '2020-12-10 08:49:00'),
	(104, 'look at', 'посмотреть на', NULL, NULL, 0, 0, 10, 11, 1, 12, NULL, '2020-12-03 07:43:46'),
	(105, 'get', 'получать / становиться', NULL, NULL, 0, 1, -8, 11, 0, 11, NULL, '2020-12-11 07:16:37'),
	(106, 'take ', 'брать ', NULL, NULL, 0, 0, 10, 10, 0, 10, NULL, '2020-12-03 07:41:54'),
	(107, 'take an offer', 'принять предложение', NULL, NULL, 0, 0, 1, 11, 1, 12, NULL, '2020-12-02 08:53:11'),
	(109, 'Fortunately [фочентли] ', 'к счастью', NULL, NULL, 0, 0, 10, 10, 0, 10, NULL, '2020-12-02 17:00:56'),
	(110, 'Unfortunately [анфочентли]', ' к сожалению / к несчастью', NULL, NULL, 0, 0, 11, 11, 0, 11, NULL, '2020-12-07 06:38:19'),
	(111, 'guess ', 'угадать / догадаться', NULL, NULL, 0, 0, 11, 11, 0, 11, NULL, '2020-12-04 07:33:26'),
	(112, 'others', 'других', NULL, NULL, 0, 1, 4, 11, 1, 12, NULL, '2020-12-11 07:16:37'),
	(113, 'criticize', 'критиковать', NULL, NULL, 0, 0, 11, 11, 0, 11, NULL, '2020-12-08 06:38:42'),
	(114, 'parcel ', 'посылка', NULL, NULL, 0, 0, 11, 11, 0, 11, NULL, '2020-12-11 07:11:15'),
	(115, 'at last ', 'наконец!!', NULL, NULL, 0, 0, 10, 14, 4, 18, NULL, '2020-12-10 09:16:38'),
	(116, 'the fence', 'забор', NULL, NULL, 0, 0, 11, 11, 0, 11, NULL, '2020-12-02 07:57:13'),
	(117, 'income ', 'доход', NULL, NULL, 0, 0, 11, 11, 0, 11, NULL, '2020-12-02 07:52:05'),
	(118, 'i can\'t', 'я не УМЕЮ', NULL, NULL, 0, 0, 11, 11, 0, 11, NULL, '2020-12-08 06:57:35'),
	(119, 'imagine ', 'представлять/ воображать', NULL, NULL, 0, 0, 10, 13, 3, 16, NULL, '2020-12-08 06:43:32'),
	(120, 'Let ', 'позволять', NULL, NULL, 0, 0, 10, 12, 2, 14, NULL, '2020-12-03 07:31:23'),
	(121, 'prepare (for)', 'готовить / готовиться', NULL, NULL, 0, 0, 10, 10, 0, 10, NULL, '2020-12-02 07:51:09'),
	(122, 'a bit', 'чуть-чуть', NULL, NULL, 0, 0, 11, 11, 0, 11, NULL, '2020-12-02 17:31:48'),
	(123, 'a little', 'немного', NULL, NULL, 0, 0, 11, 11, 0, 11, NULL, '2020-12-07 06:35:04'),
	(124, 'nowadays', 'в наше время', NULL, NULL, 0, 1, 9, 13, 2, 15, NULL, '2020-12-11 07:16:37'),
	(125, 'my own …', 'мой личный...', NULL, NULL, 0, 0, 11, 11, 0, 11, NULL, '2020-12-10 08:51:30'),
	(126, 'at the same time', 'одновременно', NULL, NULL, 0, 0, 9, 13, 4, 17, NULL, '2020-12-03 07:47:11'),
	(127, 'i would like', 'я бы хотел', NULL, NULL, 0, 0, 10, 10, 0, 10, NULL, '2020-12-03 07:42:35'),
	(128, 'i wouldn’t like', 'я бы не хотел', NULL, NULL, 0, 0, 10, 11, 1, 12, NULL, '2020-12-11 07:04:34'),
	(129, 'maybe / perhaps', 'возможно / может быть', NULL, NULL, 0, 0, 10, 11, 1, 12, NULL, '2020-12-02 08:51:09'),
	(130, 'choose - chose [чоус] - chosen', 'выбирать', NULL, NULL, 1, 0, 10, 11, 1, 12, NULL, '2020-12-07 07:06:06'),
	(131, 'break - broke [брок] - broken', 'ломать / нарушать / разбивать', NULL, NULL, 1, 0, 10, 14, 4, 18, NULL, '2020-12-02 07:52:21'),
	(132, 'break down', 'ломаться', NULL, NULL, 0, 0, 11, 11, 0, 11, NULL, '2020-12-03 07:24:01'),
	(133, 'leave [лив] - left - left', 'уезжать / уходить / оставлять / забывать', NULL, NULL, 1, 1, 7, 12, 1, 13, NULL, '2020-12-11 07:16:37'),
	(134, 'anyway', 'в люом случае', NULL, NULL, 0, 0, 9, 11, 2, 13, NULL, '2020-12-03 07:29:36'),
	(135, 'hide - hid - hidden', 'спрятаться', NULL, NULL, 1, 0, 11, 11, 0, 11, NULL, '2020-12-11 07:11:38'),
	(136, 'behind', 'за (чем то)', NULL, NULL, 0, NULL, 11, 11, 0, 11, NULL, '2020-12-02 17:16:17'),
	(137, 'fight - fought[фот] - fought', 'драться / сражаться', NULL, NULL, 1, 0, 11, 11, 0, 11, NULL, '2020-12-02 08:52:49'),
	(138, 'brave', 'смелый', NULL, NULL, 0, 1, 9, 11, 1, 12, NULL, '2020-12-11 07:16:37'),
	(139, 'bravely', 'смело', NULL, NULL, 0, 1, -8, 14, 5, 19, NULL, '2020-12-11 07:16:37'),
	(140, 'fall - fell - fallen', 'падать', NULL, NULL, 1, 0, 10, 12, 2, 14, NULL, '2020-12-04 13:56:29'),
	(141, 'hurt - hurt - hurt', 'повреждать / болеть (нога) / задевать', NULL, NULL, 1, 0, 11, 11, 0, 11, NULL, '2020-12-03 17:15:33'),
	(142, 'just', 'только что / всего лишь', NULL, NULL, 0, 0, 10, 10, 0, 10, NULL, '2020-12-10 08:58:00'),
	(143, 'sleep - slept - slept', 'спать', NULL, NULL, 1, 0, 11, 11, 0, 11, NULL, '2020-12-11 06:45:16'),
	(144, 'drive - drove - driven', 'вести (машину)', NULL, NULL, 1, 0, 11, 11, 0, 11, NULL, '2020-12-11 06:46:58'),
	(145, 'begin - began - begun', 'начинаться (формально)', NULL, NULL, 1, 0, 11, 11, 0, 11, NULL, '2020-12-04 07:54:25'),
	(146, 'half [хаф] an hour', 'пол часа', NULL, NULL, 0, 0, 11, 11, 0, 11, NULL, '2020-12-03 07:45:00'),
	(147, 'quite often', 'достаточно / довольно часто', NULL, NULL, 0, 0, 10, 11, 1, 12, NULL, '2020-12-02 17:25:41'),
	(148, 'pay the bill', 'оплатить счет', NULL, NULL, 0, 0, 1, 10, 0, 10, NULL, '2020-12-02 17:32:42'),
	(149, 'wake up - woke up - woken up', 'просыпаться / будить', NULL, NULL, 1, 0, 10, 12, 2, 14, NULL, '2020-12-03 07:38:28'),
	(150, 'He woke me up', 'Он разбудил меня', NULL, NULL, 0, 0, 11, 11, 0, 11, NULL, '2020-12-10 09:57:40'),
	(151, 'steal - stole - stolen', 'воровать / украсть', NULL, NULL, 1, 0, 11, 11, 0, 11, NULL, '2020-12-10 09:23:36'),
	(152, 'ride - rode - ridden', 'кататься / ездить верхом', NULL, NULL, 1, 0, 10, 12, 2, 14, NULL, '2020-12-02 08:52:43'),
	(153, 'I rode a hors', 'я катался на лошади', NULL, NULL, 0, 0, 10, 12, 2, 14, NULL, '2020-12-08 06:35:39'),
	(154, 'in summer', 'летом', NULL, NULL, 0, 0, 11, 11, 0, 11, NULL, '2020-12-03 07:35:50'),
	(155, 'sing - sang - sung', 'петь', NULL, NULL, 1, 0, 11, 13, 2, 15, NULL, '2020-12-08 06:49:59'),
	(156, 'sign', 'подписывать', NULL, NULL, 0, 0, 0, 10, 0, 10, NULL, '2020-10-23 12:38:32'),
	(157, 'cry', 'плакать / кричать', NULL, NULL, 0, 0, 11, 11, 0, 11, NULL, '2020-12-08 06:45:10'),
	(158, 'laugh [лаф] / laugh at', 'смеяться / смеяться над', NULL, NULL, 0, 0, 11, 11, 0, 11, NULL, '2020-12-10 09:27:40'),
	(159, 'for no reason', 'без причины', NULL, NULL, 0, 0, 1, 10, 0, 10, NULL, '2020-12-02 08:53:11'),
	(160, 'reason', 'причина', NULL, NULL, 0, 0, 11, 11, 0, 11, NULL, '2020-12-10 09:14:38'),
	(161, 'thank / thank for', 'благодарить / благодарить за', NULL, NULL, 0, 0, 10, 17, 7, 24, NULL, '2020-12-11 06:39:23'),
	(162, 'interfere ', 'вмешиваться', NULL, NULL, 0, 0, 11, 12, 1, 13, NULL, '2020-12-07 06:35:07'),
	(163, 'look for', 'искать', NULL, NULL, 0, 0, 10, 12, 2, 14, NULL, '2020-12-10 09:22:16'),
	(164, 'urgently ', 'немедленно (всегда в конце)', NULL, NULL, 0, 0, 11, 11, 0, 11, NULL, '2020-12-07 06:34:25'),
	(165, 'move', 'переезжать', NULL, NULL, 0, 0, 11, 11, 0, 11, NULL, '2020-12-03 07:47:37'),
	(166, 'innocent people', 'невинные люди', NULL, NULL, 0, 0, 11, 11, 0, 11, NULL, '2020-12-02 08:48:09'),
	(167, 'holiday ', 'праздник', NULL, NULL, 0, 0, 11, 11, 0, 11, NULL, '2020-12-08 06:57:16'),
	(168, 'enjoy ', 'наслаждаться / обожать', NULL, NULL, 0, 0, 1, 10, 0, 10, NULL, '2020-12-02 17:18:36'),
	(169, 'goods ', 'товары / товар', NULL, NULL, 0, 0, 11, 11, 0, 11, NULL, '2020-12-03 07:44:40'),
	(170, 'deliver ', 'доставлять', NULL, NULL, 0, 0, 10, 11, 1, 12, NULL, '2020-12-08 06:37:32'),
	(171, 'belong ', 'принадлежать', NULL, NULL, 0, 0, 10, 12, 2, 14, NULL, '2020-12-02 07:55:24'),
	(172, 'join someone', 'присоединиться к кому то', NULL, NULL, 0, 0, 11, 11, 0, 11, NULL, '2020-12-03 07:46:06'),
	(173, 'lie - [правильный] / lie to', 'лгать / лгать кому то', NULL, NULL, 0, 0, 11, 11, 0, 11, NULL, '2020-12-10 08:44:17'),
	(174, 'lie down ', 'прилечь', NULL, NULL, 0, 0, 11, 11, 0, 11, NULL, '2020-12-04 07:29:21'),
	(175, 'depend on', 'зависеть от', NULL, NULL, 0, 0, 11, 11, 0, 11, NULL, '2020-12-07 07:10:06'),
	(176, 'each of us', 'каждый из нас', NULL, NULL, 0, NULL, 10, 10, 0, 10, NULL, '2020-12-02 17:17:29'),
	(177, 'interrupt[интерапт]', 'перебивать', NULL, NULL, 0, 0, 10, 11, 1, 12, NULL, '2020-12-03 07:59:15'),
	(178, 'relax / have a rest', ' отдыхать / расслабляться', NULL, NULL, 0, 0, 10, 10, 0, 10, NULL, '2020-12-03 07:44:54'),
	(179, 'polite to', 'вежливый с ...', NULL, NULL, 0, 1, 4, 11, 3, 14, NULL, '2020-12-11 07:16:37'),
	(180, 'opportunity ', 'возможность', NULL, NULL, 0, 0, 10, 11, 1, 12, NULL, '2020-12-07 06:34:17'),
	(181, 'advice[эдвайс]', 'совет', NULL, NULL, 0, 0, 11, 11, 0, 11, NULL, '2020-12-04 07:57:38'),
	(182, 'advise[эдвайз]', 'советовать', NULL, NULL, 0, 0, 10, 10, 0, 10, NULL, '2020-12-08 06:40:17'),
	(183, 'more confidently', 'более уверенно', NULL, NULL, 0, 0, 10, 17, 7, 24, NULL, '2020-12-02 17:26:52'),
	(184, 'confidence ', 'уверенность', NULL, NULL, 0, 0, 0, 0, 0, 0, NULL, '2020-12-03 07:46:43'),
	(185, 'trousers ', ' бруки )', NULL, NULL, 0, 0, 11, 11, 0, 11, NULL, '2020-12-11 07:09:56'),
	(186, 'skirt ', 'юбка', NULL, NULL, 0, 0, 11, 11, 0, 11, NULL, '2020-12-04 07:19:58'),
	(187, 'patience [пейшенс]', 'терпение', NULL, NULL, 0, 0, 10, 13, 3, 16, NULL, '2020-12-11 06:40:05'),
	(188, 'sails[сейлз] ', 'продажи', NULL, NULL, 0, 0, 1, 10, 0, 10, NULL, '2020-12-02 17:32:42'),
	(189, 'way', 'способ', NULL, NULL, 0, 0, 11, 11, 0, 11, NULL, '2020-12-11 07:15:42'),
	(190, 'anniversary [ˌanəˈvərs(ə)rē]', 'годовщина', NULL, NULL, 0, 0, 11, 11, 0, 11, NULL, '2020-12-02 16:58:30'),
	(191, 'ill', 'болен (прил)', NULL, NULL, 0, 0, 10, 10, 0, 10, NULL, '2020-12-03 08:00:59'),
	(192, 'feel bad', 'чувствовать себя плохо', NULL, NULL, 0, 0, 10, 10, 0, 10, NULL, '2020-12-07 07:11:51'),
	(193, 'healthy', 'здоров (прил)', NULL, NULL, 0, 0, 10, 11, 1, 12, NULL, '2020-12-03 07:58:30'),
	(194, 'myself', 'себя', NULL, NULL, 0, 0, 11, 12, 1, 13, NULL, '2020-12-11 06:39:51'),
	(195, 'weak', 'слабый  (антоним strong)', NULL, NULL, 0, 0, 11, 11, 0, 11, NULL, '2020-12-04 13:59:16'),
	(196, 'men', 'мужчины', NULL, NULL, 0, 0, 10, 14, 4, 19, NULL, '2020-12-02 08:51:41'),
	(197, 'justice', ' справедливость', NULL, NULL, 0, 0, 11, 11, 0, 11, NULL, '2020-12-02 08:47:53'),
	(198, 'injustice', 'не справедливость', NULL, NULL, 0, 0, 11, 11, 0, 11, NULL, '2020-12-03 07:27:48'),
	(199, 'usual', 'обычный', NULL, NULL, 0, 0, 10, 13, 3, 16, NULL, '2020-12-04 07:18:15'),
	(200, 'unusual ', 'необычный', NULL, NULL, 0, 0, 10, 15, 5, 20, NULL, '2020-12-07 06:37:42'),
	(201, 'unusually ', 'необычно', NULL, NULL, 0, 0, 10, 11, 1, 12, NULL, '2020-12-07 06:38:01'),
	(202, 'mostly / mainly', 'в основном', NULL, NULL, 0, 0, 11, 11, 0, 11, NULL, '2020-12-02 07:52:09'),
	(203, 'special ', 'особенный', NULL, NULL, 0, 0, 11, 11, 0, 11, NULL, '2020-12-10 09:24:03'),
	(204, 'quite good ', 'довольно хороший (применяется для хорошего)', NULL, NULL, 0, 0, 10, 12, 2, 14, NULL, '2020-12-03 08:02:26'),
	(205, 'rather expensive', 'довольно дорого (применяется для отрицательного)', NULL, NULL, 0, NULL, 11, 11, 0, 11, NULL, '2020-12-02 17:18:28'),
	(206, 'sunny', 'солнечный', NULL, NULL, 0, 0, 11, 11, 0, 11, NULL, '2020-12-03 08:00:26'),
	(207, 'rainy ', 'дождливый', NULL, NULL, 0, 0, 11, 11, 0, 11, NULL, '2020-12-03 07:46:35'),
	(208, 'miss ', 'пропустить', NULL, NULL, 0, 0, 11, 11, 0, 11, NULL, '2020-12-03 07:36:07'),
	(209, 'explain', 'объяснять', NULL, NULL, 0, 0, 11, 11, 0, 11, NULL, '2020-12-03 08:00:01'),
	(210, 'reach an Advanced level', ' достичь / достигать  продвинутого уровня', NULL, NULL, 0, 0, 10, 10, 0, 10, NULL, '2020-12-03 08:02:44'),
	(212, 'it’s warm', 'тепло', NULL, NULL, 0, 0, 10, 10, 0, 10, NULL, '2020-12-04 07:45:19'),
	(213, 'it’s cold', 'холодно', NULL, NULL, 0, 0, 10, 11, 1, 12, NULL, '2020-12-04 07:41:11'),
	(214, 'it’s hot', 'жарко', NULL, NULL, 0, 0, 11, 11, 0, 11, NULL, '2020-12-03 07:39:59'),
	(215, 'it’s dark', 'темно', NULL, NULL, 0, 0, 10, 10, 0, 10, NULL, '2020-12-08 06:48:51'),
	(216, 'it sounds ...', 'это звучит ...', NULL, NULL, 0, 0, 10, 11, 1, 12, NULL, '2020-12-08 06:57:38'),
	(217, 'on monday', 'в понедельник .', NULL, NULL, 0, 0, 11, 11, 0, 11, NULL, '2020-12-05 18:33:53'),
	(218, 'listen to ..', 'слушать ...', NULL, NULL, 0, 0, 10, 11, 1, 12, NULL, '2020-12-04 07:56:10'),
	(219, 'education ', 'образование', NULL, NULL, 0, 0, 11, 11, 0, 11, NULL, '2020-12-02 07:58:40'),
	(220, 'support ', 'поддерживать / поддержка', NULL, NULL, 0, 0, 10, 10, 0, 10, NULL, '2020-12-04 07:54:20'),
	(221, 'happen (to)', 'происходить (c)', NULL, NULL, 0, 0, 10, 12, 2, 14, NULL, '2020-12-04 07:54:32'),
	(222, 'try', 'стараться / пытаться', NULL, NULL, 0, 0, 11, 11, 0, 11, NULL, '2020-12-08 06:42:08'),
	(223, 'correct', 'исправлять', NULL, NULL, 0, 1, 7, 12, 1, 13, NULL, '2020-12-11 07:16:37'),
	(224, 'correctly ', 'правильно', NULL, NULL, 0, 0, 1, 11, 2, 13, NULL, '2020-12-03 07:40:38'),
	(225, 'opinion ', 'мнение', NULL, NULL, 0, 0, 11, 11, 0, 11, NULL, '2020-12-10 09:17:24'),
	(226, 'point of view', 'точка зрения', NULL, NULL, 0, 0, 10, 10, 0, 10, NULL, '2020-12-11 06:44:37'),
	(227, 'decision [десижн]', 'решение', NULL, NULL, 0, 0, 10, 11, 1, 12, NULL, '2020-12-11 07:06:48'),
	(228, 'difficulty', 'трудность', NULL, NULL, 0, 0, 10, 12, 2, 14, NULL, '2020-12-03 07:42:10'),
	(229, 'difficulties', 'трудности', NULL, NULL, 0, 0, 11, 11, 0, 11, NULL, '2020-12-07 07:06:43'),
	(230, 'tiring', 'утомительно', NULL, NULL, 0, 0, 10, 14, 4, 18, NULL, '2020-12-03 07:35:01'),
	(231, 'trip', 'поездка / путешествие', NULL, NULL, 0, 0, 11, 11, 0, 11, NULL, '2020-12-10 09:21:57'),
	(232, 'refuse', 'отказываться', NULL, NULL, 0, 1, 6, 11, 1, 12, NULL, '2020-12-11 07:16:37'),
	(233, 'refusal ', 'отказ', NULL, NULL, 0, 0, 10, 12, 2, 14, NULL, '2020-12-11 06:51:48'),
	(234, 'sign contract', 'подписывать контракт', NULL, NULL, 0, 0, 10, 12, 2, 14, NULL, '2020-12-02 07:50:50'),
	(235, 'communicate', 'общаться', NULL, NULL, 0, 0, 1, 10, 0, 10, NULL, '2020-12-02 17:18:36'),
	(236, 'criminal ', 'преступник', NULL, NULL, 0, 0, 11, 11, 0, 11, NULL, '2020-12-03 07:37:02'),
	(237, 'should', 'следует (не так настойчиво)', NULL, NULL, 0, 0, 10, 13, 3, 16, NULL, '2020-12-02 07:54:23'),
	(238, 'good', 'хороший', NULL, NULL, 0, 0, 10, 11, 1, 12, NULL, '2020-12-10 10:01:11'),
	(239, 'well', 'хорошо', NULL, NULL, 0, 0, 10, 11, 1, 12, NULL, '2020-12-07 07:10:23'),
	(241, 'choice ', 'выбор', NULL, NULL, 0, 0, 11, 11, 0, 11, NULL, '2020-12-03 08:00:43'),
	(242, 'admire', 'восхищаться', NULL, NULL, 0, 0, 11, 11, 0, 11, NULL, '2020-12-03 07:46:28'),
	(243, 'naive', 'наивный', NULL, NULL, 0, 0, 11, 11, 0, 11, NULL, '2020-12-11 07:14:57'),
	(244, 'wonderful ', 'замечательно', NULL, NULL, 0, 0, 11, 11, 0, 11, NULL, '2020-12-10 08:50:02'),
	(245, 'obvious ', 'очевидный', NULL, NULL, 0, 0, 11, 11, 0, 11, NULL, '2020-12-03 08:01:59'),
	(246, 'obviously ', 'очевидно (вводное слово)', NULL, NULL, 0, 0, 10, 12, 2, 14, NULL, '2020-12-05 18:33:16'),
	(248, 'spend my time', 'тратить мое время', NULL, NULL, 0, 0, 10, 11, 1, 12, NULL, '2020-12-02 16:59:23'),
	(249, 'pay for it', 'платить за это', NULL, NULL, 0, 0, 11, 11, 0, 11, NULL, '2020-12-02 08:52:01'),
	(250, 'be against [эгенст]', 'быть против', NULL, NULL, 0, 0, 1, 10, 1, 11, NULL, '2020-12-02 08:53:11'),
	(251, 'decide ', 'решить (что то сделать)', NULL, NULL, 0, 0, 11, 13, 2, 15, NULL, '2020-12-04 07:44:58'),
	(252, 'to be surprised by / to be surprised at', 'удивлен (чем то) / удивлен (чем то)', NULL, NULL, 0, 0, 10, 12, 2, 14, NULL, '2020-12-10 08:43:38'),
	(253, 'knowledge ', 'знания / знание (но всегда в ед. числе)', NULL, NULL, 0, 0, 11, 11, 0, 11, NULL, '2020-12-10 08:45:16'),
	(254, 'rude ', 'грубый (невежливый)', NULL, NULL, 0, 0, 11, 11, 0, 11, NULL, '2020-12-02 07:58:24'),
	(255, 'behave well / badly', 'вести себя хорошо / плохо', NULL, NULL, 0, 0, 10, 14, 4, 18, NULL, '2020-12-08 06:52:49'),
	(256, 'abroad', 'за границей', NULL, NULL, 0, 0, 11, 11, 0, 11, NULL, '2020-12-04 07:48:10'),
	(257, 'bring money', 'приносить деньги', NULL, NULL, 0, 0, 10, 11, 1, 12, NULL, '2020-12-03 07:26:18'),
	(258, 'bring you money', 'приносит тебе деньги', NULL, NULL, 0, 0, 1, 10, 0, 10, NULL, '2020-12-02 08:53:11'),
	(259, 'earn', 'зарабатывать', NULL, NULL, 0, 0, 11, 11, 0, 11, NULL, '2020-12-03 07:35:47'),
	(260, 'enough [инаф] ', 'достаточно', NULL, NULL, 0, 0, 10, 11, 1, 12, NULL, '2020-12-04 13:57:00'),
	(261, 'more than enough', ' более чем достаточно', NULL, NULL, 0, 0, 11, 11, 0, 11, NULL, '2020-12-02 07:51:57'),
	(262, 'a couple', 'пара/несколько', NULL, NULL, 0, 0, 11, 11, 0, 11, NULL, '2020-12-07 07:06:39'),
	(263, 'look ', 'выглядеть', NULL, NULL, 0, 0, 13, 14, 1, 15, NULL, '2020-12-10 09:59:36'),
	(264, 'seem ', 'казаться', NULL, NULL, 0, 0, 1, 10, 0, 10, NULL, '2020-12-03 07:32:42'),
	(265, 'эта вещь', ' this thing', NULL, NULL, 0, 0, 10, 11, 1, 12, NULL, '2020-12-04 07:30:54'),
	(266, 'эти вещи', ' these [зиз] things', NULL, NULL, 0, 0, 10, 10, 0, 10, NULL, '2020-12-03 07:36:52'),
	(267, 'та/тот/той (вещь)', ' that (thing)', NULL, NULL, 0, 0, 1, 11, 2, 13, NULL, '2020-12-02 07:58:47'),
	(268, 'those [зоуз] ', 'те', NULL, NULL, 0, 0, 11, 11, 0, 11, NULL, '2020-12-10 09:56:35'),
	(269, 'often ', 'часто', NULL, NULL, 0, 0, 11, 11, 0, 11, NULL, '2020-12-03 07:58:37'),
	(271, 'rarely / seldom ', 'редко', NULL, NULL, 0, 0, 10, 10, 0, 10, NULL, '2020-12-08 06:55:00'),
	(272, 'always ', 'всегда', NULL, NULL, 0, 0, 11, 11, 0, 11, NULL, '2020-12-11 07:13:13'),
	(273, 'sometimes ', 'иногда', NULL, NULL, 0, 0, 10, 11, 1, 12, NULL, '2020-12-10 08:39:20'),
	(274, 'almost ', 'практически / почти что', NULL, NULL, 0, 0, 11, 11, 0, 11, NULL, '2020-12-10 09:27:48'),
	(275, 'suddenly ', 'вдруг', NULL, NULL, 0, 0, 10, 10, 0, 10, NULL, '2020-12-07 06:35:50'),
	(276, 'one day', 'однажды', NULL, NULL, 0, 0, 11, 11, 0, 11, NULL, '2020-12-03 07:36:34'),
	(278, 'chair', 'стул', NULL, NULL, 0, 0, 11, 11, 0, 11, NULL, '2020-12-10 08:46:10'),
	(279, 'armchair', 'кресло', NULL, NULL, 0, 0, 11, 11, 0, 11, NULL, '2020-12-10 09:20:20'),
	(280, 'hard', 'усердно', NULL, NULL, 0, 0, 10, 11, 1, 12, NULL, '2020-12-04 07:57:29'),
	(281, 'completely', 'полностью / совершенно', NULL, NULL, 0, 0, 11, 11, 0, 11, NULL, '2020-12-11 06:43:48'),
	(282, 'completely fluently', 'совершенно свободно', NULL, NULL, 0, 0, 11, 11, 0, 11, NULL, '2020-12-02 08:51:59'),
	(283, 'loudly', 'громко', NULL, NULL, 0, 0, 10, 14, 4, 18, NULL, '2020-12-05 18:30:15'),
	(284, 'quietly', 'тихо', NULL, NULL, 0, 1, -8, 12, 3, 15, NULL, '2020-12-11 07:16:37'),
	(285, 'thanks to', 'благодаря', NULL, NULL, 0, 0, 10, 12, 2, 14, NULL, '2020-12-03 07:31:28'),
	(286, 'filling ', 'чувство ', NULL, NULL, 0, 0, 10, 10, 0, 10, NULL, '2020-12-04 07:56:55'),
	(287, 'The day after tomorrow', 'послезавтра', NULL, NULL, 0, 0, 11, 11, 0, 11, NULL, '2020-12-04 07:16:37'),
	(288, 'The day before yesterday', 'позавчера', NULL, NULL, 0, 0, 10, 10, 0, 10, NULL, '2020-12-11 07:01:08'),
	(289, 'talk on the phone', ' говорить по телефону.', NULL, NULL, 0, 0, 10, 11, 1, 12, NULL, '2020-12-08 06:37:13'),
	(290, 'too much', 'слишком (с негативным оттенком) много', NULL, NULL, 0, 0, 11, 12, 1, 13, NULL, '2020-12-03 07:36:12'),
	(291, 'sooner or later', 'рано или поздно', NULL, NULL, 0, 0, 11, 11, 0, 11, NULL, '2020-12-07 06:34:13'),
	(292, 'in the end / eventually', ' в конце концов /  в конце концов', NULL, NULL, 0, 0, 9, 11, 2, 13, NULL, '2020-12-07 06:38:41'),
	(293, 'in the beginning', 'в начале', NULL, NULL, 0, 0, 11, 11, 0, 11, NULL, '2020-12-11 07:09:52'),
	(294, 'tonight', 'сегодня вечером', NULL, NULL, 0, 0, 10, 10, 0, 10, NULL, '2020-12-10 09:57:55'),
	(295, 'came back', 'прийти назад / вернуться. = return', NULL, NULL, 0, 0, 11, 11, 0, 11, NULL, '2020-12-07 07:07:44'),
	(296, 'each other', 'друг друга', NULL, NULL, 0, 0, 10, 12, 2, 14, NULL, '2020-12-10 08:44:48'),
	(297, 'How', 'как / на сколько', NULL, NULL, 0, 0, 11, 11, 0, 11, NULL, '2020-12-11 06:57:21'),
	(298, 'Why ', 'зачем / почему', NULL, NULL, 0, 0, 11, 11, 0, 11, NULL, '2020-12-07 06:34:39'),
	(299, 'Where ', ' где / куда', NULL, NULL, 0, 0, 11, 11, 0, 11, NULL, '2020-12-04 13:55:47'),
	(300, 'When', 'когда', NULL, NULL, 0, 0, 10, 12, 2, 14, NULL, '2020-12-08 06:52:58'),
	(301, 'What ', 'что / какое / какая / какие', NULL, NULL, 0, 0, 11, 11, 0, 11, NULL, '2020-12-02 17:00:37'),
	(302, 'Who', 'кто / кого', NULL, NULL, 0, 0, 11, 11, 0, 11, NULL, '2020-12-10 09:18:16'),
	(303, 'Whose idea', 'чья идея', NULL, NULL, 0, 0, 11, 11, 0, 11, NULL, '2020-12-05 18:34:04'),
	(304, 'How far', 'как далеко', NULL, NULL, 0, 0, 11, 11, 0, 11, NULL, '2020-12-04 13:56:57'),
	(305, 'What time', 'во сколько (времени)', NULL, NULL, 0, 0, 11, 11, 0, 11, NULL, '2020-12-03 07:37:44'),
	(306, 'then ', 'затем', NULL, NULL, 0, 0, 10, 11, 1, 12, NULL, '2020-12-10 09:58:10'),
	(307, 'sentence', 'предложение в тексте', NULL, NULL, 0, 0, 11, 11, 0, 11, NULL, '2020-12-04 07:55:38'),
	(308, 'pie', 'пирог', NULL, NULL, 0, 0, 10, 10, 0, 10, NULL, '2020-12-10 08:57:33'),
	(309, 'cake', 'торт', NULL, NULL, 0, 0, 11, 11, 0, 11, NULL, '2020-12-03 07:31:21'),
	(310, 'much', 'много / на много', NULL, NULL, 0, 0, 11, 11, 0, 11, NULL, '2020-12-11 06:45:57'),
	(311, 'lots of friends', 'много друзей', NULL, NULL, 0, 0, 10, 11, 1, 12, NULL, '2020-12-04 07:29:57'),
	(312, 'a lot of', 'много (положительно)', NULL, NULL, 0, 0, 10, 12, 2, 14, NULL, '2020-12-07 06:33:46'),
	(313, 'little', 'мало', NULL, NULL, 0, 0, 11, 11, 0, 11, NULL, '2020-12-03 07:47:01'),
	(314, 'greatly', 'очень сильно (ставится в конце)', NULL, NULL, 0, 0, 11, 11, 0, 11, NULL, '2020-12-04 13:58:15'),
	(315, 'a lot', ' сильно (ставится в конце)', NULL, NULL, 0, 1, 8, 12, 3, 15, NULL, '2020-12-11 07:16:37'),
	(316, 'How much', 'сколько (не исчисляемое - time / money)', NULL, NULL, 0, 0, 11, 11, 0, 11, NULL, '2020-12-10 08:46:33'),
	(317, 'How many', 'сколько (исчисляемое - friends / mistakes)', NULL, NULL, 0, 0, 10, 11, 1, 12, NULL, '2020-12-08 06:55:35'),
	(318, 'How often', 'как часто', NULL, NULL, 0, 0, 11, 11, 0, 11, NULL, '2020-12-04 07:32:51'),
	(319, 'early', 'ранний', NULL, NULL, 0, 0, 10, 14, 4, 18, NULL, '2020-12-11 06:47:23'),
	(320, 'earlier', 'раньше', NULL, NULL, 0, 0, 10, 12, 2, 14, NULL, '2020-12-03 07:31:55'),
	(321, 'late', 'поздно', NULL, NULL, 0, 0, 11, 11, 0, 11, NULL, '2020-12-04 07:28:24'),
	(322, 'fully', 'полностью', NULL, NULL, 0, NULL, 10, 11, 1, 12, NULL, '2020-12-02 17:17:38'),
	(323, 'all ..', 'все (что то)', NULL, NULL, 0, 0, 11, 12, 1, 13, NULL, '2020-12-02 17:32:32'),
	(324, 'everything.', ' все. (просто все :))', NULL, NULL, 0, 0, 1, 10, 0, 10, NULL, '2020-12-02 08:53:11'),
	(325, 'everywhere', 'везде', NULL, NULL, 0, 0, 10, 11, 1, 12, NULL, '2020-12-11 06:45:19'),
	(326, 'remember', 'помнить / вспомнить /запомнить', NULL, NULL, 0, 0, 11, 11, 0, 11, NULL, '2020-12-03 07:39:37'),
	(328, 'wait for', 'ждать кого то', NULL, NULL, 0, 0, 11, 11, 0, 11, NULL, '2020-12-04 07:15:12'),
	(329, 'Speak English', 'говорить на английском', NULL, NULL, 0, 0, 10, 11, 1, 12, NULL, '2020-12-03 07:40:23'),
	(330, 'Say', 'сказать / говорить', NULL, NULL, 0, 0, 1, 10, 1, 11, NULL, '2020-10-12 05:51:52'),
	(332, 'Talk', 'говорить о чем то / обсуждать', NULL, NULL, 0, 0, 10, 11, 1, 12, NULL, '2020-12-11 07:15:27'),
	(333, 'speech', 'речь (спич)', NULL, NULL, 0, 0, 11, 11, 0, 11, NULL, '2020-12-02 08:50:50'),
	(334, 'Improve', 'улучшать', NULL, NULL, 0, 0, 11, 11, 0, 11, NULL, '2020-12-03 08:02:58'),
	(335, 'poor', 'бедный', NULL, NULL, 0, 1, 2, 11, 1, 12, NULL, '2020-12-11 07:16:37'),
	(336, 'rich', 'богатый', NULL, NULL, 0, 0, 11, 11, 0, 11, NULL, '2020-12-05 18:29:15'),
	(337, 'married', 'женат / замужем', NULL, NULL, 0, NULL, 10, 12, 2, 14, NULL, '2020-12-02 17:10:14'),
	(338, 'get married', 'жениться / выходить замуж', NULL, NULL, 0, 1, -6, 11, 3, 14, NULL, '2020-12-11 07:16:37'),
	(339, 'divorce', 'развод', NULL, NULL, 0, 0, 11, 11, 0, 11, NULL, '2020-12-03 07:38:20'),
	(340, 'divorced', 'разведены', NULL, NULL, 0, 0, 10, 11, 1, 12, NULL, '2020-12-10 10:03:35'),
	(341, 'marry her - marry him', 'жениться на ней / выходить замуж за него', NULL, NULL, 0, 0, 10, 11, 1, 12, NULL, '2020-12-05 18:34:10'),
	(342, 'single', 'холост', NULL, NULL, 0, 0, 11, 11, 0, 11, NULL, '2020-12-04 13:58:43'),
	(343, 'boring', 'скучно / скучный', NULL, NULL, 0, 0, 10, 13, 3, 16, NULL, '2020-12-02 07:51:27'),
	(344, 'tired [тайд]', 'устал / уставший', NULL, NULL, 0, 0, 11, 11, 0, 11, NULL, '2020-12-04 07:33:01'),
	(345, 'i think that ...', 'я думаю что ...', NULL, NULL, 0, 0, 11, 11, 0, 11, NULL, '2020-12-07 07:07:02'),
	(346, 'I hope', 'я надеюсь.', NULL, NULL, 0, 0, 11, 11, 0, 11, NULL, '2020-12-10 08:48:47'),
	(347, 'Far', 'далеко', NULL, NULL, 0, 0, 11, 11, 0, 11, NULL, '2020-12-02 07:53:46'),
	(348, 'Near ', 'близко', NULL, NULL, 0, 0, 11, 11, 0, 11, NULL, '2020-12-03 07:41:36'),
	(349, 'Hard-working', 'трудолюбивый', NULL, NULL, 0, 0, 10, 10, 0, 10, NULL, '2020-12-04 07:12:28'),
	(350, 'lazy', 'ленивый', NULL, NULL, 0, 0, 10, 10, 0, 10, NULL, '2020-12-04 07:57:32'),
	(351, 'a native speaker', 'носитель языка', NULL, NULL, 0, 0, 11, 11, 0, 11, NULL, '2020-12-03 08:01:26'),
	(352, 'comfortable ', 'удобно', NULL, NULL, 0, 1, 6, 13, 4, 17, NULL, '2020-12-11 07:16:37'),
	(353, 'colleague ', 'коллега', NULL, NULL, 0, 0, 11, 11, 0, 11, NULL, '2020-12-10 09:28:11'),
	(354, 'boss ', 'начальник', NULL, NULL, 0, 0, 11, 11, 0, 11, NULL, '2020-12-04 13:57:10'),
	(355, 'successful ', 'успешный', NULL, NULL, 0, 0, 1, 11, 1, 12, NULL, '2020-12-03 07:32:42'),
	(356, 'useful ', 'полезный', NULL, NULL, 0, 0, 10, 12, 2, 14, NULL, '2020-12-03 07:59:12'),
	(357, 'useless ', 'бесполезный', NULL, NULL, 0, 1, 7, 11, 1, 12, NULL, '2020-12-11 07:16:37'),
	(358, 'it isn’t so', 'это не так', NULL, NULL, 0, 0, 11, 11, 0, 11, NULL, '2020-12-03 07:40:20'),
	(359, 'than', 'чем', NULL, NULL, 0, 0, 10, 16, 6, 22, NULL, '2020-12-07 07:13:00'),
	(360, 'then', 'затем', NULL, NULL, 0, 0, 1, 10, 1, 11, NULL, '2020-10-21 05:30:21'),
	(361, 'It\'s the best way', 'Это самый лучший способ', NULL, NULL, 0, 0, 11, 11, 0, 11, NULL, '2020-12-04 07:46:43'),
	(362, 'go - went - gone', 'иддти', NULL, NULL, 1, 1, 1, 12, 1, 13, NULL, '2020-12-11 07:16:37'),
	(363, 'do - did - done', 'делать', NULL, NULL, 1, 0, 11, 11, 0, 11, NULL, '2020-12-02 08:50:55'),
	(364, 'make - made - made', 'делать (создавать)', NULL, NULL, 1, 0, 10, 11, 1, 12, NULL, '2020-12-07 06:36:18'),
	(365, 'come - came - come', 'приходить', NULL, NULL, 1, 0, 11, 11, 0, 11, NULL, '2020-12-04 13:54:26'),
	(366, 'see - saw[со] - seen', 'видеть', NULL, NULL, 1, 0, 11, 11, 0, 11, NULL, '2020-12-10 08:38:28'),
	(367, 'know - knew - known', 'знать', NULL, NULL, 1, 0, 10, 10, 0, 10, NULL, '2020-12-10 09:18:51'),
	(368, 'get - got - got', 'получать', NULL, NULL, 1, 0, 0, 12, 2, 14, NULL, '2020-10-23 12:35:29'),
	(369, 'feel - felt - felt', 'чувствовать', NULL, NULL, 1, 0, 11, 11, 0, 11, NULL, '2020-12-02 17:21:30'),
	(370, 'say - said[сэд] - seid', 'сказать (что то)', NULL, NULL, 1, 0, 11, 13, 2, 15, NULL, '2020-12-07 07:13:12'),
	(371, 'tell - told - told', 'сказать / рассказать (кому то)', NULL, NULL, 1, 0, 11, 11, 0, 11, NULL, '2020-12-10 08:52:42'),
	(372, 'take - took - taken', 'брать', NULL, NULL, 1, 0, 10, 12, 2, 14, NULL, '2020-12-02 17:29:35'),
	(373, 'think - thought[соот] - thought', 'думать', NULL, NULL, 1, 0, 1, 10, 0, 10, NULL, '2020-12-03 07:32:42'),
	(374, 'have - had - had', 'иметь', NULL, NULL, 1, NULL, 9, 12, 3, 15, NULL, '2020-12-02 17:18:12'),
	(375, 'give - gave - given', 'давать', NULL, NULL, 1, 0, 11, 11, 0, 11, NULL, '2020-12-08 06:55:26'),
	(376, 'find - found - found', 'находить', NULL, NULL, 1, 0, 11, 11, 0, 11, NULL, '2020-12-08 06:41:47'),
	(377, 'become - became - become', 'становиться / не get', NULL, NULL, 1, 0, 10, 11, 1, 12, NULL, '2020-12-10 09:22:09'),
	(378, 'bring - brought[брот] - brought', 'приносить / приводить', NULL, NULL, 1, 1, 7, 11, 1, 12, NULL, '2020-12-11 07:16:37'),
	(379, 'write - wrote - written', 'писать', NULL, NULL, 1, 0, 11, 11, 0, 11, NULL, '2020-12-03 08:02:55'),
	(380, 'meet - met - met', 'встречать', NULL, NULL, 1, 0, 1, 10, 0, 10, NULL, '2020-12-02 17:32:42'),
	(381, 'pay for - paid for - paid -for', 'пплатить (за)', NULL, NULL, 1, 0, 11, 11, 0, 11, NULL, '2020-12-03 07:46:40'),
	(382, 'read - read[ред!] - read[ред!]', 'читать', NULL, NULL, 1, 0, 11, 11, 0, 11, NULL, '2020-12-10 08:57:17'),
	(383, 'be - was/were - been', 'быть', NULL, NULL, 1, 0, 11, 11, 0, 11, NULL, '2020-12-02 08:51:35'),
	(384, 'buy - bought[бот] - bought ', 'покупать', NULL, NULL, 1, 0, 11, 11, 0, 11, NULL, '2020-12-10 09:27:58'),
	(385, 'cost - cost - cost', 'стоить', NULL, NULL, 1, 0, 10, 12, 2, 14, NULL, '2020-12-07 07:06:14'),
	(386, 'learn* - learnt - learnt', 'учить - может быть и правильным и нет', NULL, NULL, 1, 0, 11, 11, 0, 11, NULL, '2020-12-04 13:58:22'),
	(387, 'sell - sold - sold', 'продавать', NULL, NULL, 1, 0, 11, 11, 0, 11, NULL, '2020-12-07 06:36:12'),
	(388, 'speak - spoke - spoken', 'говорить (на англ)', NULL, NULL, 1, 0, 10, 14, 4, 18, NULL, '2020-12-07 06:38:07'),
	(389, 'spend - spent - spent', 'тратить', NULL, NULL, 1, 0, 11, 11, 0, 11, NULL, '2020-12-07 07:13:17'),
	(390, 'swim - swam - swum', 'плавать', NULL, NULL, 1, 0, 11, 11, 0, 11, NULL, '2020-12-04 07:31:50'),
	(391, 'teach - taught [тот] - taught', 'учить (кого то)', NULL, NULL, 1, 0, 10, 11, 1, 12, NULL, '2020-12-04 07:11:16'),
	(392, 'understand - understood - understood', 'понимать', NULL, NULL, 1, 0, 11, 11, 0, 11, NULL, '2020-12-07 06:36:58'),
	(393, 'run - ran - run', 'бегать', NULL, NULL, 1, 0, 11, 11, 0, 11, NULL, '2020-12-04 13:57:40'),
	(394, 'sit - sat - sat', 'сидеть', NULL, NULL, 1, 0, 11, 11, 0, 11, NULL, '2020-12-10 09:19:35'),
	(395, 'stand - stood - stood', 'стоять', NULL, NULL, 1, 0, 10, 12, 2, 14, NULL, '2020-12-02 08:53:06'),
	(396, 'lose - lost - lost', 'терять ', NULL, NULL, 1, 0, 10, 13, 3, 16, NULL, '2020-12-04 07:33:52'),
	(397, 'build - built - built', 'строить', NULL, NULL, 1, 0, 11, 11, 0, 11, NULL, '2020-12-03 07:43:16'),
	(398, 'eat - ate - eaten', 'Кушать', NULL, NULL, 1, 0, 1, 11, 1, 12, NULL, '2020-12-02 17:32:42'),
	(399, 'drink - drank - drunk', 'пить', NULL, NULL, 1, 0, 11, 11, 0, 11, NULL, '2020-12-02 16:59:49'),
	(400, 'forget - forgot - forgotten', 'забывать', NULL, NULL, 1, 0, 10, 13, 3, 16, NULL, '2020-12-03 07:47:21'),
	(402, 'send - sent - sent', 'посылать / отправлять', NULL, NULL, 1, 0, 11, 11, 0, 11, NULL, '2020-12-08 06:55:03'),
	(403, 'mean - meant - meant', 'означать  / иметь ввиду', NULL, NULL, 1, 0, 11, 12, 1, 13, NULL, '2020-12-03 07:30:48'),
	(404, 'overeat - overeat - overeaten', 'переедать', NULL, NULL, 1, 0, 1, 10, 0, 10, NULL, '2020-10-21 12:26:56'),
	(405, 'keep - kept - kept', 'держать / сдерживать', NULL, NULL, 1, 0, 10, 11, 1, 12, NULL, '2020-12-07 07:03:40'),
	(406, 'show - showed - shown', 'показывать', NULL, NULL, 1, 0, 10, 13, 3, 16, NULL, '2020-12-02 07:54:51'),
	(407, 'lead - led - led', 'приводить / лидировать', NULL, NULL, 1, 1, -10, 11, 0, 11, NULL, '2020-12-11 07:16:37'),
	(408, 'feed - fed - fed', 'кормить', NULL, NULL, 1, NULL, 11, 11, 0, 11, NULL, '2020-12-02 17:16:06'),
	(409, 'cut - cut - cut', 'резать / порезать', NULL, NULL, 1, 0, 10, 11, 1, 12, NULL, '2020-12-02 07:55:19'),
	(410, '* lie - lay - lain', 'лежать', NULL, NULL, 1, 0, 10, 20, 10, 30, NULL, '2020-12-10 09:28:08'),
	(411, 'basic', 'базовый', NULL, NULL, 0, 0, 11, 11, 0, 11, NULL, '2020-12-02 08:52:45'),
	(412, 'I\'m going to', 'я собираюсь (что то сделать)', NULL, NULL, 0, 0, 11, 12, 1, 13, NULL, '2020-12-02 08:52:25'),
	(413, 'the most basic (things)', 'самые базовые (вещи)', NULL, NULL, 0, 0, 10, 11, 1, 12, NULL, '2020-12-08 06:36:01'),
	(414, 'political', 'политический', NULL, NULL, 0, 0, 11, 11, 0, 11, NULL, '2020-12-03 07:47:24'),
	(415, 'nice', 'приятный', NULL, NULL, 0, 0, 11, 11, 0, 11, NULL, '2020-12-04 07:55:20'),
	(416, 'wonderful', 'замечательный / прекрасный', NULL, NULL, 0, 0, 11, 11, 0, 11, NULL, '2020-12-03 07:35:05'),
	(417, 'huge', 'огромный / громадный', NULL, NULL, 0, 0, 11, 11, 0, 11, NULL, '2020-12-11 07:14:40'),
	(418, 'culturial differences', 'культурные различия', NULL, NULL, 0, 0, 10, 12, 2, 14, NULL, '2020-12-11 06:43:20'),
	(419, 'I\'m not afraid this thing', 'я не боюсь эту вещь', NULL, NULL, 0, 0, 10, 11, 1, 12, NULL, '2020-12-10 09:26:34'),
	(420, 'Most people', 'большенство людей', NULL, NULL, 0, 0, 10, 14, 4, 18, NULL, '2020-12-03 07:35:30'),
	(421, 'tremendous', 'огромный (синоним huge)', NULL, NULL, 0, 0, 10, 11, 1, 12, NULL, '2020-12-07 06:34:01'),
	(422, 'relations', 'отношения', NULL, NULL, 0, 0, 11, 11, 0, 11, NULL, '2020-12-02 07:54:48'),
	(423, 'I\'m sorry about / for it', 'я извеняюсь за это', NULL, NULL, 0, 0, 1, 12, 3, 15, NULL, '2020-12-03 07:32:42'),
	(424, 'my weak point', 'мое слабое место', NULL, NULL, 0, 0, 11, 11, 0, 11, NULL, '2020-12-05 18:33:24'),
	(425, 'wear', 'ность (одежду)', NULL, NULL, 0, 0, 11, 11, 0, 11, NULL, '2020-12-03 08:02:29'),
	(426, 'to be nervous [ норвез ] about', 'нервничать о', NULL, NULL, 0, 0, 10, 10, 0, 10, NULL, '2020-12-11 07:03:57'),
	(427, 'to be confident', 'быть увереным', NULL, NULL, 0, 0, 10, 16, 6, 22, NULL, '2020-12-05 18:33:33'),
	(428, 'the next (something)', 'следующий (что то)', NULL, NULL, 0, NULL, 11, 11, 0, 11, NULL, '2020-12-02 17:17:54'),
	(429, 'explanations', 'объяснения', NULL, NULL, 0, NULL, 10, 11, 1, 12, NULL, '2020-12-02 17:18:21'),
	(430, 'enthusiasm', 'энтузиазм', NULL, NULL, 0, 0, 10, 10, 0, 10, NULL, '2020-12-07 06:35:47'),
	(431, 'lifestyle', 'образ жизни', NULL, NULL, 0, 0, 11, 11, 0, 11, NULL, '2020-12-11 07:01:53'),
	(432, 'during [дюрин]', 'на протяжении / во время ', NULL, NULL, 0, 0, 11, 11, 0, 11, NULL, '2020-12-02 17:26:03'),
	(433, 'conversation', 'разговор', NULL, NULL, 0, 0, 11, 11, 0, 11, NULL, '2020-12-10 09:57:46'),
	(434, 'yanger sister', 'младшая сестра', NULL, NULL, 0, 0, 11, 11, 0, 11, NULL, '2020-12-08 06:49:54'),
	(435, 'elder brother', 'старший брат', NULL, NULL, 0, 0, 11, 11, 0, 11, NULL, '2020-12-07 07:03:45'),
	(436, 'thin ', 'тонкий / худая - тощая', NULL, NULL, 0, 1, 8, 11, 2, 13, NULL, '2020-12-11 07:16:37'),
	(437, 'slim ', 'худая / стройная (хорошо)', NULL, NULL, 0, 0, 10, 10, 0, 10, NULL, '2020-12-10 10:00:30'),
	(438, 'loud', 'громкий', NULL, NULL, 0, 0, 11, 11, 0, 11, NULL, '2020-12-03 07:43:11'),
	(439, 'lose weight', 'сбавить вес', NULL, NULL, 0, 0, 11, 11, 0, 11, NULL, '2020-12-02 07:58:47'),
	(440, 'bad for our helth', 'вредно для нашего здоровья', NULL, NULL, 0, 0, 1, 10, 0, 10, NULL, '2020-10-26 06:50:13'),
	(441, 'thick', 'толстый', NULL, NULL, 0, 0, 11, 11, 0, 11, NULL, '2020-12-02 17:29:52'),
	(442, 'kind', 'добрый', NULL, NULL, 0, 0, 11, 11, 0, 11, NULL, '2020-12-08 06:42:42'),
	(443, 'to be connected with ...', 'связано с ...', NULL, NULL, 0, 0, 1, 10, 0, 10, NULL, '2020-12-03 07:40:38'),
	(444, 'impatient [импейшент]', 'не терпеливый', NULL, NULL, 0, 0, 10, 12, 2, 14, NULL, '2020-12-03 07:24:25'),
	(445, 'give an example', 'привести пример', NULL, NULL, 0, 1, 6, 11, 3, 14, NULL, '2020-12-11 07:16:37'),
	(446, 'understand the difference', 'понять разницу (уст выр)', NULL, NULL, 0, 0, 11, 11, 0, 11, NULL, '2020-12-04 07:54:39'),
	(447, 'Turn left!', 'поверни на лево', NULL, NULL, 0, 0, 11, 11, 0, 11, NULL, '2020-12-04 07:22:36'),
	(448, 'glad', 'рад', NULL, NULL, 0, 0, 11, 11, 0, 11, NULL, '2020-12-10 09:16:19'),
	(449, 'generous', 'щедрый', NULL, NULL, 0, 1, 3, 12, 1, 13, NULL, '2020-12-11 07:16:37'),
	(450, 'responsible for', 'ответственный за', NULL, NULL, 0, 0, 10, 17, 7, 24, NULL, '2020-12-05 18:30:57'),
	(451, 'Everyone', 'все (кто то)', NULL, NULL, 0, 0, 1, 11, 2, 13, NULL, '2020-12-03 07:40:38'),
	(452, 'porridge', 'каша', NULL, NULL, 0, 0, 1, 10, 0, 10, NULL, '2020-12-03 07:40:38'),
	(453, 'therefore', 'поэтому / следовательно / потому (formal)', NULL, NULL, 0, 1, 3, 13, 4, 17, NULL, '2020-12-11 07:16:37'),
	(454, 'foreign company', 'иностранная компания', NULL, NULL, 0, 0, 10, 11, 1, 12, NULL, '2020-12-02 17:31:15'),
	(455, 'Everything is clear', 'все ясно', NULL, NULL, 0, 0, 10, 16, 6, 22, NULL, '2020-12-07 07:10:48'),
	(456, 'Next! (не следующий)', 'Далее', NULL, NULL, 0, 0, 11, 11, 0, 11, NULL, '2020-12-03 07:44:46'),
	(457, 'Spot ', 'Определять', NULL, NULL, 0, 0, 10, 14, 4, 18, NULL, '2020-12-04 07:15:16'),
	(458, ' fireplace', 'камин', NULL, NULL, 0, 0, 11, 11, 0, 11, NULL, '2020-12-10 09:17:49'),
	(459, 'bakery ', 'пекарня', NULL, NULL, 0, 0, 11, 11, 0, 11, NULL, '2020-12-02 17:31:28'),
	(460, 'I wouldn\'t like to be in this place', 'Я бы не хотел быть на этом месте', NULL, NULL, 0, 0, 10, 11, 1, 12, NULL, '2020-12-03 07:38:17'),
	(461, 'promise', 'обещание', NULL, NULL, 0, 0, 11, 11, 0, 11, NULL, '2020-12-11 06:41:57'),
	(462, 'immediately', 'сразу же / немедленно', NULL, NULL, 0, 0, 10, 11, 1, 12, NULL, '2020-12-08 06:50:44'),
	(463, 'exciting', 'Захатывающе', NULL, NULL, 0, 0, 10, 13, 3, 16, NULL, '2020-12-03 17:16:40'),
	(464, 'Archbishop [ˌärCHˈbiSHəp]', 'Архиепископ', NULL, NULL, 0, 0, 11, 11, 0, 11, NULL, '2020-12-10 08:54:13'),
	(465, 'pull', 'тянуть / тащить', NULL, NULL, 0, 0, 11, 11, 0, 11, NULL, '2020-12-03 08:03:11'),
	(466, 'climbed down from his horse', 'слез с своей лошади', NULL, NULL, 0, 0, 10, 10, 0, 10, NULL, '2020-12-04 07:16:22'),
	(467, 'Where did that sword come from?', 'Откуда взялся этот меч?', NULL, NULL, 0, 0, 10, 13, 3, 16, NULL, '2020-12-07 07:07:58'),
	(468, 'latest news', 'последние новости', NULL, NULL, 0, 0, 11, 11, 0, 11, NULL, '2020-12-04 13:58:18'),
	(469, 'at the moment', 'в настоящий момент', NULL, NULL, 0, 0, 10, 13, 3, 16, NULL, '2020-12-02 08:52:33'),
	(470, 'at preasent', 'в настоящее время', NULL, NULL, 0, 0, 10, 13, 3, 16, NULL, '2020-12-02 08:52:18'),
	(471, 'Someone', 'кто то', NULL, NULL, 0, 0, 11, 11, 0, 11, NULL, '2020-12-04 07:18:05'),
	(472, 'still', 'все еще', NULL, NULL, 0, 0, 10, 11, 1, 12, NULL, '2020-12-02 07:54:11'),
	(473, 'department', 'отдел', NULL, NULL, 0, 0, 11, 11, 0, 11, NULL, '2020-12-02 17:25:30'),
	(474, 'thirsty', 'испытывающий жажду', NULL, NULL, 0, 0, 10, 12, 2, 14, NULL, '2020-12-10 10:04:53'),
	(475, '... before that', '... чем до того', NULL, NULL, 0, 0, 10, 20, 10, 30, NULL, '2020-12-11 06:57:29'),
	(476, 'threw down', 'выбросил', NULL, NULL, 0, 0, 10, 11, 1, 12, NULL, '2020-12-07 07:05:30'),
	(477, 'through ', 'через / насквозь', NULL, NULL, 0, 0, 10, 12, 2, 14, NULL, '2020-12-08 06:42:18'),
	(478, 'scabbard', 'ножны', NULL, NULL, 0, 1, 4, 11, 2, 13, NULL, '2020-12-11 07:16:37'),
	(479, 'journey ', 'поездка - прогулка (не trip)', NULL, NULL, 0, 0, 11, 11, 0, 11, NULL, '2020-12-10 08:39:54'),
	(480, 'looked the same as ....', 'выглядел так же как ....', NULL, NULL, 0, 0, 10, 16, 6, 22, NULL, '2020-12-10 08:42:03'),
	(481, 'wound', 'рана / ранение', NULL, NULL, 0, 0, 10, 11, 1, 12, NULL, '2020-12-03 07:23:51'),
	(482, 'nun', 'монхиня', NULL, NULL, 0, 0, 11, 11, 0, 11, NULL, '2020-12-03 07:42:59'),
	(483, 'in other words ...', 'другими словами ...', NULL, NULL, 0, 0, 11, 12, 1, 13, NULL, '2020-12-03 07:37:13'),
	(484, 'have a good time', 'хорошо проводить время', NULL, NULL, 0, 1, -11, 10, 2, 12, NULL, '2020-12-11 07:16:37'),
	(485, 'so (не "так")', 'поэтому / таким образом (no formal)', NULL, NULL, 0, 0, 13, 13, 0, 13, NULL, '2020-12-11 06:49:45'),
	(486, 'settlement', 'поселок', NULL, NULL, 0, 0, 11, 11, 0, 11, NULL, '2020-12-10 09:15:21'),
	(487, 'do the right thing', 'делать правельную вещь', NULL, NULL, 0, 0, 10, 15, 5, 20, NULL, '2020-12-04 07:42:46'),
	(488, 'make proggress', 'иметь прогресс', NULL, NULL, 0, 0, 10, 13, 3, 16, NULL, '2020-12-07 06:35:23'),
	(489, 'blow - blew - blown', 'дуть', NULL, NULL, 1, 0, 10, 10, 0, 10, NULL, '2020-12-04 07:47:01'),
	(490, 'look for a job', 'искать работу', NULL, NULL, 0, 0, 10, 11, 1, 12, NULL, '2020-12-05 18:31:02'),
	(491, 'What are you talking about?', 'о чем ты говоришь?', NULL, NULL, 0, 0, 10, 12, 2, 14, NULL, '2020-12-03 07:43:43'),
	(492, 'poverty', 'бедность', NULL, NULL, 0, NULL, 10, 11, 1, 12, NULL, '2020-12-02 17:18:30'),
	(493, 'from time to time', 'время от времени', NULL, NULL, 0, 0, 10, 10, 0, 10, NULL, '2020-12-11 06:39:32'),
	(494, 'faith and hope', 'вера и надежда', NULL, NULL, 0, 0, 1, 10, 0, 10, NULL, '2020-12-02 17:18:36'),
	(495, 'attractive', 'привлекательный', NULL, NULL, 0, 0, 10, 11, 1, 12, NULL, '2020-12-07 07:05:51'),
	(496, 'impress', 'впечатлять', NULL, NULL, 0, 0, 10, 17, 7, 24, NULL, '2020-12-02 08:52:29'),
	(497, 'matter', 'иметь значение', NULL, NULL, 0, 0, 11, 11, 0, 11, NULL, '2020-12-02 07:52:13'),
	(498, 'it doesn\'t matter', 'Это не имеет значения', NULL, NULL, 0, 0, 11, 11, 0, 11, NULL, '2020-12-03 08:03:02'),
	(499, 'doubt [даут]', 'сомневаться', NULL, NULL, 0, 1, -1, 15, 1, 16, NULL, '2020-12-11 07:16:37'),
	(500, 'I seriosly doubt ....', 'Я серьезно сомневаюсь.', NULL, NULL, 0, 0, 11, 12, 1, 13, NULL, '2020-12-08 06:50:59'),
	(501, 'achievment', 'достижение', NULL, NULL, 0, 0, 10, 10, 0, 10, NULL, '2020-12-03 07:40:03'),
	(502, 'realize', 'осознавать', NULL, NULL, 0, 0, 10, 10, 0, 10, NULL, '2020-12-02 08:53:03'),
	(503, 'deserve', 'заслуживать', NULL, NULL, 0, 1, 9, 13, 3, 16, NULL, '2020-12-11 07:16:37'),
	(504, 'praise[прейз]', 'похвала', NULL, NULL, 0, 0, 10, 10, 0, 10, NULL, '2020-12-07 06:37:54'),
	(505, 'deserve praise', 'заслуживать похвалы', NULL, NULL, 0, 0, 10, 11, 1, 12, NULL, '2020-12-10 08:55:20'),
	(506, 'weigh[вэй] (verb)', 'весить (глагол)', NULL, NULL, 0, 0, 10, 10, 0, 10, NULL, '2020-12-05 18:31:17'),
	(507, 'statement', 'утверждение', NULL, NULL, 0, 0, 10, 11, 1, 12, NULL, '2020-12-10 09:18:02'),
	(508, 'consist of ...', 'состоять из ...', NULL, NULL, 0, 1, -14, 12, 4, 16, NULL, '2020-12-11 07:16:37'),
	(509, 'care', 'волновать / заботиться / забота', NULL, NULL, 0, 0, 10, 15, 5, 20, NULL, '2020-12-02 16:59:44'),
	(510, 'experience (verb)', 'испытывать', NULL, NULL, 0, 0, 10, 23, 13, 36, NULL, '2020-12-03 07:35:43'),
	(511, 'owe', 'быть должным', NULL, NULL, 0, 0, 10, 12, 2, 14, NULL, '2020-12-11 07:01:19'),
	(512, 'own', 'владеть / обладать', NULL, NULL, 0, 0, 11, 11, 0, 11, NULL, '2020-12-04 13:59:14'),
	(513, 'lack', 'нехватка / нехватать (глаг)', NULL, NULL, 0, 0, 11, 13, 2, 15, NULL, '2020-12-03 07:59:29'),
	(514, 'I don\'t care', 'меня не волнует / мне все равно', NULL, NULL, 0, 0, 11, 11, 0, 11, NULL, '2020-12-10 08:53:30'),
	(515, 'Despite', 'не смотря', NULL, NULL, 0, 0, 10, 14, 4, 18, NULL, '2020-12-10 08:38:55'),
	(516, 'Time pass', 'Время проходит', NULL, NULL, 0, NULL, 10, 11, 1, 12, NULL, '2020-12-02 17:17:26'),
	(517, 'While', 'в то время как', NULL, NULL, 0, 1, 4, 12, 2, 14, NULL, '2020-12-11 07:16:37'),
	(518, 'take a shower', 'Принимать душ', NULL, NULL, 0, 0, 11, 11, 0, 11, NULL, '2020-12-03 07:24:56'),
	(519, 'turn on / switch on the computer', 'включить компьютер', NULL, NULL, 0, 0, 10, 10, 0, 10, NULL, '2020-12-10 08:41:25'),
	(520, 'ring - rang - rung', 'звонить', NULL, NULL, 1, 0, 11, 12, 1, 13, NULL, '2020-12-08 06:38:49'),
	(521, 'noticed', 'заметил', NULL, NULL, 0, 0, 10, 13, 3, 16, NULL, '2020-12-04 13:55:51'),
	(522, 'study at universety', 'учиться в университете', NULL, NULL, 0, 0, 11, 11, 0, 11, NULL, '2020-12-03 07:48:07'),
	(523, 'carry', 'нести', NULL, NULL, 0, 1, -1, 12, 4, 16, NULL, '2020-12-11 07:16:37'),
	(524, 'I have never been to ...', 'Я никогда не был ....', NULL, NULL, 0, 0, 11, 11, 0, 11, NULL, '2020-12-08 06:36:41'),
	(525, 'Have you ever been to Englang', 'Ты когда нибудь был в англии?', NULL, NULL, 0, 0, 10, 10, 0, 10, NULL, '2020-12-03 08:03:21'),
	(526, 'i\'ve never considered it realy important', 'я не когда не считал это действительно важным', NULL, NULL, 0, 0, 10, 10, 0, 10, NULL, '2020-12-02 07:50:32'),
	(527, 'consider', 'рассматривать / считать (в смысле думать об этом)', NULL, NULL, 0, 0, 1, 9, 0, 9, NULL, '2020-12-02 07:58:47'),
	(528, 'I\'ve always wanted to become a teacher', 'я всегда хотел стать учитилем', NULL, NULL, 0, 0, 10, 12, 2, 14, NULL, '2020-12-11 07:04:56'),
	(529, 'at least', 'по крайней мере', NULL, NULL, 0, 0, 10, 11, 1, 12, NULL, '2020-12-03 07:45:16'),
	(530, 'extreamly usfull', 'черезвычайно важно', NULL, NULL, 0, 0, 10, 12, 2, 14, NULL, '2020-12-07 07:08:14'),
	(531, 'for the rest of life', 'на всю оставшуюся жизнь', NULL, NULL, 0, 0, 10, 17, 7, 24, NULL, '2020-12-04 07:24:40'),
	(532, 'south coast', 'Южный берег', NULL, NULL, 0, 0, 10, 11, 1, 12, NULL, '2020-12-02 17:30:56'),
	(533, 'among them', 'среди них', NULL, NULL, 0, 1, 9, 12, 2, 14, NULL, '2020-12-11 07:16:37'),
	(534, 'people with plenty of money', 'люди с кучей денег', NULL, NULL, 0, NULL, 10, 14, 4, 18, NULL, '2020-12-02 17:14:06'),
	(535, 'selfish', 'эгоистичный', NULL, NULL, 0, 0, 10, 13, 3, 16, NULL, '2020-12-05 18:29:47'),
	(536, 'wise', 'мудрый', NULL, NULL, 0, 0, 11, 11, 0, 11, NULL, '2020-12-03 08:00:21'),
	(537, 'screw', 'винт', NULL, NULL, 0, 0, 11, 11, 0, 11, NULL, '2020-12-08 06:44:42'),
	(538, 'governess', 'гувернантка', NULL, NULL, 0, 0, 10, 10, 0, 10, NULL, '2020-12-04 07:30:31'),
	(539, 'until the end', 'до конца', NULL, NULL, 0, 1, 4, 13, 4, 17, NULL, '2020-12-11 07:16:37'),
	(540, 'until', 'до', NULL, NULL, 0, NULL, 10, 11, 1, 12, NULL, '2020-12-02 17:09:54'),
	(541, 'isn\'t that quite strange?', 'разве это (то) не странно?', NULL, NULL, 0, 0, 10, 15, 5, 20, NULL, '2020-12-03 07:40:31'),
	(542, 'frightening [фрайтнин] story', 'пугающая история', NULL, NULL, 0, 0, 10, 13, 3, 16, NULL, '2020-12-04 07:45:36'),
	(543, 'recently', 'не давно', NULL, NULL, 0, 0, 10, 10, 0, 10, NULL, '2020-12-03 07:30:43'),
	(544, 'pleasant surprise', 'приятный сюрприз', NULL, NULL, 0, 0, 1, 11, 2, 13, NULL, '2020-12-03 07:32:42'),
	(545, 'i\'ve done it', 'я сдлал это (не давно)', NULL, NULL, 0, 0, 11, 11, 0, 11, NULL, '2020-12-07 07:09:59'),
	(546, 'classmate', 'одноклассник', NULL, NULL, 0, 0, 11, 11, 0, 11, NULL, '2020-12-08 06:40:19'),
	(547, 'yet', 'еще ', NULL, NULL, 0, 0, 10, 12, 2, 14, NULL, '2020-12-02 17:32:19'),
	(548, 'ever', 'кода либо', NULL, NULL, 0, 0, 10, 13, 3, 16, NULL, '2020-12-02 07:51:29'),
	(549, 'many times', 'много раз', NULL, NULL, 0, 0, 10, 11, 1, 12, NULL, '2020-12-11 06:45:10'),
	(550, 'since [синс]', 'с / с тех пор как', NULL, NULL, 0, 0, 10, 10, 0, 10, NULL, '2020-12-10 09:24:58'),
	(551, 'since [синс] childhood', 'с детства', NULL, NULL, 0, 0, 10, 10, 0, 10, NULL, '2020-12-03 08:03:30'),
	(552, 'to be able to ..', 'моч / уметь / иметь возможность', NULL, NULL, 0, 0, 13, 14, 1, 15, NULL, '2020-12-05 18:32:59'),
	(553, 'thought [существ]', 'мысль', NULL, NULL, 0, 0, 10, 10, 0, 10, NULL, '2020-12-02 17:21:15'),
	(554, 'express [verb]', 'выражать / высказываться', NULL, NULL, 0, 0, 10, 11, 1, 12, NULL, '2020-12-03 07:29:12'),
	(555, 'for about ten years', 'около 10 лет', NULL, NULL, 0, 0, 11, 11, 0, 11, NULL, '2020-12-04 07:22:33'),
	(556, 'for about 3 days ago', 'около 3 дней назад', NULL, NULL, 0, 0, 10, 11, 1, 12, NULL, '2020-12-05 18:34:01'),
	(557, 'since last year', 'с прошлого года', NULL, NULL, 0, 0, 10, 13, 3, 16, NULL, '2020-12-02 17:25:34'),
	(558, 'point / point at', 'указывать / указать на', NULL, NULL, 0, 1, 0, 12, 4, 16, NULL, '2020-12-11 07:16:37'),
	(559, 'Have you already (done somthing) ?', 'Ты уже (сделал что либо) ?', NULL, NULL, 0, 0, 10, 16, 6, 22, NULL, '2020-12-08 06:53:36'),
	(560, 'for a very long time', 'очень давно', NULL, NULL, 0, 0, 10, 15, 5, 20, NULL, '2020-12-07 06:35:36'),
	(561, 'forgive - forgave - forgiven', 'прощать', NULL, NULL, 1, 0, 10, 12, 2, 14, NULL, '2020-12-02 07:51:53'),
	(562, 'complain about', 'жаловаться на', NULL, NULL, 0, 0, 10, 16, 6, 22, NULL, '2020-12-11 07:02:53'),
	(563, 'reduce ', 'сокращать / уменьшить', NULL, NULL, 0, 0, 10, 11, 1, 12, NULL, '2020-12-07 06:36:24'),
	(564, 'reduce the costs', 'сокращать затраты', NULL, NULL, 0, 0, 10, 17, 7, 24, NULL, '2020-12-04 13:56:12'),
	(565, 'look forward to [doing] ', 'ждать с нетерпением', NULL, NULL, 0, 0, 10, 16, 6, 22, NULL, '2020-12-08 06:50:42'),
	(566, 'half an hour', 'пол часа', NULL, NULL, 0, 0, 10, 10, 0, 10, NULL, '2020-12-07 07:11:24'),
	(567, 'Naughty', 'не послушный', NULL, NULL, 0, 0, 10, 19, 9, 28, NULL, '2020-12-08 06:37:28'),
	(568, 'pretty', 'хорошенькая', NULL, NULL, 0, 0, 10, 10, 0, 10, NULL, '2020-12-07 07:06:34'),
	(569, 'as', 'как (наречие, не вопрос)', NULL, NULL, 0, 0, 10, 11, 1, 12, NULL, '2020-12-04 07:56:52'),
	(570, 'as soon as I saw him', 'как только я увидел его', NULL, NULL, 0, 0, 10, 13, 3, 16, NULL, '2020-12-03 07:29:22'),
	(571, 'What\'s the matter?', 'Что случилось? (не happened)', NULL, NULL, 0, 1, -12, 20, 12, 32, NULL, '2020-12-11 07:16:37'),
	(572, 'reply', 'отвечать (формально)', NULL, NULL, 0, 0, 11, 13, 2, 15, NULL, '2020-12-11 06:46:39'),
	(573, 'supplier', 'поставщик', NULL, NULL, 0, 0, 11, 11, 0, 11, NULL, '2020-12-02 08:50:27'),
	(574, 'supply', 'поставка', NULL, NULL, 0, 0, 10, 10, 0, 10, NULL, '2020-12-04 07:45:44'),
	(575, 'mention (verb)', 'упоминать', NULL, NULL, 0, 0, 10, 14, 4, 18, NULL, '2020-12-07 07:08:17'),
	(576, 'obesity', 'ожирение', NULL, NULL, 0, 0, 10, 11, 1, 12, NULL, '2020-12-04 13:57:16'),
	(578, 'How do you know?', 'откуда ты знаешь?', NULL, NULL, 0, 1, -8, 17, 8, 25, NULL, '2020-12-11 07:16:37'),
	(579, 'dreadful', 'ужасный', NULL, NULL, 0, 1, -2, 11, 4, 15, NULL, '2020-12-11 07:16:37'),
	(580, 'count [verb] ', 'считать (мат)', NULL, NULL, 0, 0, 10, 10, 0, 10, NULL, '2020-12-08 06:40:25'),
	(581, 'count on', 'расчитывать на кого то', NULL, NULL, 0, 1, 2, 12, 2, 14, NULL, '2020-12-11 07:16:37'),
	(582, 'kindness', 'доброта', NULL, NULL, 0, 0, 10, 13, 3, 16, NULL, '2020-12-10 08:42:49'),
	(583, 'lend - lent - lent', 'одалживать (кому то)', NULL, NULL, 1, 0, 10, 10, 0, 10, NULL, '2020-12-04 07:53:46'),
	(584, 'Despite the pain in his legs ...', 'Не смотря на боль в его ногах ...', NULL, NULL, 0, 0, 10, 12, 2, 14, NULL, '2020-12-02 07:57:36'),
	(585, 'well-paid job', 'хорошо оплачиваемая работа', NULL, NULL, 0, 0, 10, 10, 0, 10, NULL, '2020-12-10 08:54:43'),
	(586, 'painter', 'художник', NULL, NULL, 0, 0, 10, 10, 0, 10, NULL, '2020-12-08 06:54:13'),
	(587, 'narrow', 'узкий', NULL, NULL, 0, 0, 10, 10, 0, 10, NULL, '2020-12-02 08:52:53'),
	(588, 'pale', 'бледный', NULL, NULL, 0, 0, 10, 13, 3, 16, NULL, '2020-12-03 07:39:12'),
	(589, 'waist', 'талия', NULL, NULL, 0, 1, -6, 12, 4, 16, NULL, '2020-12-11 07:16:37'),
	(590, 'crowd', 'толпа', NULL, NULL, 0, 1, 8, 12, 3, 15, NULL, '2020-12-11 07:16:37'),
	(591, 'stay [verb] ', 'находиться [глаг]', NULL, NULL, 0, 0, 10, 13, 3, 16, NULL, '2020-12-03 07:24:21'),
	(592, 'to be exhausted [эксостид]', 'быть истощенным', NULL, NULL, 0, 0, 10, 11, 1, 12, NULL, '2020-12-10 10:04:07'),
	(593, 'absolutely exhausted [эксостид]', 'совершенно истощен', NULL, NULL, 0, 0, 10, 10, 0, 10, NULL, '2020-12-04 07:40:46'),
	(594, 'work as a sales manager', 'работать менеджером по продажам', NULL, NULL, 0, 0, 10, 10, 0, 10, NULL, '2020-12-04 07:55:26'),
	(595, 'For half a year', 'Пол года.', NULL, NULL, 0, 0, 10, 10, 0, 10, NULL, '2020-12-08 06:57:32'),
	(596, 'By the time ...', 'к тому времени как ...', NULL, NULL, 0, 0, 10, 15, 5, 20, NULL, '2020-12-07 06:36:41'),
	(597, 'How long ... ?', 'Как давно ... ?', NULL, NULL, 0, 0, 10, 11, 1, 12, NULL, '2020-12-02 17:22:19'),
	(598, 'take off [verb]', 'Взлететь', NULL, NULL, 0, 0, 10, 11, 1, 12, NULL, '2020-12-08 06:41:18'),
	(599, 'to be disappointed', 'быть разочарованым', NULL, NULL, 0, 0, 10, 12, 2, 14, NULL, '2020-12-04 13:59:03'),
	(600, 'fall ill', 'заболеть', NULL, NULL, 0, 0, 10, 10, 0, 10, NULL, '2020-12-07 07:10:29'),
	(601, 'find out ', 'выяснить / обнаружить', NULL, NULL, 0, 0, 3, 13, 5, 18, NULL, '2020-12-11 07:16:37'),
	(602, 'get to [verb]', 'добираться', NULL, NULL, 0, 1, 6, 12, 2, 14, NULL, '2020-12-11 07:16:37'),
	(603, 'beggar', 'нищий', NULL, NULL, 0, 0, 10, 11, 1, 12, NULL, '2020-12-08 06:44:17'),
	(604, 'mermaid', 'Русалка', NULL, NULL, 0, 0, 1, 9, 0, 9, NULL, '2020-10-16 07:05:09'),
	(605, 'tail', 'хвост', NULL, NULL, 0, 0, 10, 10, 0, 10, NULL, '2020-12-10 09:18:44'),
	(606, 'wing', 'крыло', NULL, NULL, 0, 0, 10, 10, 0, 10, NULL, '2020-12-04 07:57:41'),
	(607, 'on a regular basis', 'на регулярной основе', NULL, NULL, 0, 0, 10, 10, 0, 10, NULL, '2020-12-03 07:47:51'),
	(608, 'such a / such an [and Explain]', 'такой (не so) обяснить почему не "So"', NULL, NULL, 0, 0, 10, 11, 1, 12, NULL, '2020-12-03 17:16:27'),
	(609, 'arrival', 'прибытие', NULL, NULL, 0, 0, 10, 10, 0, 10, NULL, '2020-12-10 09:57:41'),
	(610, 'It\'s raining heavily.', 'идет сильный дождь.', NULL, NULL, 0, 0, 10, 10, 0, 10, NULL, '2020-12-02 07:53:43'),
	(611, 'by the end of the week', 'к концу недели', NULL, NULL, 0, 0, 10, 12, 2, 14, NULL, '2020-12-02 17:22:10'),
	(612, 'vocabulary', 'словарный запас', NULL, NULL, 0, 0, 10, 10, 0, 10, NULL, '2020-12-07 07:06:59'),
	(613, 'significantly  / considerably', 'значительно / значительно', NULL, NULL, 0, 1, 5, 15, 4, 19, NULL, '2020-12-11 07:16:37'),
	(614, 'above', 'выше', NULL, NULL, 0, 0, 10, 13, 3, 16, NULL, '2020-12-05 18:32:09'),
	(615, 'hung', 'висеть', NULL, NULL, 0, 0, 10, 15, 5, 20, NULL, '2020-12-04 13:56:34'),
	(616, 'drop of water', 'капля воды', NULL, NULL, 0, 0, 10, 11, 1, 12, NULL, '2020-12-10 09:22:01'),
	(617, 'dry', 'сухой', NULL, NULL, 0, 0, 10, 10, 0, 10, NULL, '2020-12-05 18:34:14'),
	(618, 'wet', 'мокрый', NULL, NULL, 0, 0, 10, 10, 0, 10, NULL, '2020-12-03 07:30:53'),
	(619, 'sadness', 'печаль', NULL, NULL, 0, 0, 10, 10, 0, 10, NULL, '2020-12-10 08:40:34'),
	(620, 'Under', 'под', NULL, NULL, 0, 1, 6, 11, 1, 12, NULL, '2020-12-11 07:16:37'),
	(621, 'hut', 'хижина', NULL, NULL, 0, 0, 10, 10, 0, 10, NULL, '2020-12-04 07:44:09'),
	(622, 'invitation', 'приглашение', NULL, NULL, 0, 0, 10, 14, 4, 18, NULL, '2020-12-11 07:16:22'),
	(623, 'experienced', 'опытный', NULL, NULL, 0, NULL, 10, 10, 0, 10, NULL, '2020-12-02 17:14:26'),
	(624, 'employe [импои]', 'работник / сотрудник', NULL, NULL, 0, 0, 10, 10, 0, 10, NULL, '2020-12-02 17:30:21'),
	(625, 'i\'ll be able ...', 'я смогу', NULL, NULL, 0, 0, 10, 10, 0, 10, NULL, '2020-12-05 18:30:24'),
	(626, 'upset', 'расстроенный [настроение]', NULL, NULL, 0, 0, 10, 10, 0, 10, NULL, '2020-12-04 07:52:23'),
	(627, 'There is a way.', 'есть способ', NULL, NULL, 0, 1, 5, 16, 4, 20, NULL, '2020-12-11 07:16:37'),
	(628, 'fall asleep', 'заснуть', NULL, NULL, 0, 0, 1, 10, 1, 11, NULL, '2020-12-03 07:40:38'),
	(629, 'thorn', 'шип', NULL, NULL, 0, 1, 0, 10, 1, 11, NULL, '2020-12-11 07:16:37'),
	(630, 'exactly', 'точно', NULL, NULL, 0, 0, 10, 11, 1, 12, NULL, '2020-12-02 07:52:25'),
	(631, 'mend / repeir', 'чинить / чинить', NULL, NULL, 0, 0, 10, 17, 7, 24, NULL, '2020-12-10 10:02:24'),
	(632, 'instead of', 'вместо', NULL, NULL, 0, 0, 12, 13, 1, 14, NULL, '2020-12-07 07:06:18'),
	(633, 'widow', 'вдова', NULL, NULL, 0, 0, 10, 10, 0, 10, NULL, '2020-12-11 07:16:24'),
	(634, 'fever', 'лихорадка', NULL, NULL, 0, NULL, 10, 10, 0, 10, NULL, '2020-12-02 17:14:44'),
	(635, 'deth certificate', 'свидетельство о смерти', NULL, NULL, 0, 0, 10, 10, 0, 10, NULL, '2020-12-02 08:49:17'),
	(636, 'insist on [doing]', 'настаивать на', NULL, NULL, 0, 1, 7, 21, 11, 32, NULL, '2020-12-11 07:16:37'),
	(637, 'van', 'фургон', NULL, NULL, 0, 0, 10, 10, 0, 10, NULL, '2020-12-10 09:19:45'),
	(638, 'fright', 'испуг', NULL, NULL, 0, 0, 10, 17, 7, 24, NULL, '2020-12-10 08:54:10'),
	(639, 'marriage [меридж]', 'брак', NULL, NULL, 0, 0, 10, 10, 0, 10, NULL, '2020-12-02 17:27:05'),
	(640, 'get rid of', 'избавляться от', NULL, NULL, 0, 0, 11, 12, 1, 13, NULL, '2020-12-02 08:49:14'),
	(641, 'blackmail', 'шантаж', NULL, NULL, 0, 0, 10, 10, 0, 10, NULL, '2020-12-04 07:17:31'),
	(642, 'maid', 'горничная', NULL, NULL, 0, 0, 10, 13, 3, 16, NULL, '2020-12-03 07:30:57'),
	(643, 'For God\'s sake!', 'ради Бога!', NULL, NULL, 0, 0, 10, 12, 2, 14, NULL, '2020-12-02 17:31:40'),
	(644, 'proud', 'гордый', NULL, NULL, 0, 0, 1, 13, 4, 17, NULL, '2020-12-03 07:32:42'),
	(645, 'locket', 'медальон', NULL, NULL, 0, 0, 10, 10, 0, 10, NULL, '2020-12-10 08:44:56'),
	(646, 'fairy', 'фея', NULL, NULL, 0, 0, 10, 14, 4, 18, NULL, '2020-12-04 07:45:27'),
	(647, 'concrete', 'бетон', NULL, NULL, 0, 0, 10, 11, 1, 12, NULL, '2020-12-10 08:41:49'),
	(648, 'in a jiffy', 'очень скоро', NULL, NULL, 0, 0, 10, 13, 3, 16, NULL, '2020-12-10 09:24:36'),
	(649, 'digger', 'экскаватор', NULL, NULL, 0, 0, 10, 10, 0, 10, NULL, '2020-12-02 08:51:32'),
	(650, 'stuck', 'застрять', NULL, NULL, 0, 0, 10, 10, 0, 10, NULL, '2020-12-03 07:36:45'),
	(651, 'not enough room', 'недостаточно места', NULL, NULL, 0, 0, 10, 11, 1, 12, NULL, '2020-12-03 07:59:39'),
	(652, 'yucky', 'противный', NULL, NULL, 0, 0, 10, 12, 2, 14, NULL, '2020-12-10 10:04:47'),
	(653, 'shy', 'застенчивый', NULL, NULL, 0, 0, 10, 14, 4, 18, NULL, '2020-12-02 17:26:07'),
	(654, 'hedgehog', 'еж', NULL, NULL, 0, 0, 10, 11, 1, 12, NULL, '2020-12-10 10:01:17'),
	(655, 'think over', 'подумать / обдумать', NULL, NULL, 0, 0, 10, 14, 4, 18, NULL, '2020-12-04 07:41:07'),
	(656, 'underpants [ˈəndərˌpan(t)s]', 'трусы', NULL, NULL, 0, 0, 10, 11, 1, 12, NULL, '2020-12-10 09:56:49'),
	(657, 'pan', 'сковорода / кастрюля', NULL, NULL, 0, 0, 10, 12, 2, 14, NULL, '2020-12-04 13:55:44'),
	(658, 'mug', 'кружка', NULL, NULL, 0, 0, 10, 10, 0, 10, NULL, '2020-12-04 07:22:00'),
	(659, 'for a while', 'на какое то время', NULL, NULL, 0, 1, 2, 12, 2, 14, NULL, '2020-12-11 07:16:37'),
	(660, 'hurry', 'торопиться', NULL, NULL, 0, NULL, 10, 11, 1, 12, NULL, '2020-12-02 17:18:36'),
	(661, 'sick', 'больной', NULL, NULL, 0, 0, 10, 10, 0, 10, NULL, '2020-12-07 06:35:41'),
	(662, 'case', 'случай', NULL, NULL, 0, 0, 0, 9, 0, 9, NULL, '2020-10-19 05:56:52'),
	(663, 'option', 'вариант', NULL, NULL, 0, 0, 10, 10, 0, 10, NULL, '2020-12-03 07:59:06'),
	(664, 'As always ...', 'Как всегда ....', NULL, NULL, 0, 1, -1, 13, 2, 15, NULL, '2020-12-11 07:16:37'),
	(665, 'few / several', 'несколько / несколько', NULL, NULL, 0, 0, 10, 11, 1, 12, NULL, '2020-12-03 07:40:15'),
	(666, 'beside', 'рядом (не near)', NULL, NULL, 0, 0, 10, 11, 1, 12, NULL, '2020-12-08 06:51:58'),
	(667, 'quarrel', 'ссора', NULL, NULL, 0, 0, 10, 11, 1, 12, NULL, '2020-12-10 09:19:51'),
	(668, 'questioning', 'допрос', NULL, NULL, 0, 0, 10, 11, 1, 12, NULL, '2020-12-08 06:50:18'),
	(669, 'I am afraid that ...', 'Я боюсь что ...', NULL, NULL, 0, 0, 10, 13, 3, 16, NULL, '2020-12-02 07:50:21'),
	(670, 'In no way', 'никоим образом', NULL, NULL, 0, 0, 10, 12, 2, 14, NULL, '2020-12-05 18:35:43'),
	(671, '... don\'t you think ...?', '... ты не думаешь ... ?', NULL, NULL, 0, 0, 10, 12, 2, 14, NULL, '2020-12-04 13:56:47'),
	(672, 'mud', 'грязь', NULL, NULL, 0, 0, 10, 10, 0, 10, NULL, '2020-12-03 07:31:16'),
	(673, 'i\'ll be thinking it over', 'я буду обдумывать это', NULL, NULL, 0, 0, 10, 14, 4, 18, NULL, '2020-12-07 07:11:59'),
	(674, 'bitterly disappointed', 'горько разочарован', NULL, NULL, 0, 0, 10, 13, 3, 16, NULL, '2020-12-02 07:55:11'),
	(675, 'towards', 'в направлении', NULL, NULL, 0, 0, 10, 14, 4, 18, NULL, '2020-12-02 08:48:30'),
	(676, 'award [эворд]', 'награда / награждать', NULL, NULL, 0, 0, 10, 10, 0, 10, NULL, '2020-12-04 07:46:35'),
	(677, 'properly', 'должным образом', NULL, NULL, 0, 0, 10, 11, 1, 12, NULL, '2020-12-07 07:04:32'),
	(678, 'It\'s said that ...', 'Говорят что ...', NULL, NULL, 0, 0, 10, 17, 7, 24, NULL, '2020-12-04 13:55:29'),
	(679, 'It was said that ...', 'Говорили что ....', NULL, NULL, 0, 0, 9, 11, 2, 13, NULL, '2020-12-03 07:36:59'),
	(680, 'found [reg verb]', 'основывать', NULL, NULL, 0, 0, 12, 14, 2, 16, NULL, '2020-12-10 09:17:06'),
	(681, 'all over the world', 'по всему миру', NULL, NULL, 0, 0, 10, 10, 0, 10, NULL, '2020-12-04 13:56:24'),
	(682, 'take a photo', 'сделать фото', NULL, NULL, 0, 0, 10, 10, 0, 10, NULL, '2020-12-07 07:04:27'),
	(683, 'deceive', 'обманывать', NULL, NULL, 0, 1, 9, 14, 3, 17, NULL, '2020-12-11 07:16:37'),
	(684, 'deception', 'обман', NULL, NULL, 0, 0, 10, 20, 10, 30, NULL, '2020-12-08 06:42:46'),
	(685, 'skyscraper', 'небоскреб', NULL, NULL, 0, 0, 10, 11, 1, 12, NULL, '2020-12-05 18:36:53'),
	(686, 'envelope', 'конверт', NULL, NULL, 0, 0, 10, 11, 1, 12, NULL, '2020-12-03 08:01:08'),
	(687, 'swings', 'качели', NULL, NULL, 0, 0, 10, 12, 2, 14, NULL, '2020-12-02 17:31:17'),
	(688, 'wallaby', 'кенгуру', NULL, NULL, 0, 0, 10, 11, 1, 12, NULL, '2020-12-07 07:07:08'),
	(689, 'i\'ve had ...', 'у меня было ...', NULL, NULL, 0, 0, 10, 11, 1, 12, NULL, '2020-12-02 07:50:35'),
	(690, 'it turns out ...', 'оказывается ...', NULL, NULL, 0, 0, 10, 25, 15, 40, NULL, '2020-12-04 13:58:59'),
	(691, 'weird / odd', 'странно', NULL, NULL, 0, 0, 10, 28, 18, 46, NULL, '2020-12-02 07:51:15'),
	(692, 'intestine [inˈtestən]', 'кишечник', 7, NULL, 0, NULL, 10, 24, 14, 38, NULL, '2020-12-02 17:18:18'),
	(693, 'decaf', 'без кофеина', NULL, NULL, 0, 0, 10, 12, 2, 14, NULL, '2020-12-07 06:34:11'),
	(694, 'Thursday [THərzdā]', 'Четверг', NULL, NULL, 0, 0, 10, 12, 2, 14, NULL, '2020-12-10 08:42:46'),
	(695, 'чайник (заварник)', 'teapot', NULL, NULL, 0, 0, 10, 10, 0, 10, NULL, '2020-12-02 07:52:36'),
	(696, 'Wednesday', 'среда', NULL, NULL, 0, 0, 10, 10, 0, 10, NULL, '2020-12-02 08:53:00'),
	(697, 'shout [щаут]', 'кричать', NULL, NULL, 0, 0, 12, 12, 0, 12, NULL, '2020-12-05 18:32:39'),
	(698, 'rob [verse]', 'грабить', NULL, NULL, 0, 1, -5, 9, 1, 10, NULL, '2020-12-11 07:16:37'),
	(699, 'robbery', 'ограбление', NULL, NULL, 0, 0, 10, 10, 0, 10, NULL, '2020-12-03 07:27:53'),
	(700, 'take into considiration', 'принимать во внимание', NULL, NULL, 0, 1, -19, 15, 7, 22, NULL, '2020-12-11 07:16:37'),
	(701, 'Nothing was done', 'ничего не было сделано', NULL, NULL, 0, 0, 10, 12, 2, 14, NULL, '2020-12-03 07:57:49'),
	(702, 'nothing was corrected', 'ничего не было исправлено', NULL, NULL, 0, 0, 10, 12, 2, 14, NULL, '2020-12-07 06:33:29'),
	(703, 'forbid', 'запрет', NULL, NULL, 0, 0, 10, 10, 0, 10, NULL, '2020-12-05 18:36:42'),
	(704, 'prohibit', 'запрещать (formal)', NULL, NULL, 0, 0, 1, 13, 4, 17, NULL, '2020-12-02 08:53:11'),
	(705, 'cure', 'лечить', NULL, NULL, 0, 0, 10, 10, 0, 10, NULL, '2020-12-07 06:35:52'),
	(706, 'cure of', 'излечить от', NULL, NULL, 0, 0, 10, 12, 2, 14, NULL, '2020-12-04 13:56:05'),
	(707, 'illness / disease', 'болезнь / болезнь ', NULL, NULL, 0, 0, 12, 13, 1, 14, NULL, '2020-12-04 07:30:39'),
	(708, 'underestimate / overestimate', 'недооценивать / переоценивать', NULL, NULL, 0, 0, 10, 11, 1, 12, NULL, '2020-12-10 08:43:07'),
	(709, 'ability', 'способность', NULL, NULL, 0, 1, 14, 17, 2, 19, NULL, '2020-12-11 07:16:37'),
	(710, 'donate to charity', 'пожертвовать на благотварительность', NULL, NULL, 0, 0, 10, 13, 3, 16, NULL, '2020-12-08 06:52:33'),
	(711, 'unexpectedly', 'не ожиданно', NULL, NULL, 0, 0, 10, 14, 4, 18, NULL, '2020-12-03 07:39:31'),
	(712, 'punish', 'наказывать', NULL, NULL, 0, 0, 10, 16, 6, 22, NULL, '2020-12-10 09:18:26'),
	(713, 'fair', 'справедливый', NULL, NULL, 0, 0, 10, 20, 10, 30, NULL, '2020-12-02 17:22:13'),
	(714, 'fairly', 'справедливо', NULL, NULL, 0, 1, -2, 19, 11, 30, NULL, '2020-12-11 07:16:37'),
	(715, 'unfairly', 'несправедливо', NULL, NULL, 0, 0, 10, 13, 3, 16, NULL, '2020-12-03 08:03:57'),
	(716, 'No one ... / Nobody ...', 'ни кто ... / никого ...', NULL, NULL, 0, 1, 8, 11, 1, 12, NULL, '2020-12-11 07:16:37'),
	(717, 'rebuild - rebuilt - rebuilt', 'востанавливать', NULL, NULL, 1, 0, 10, 13, 3, 16, NULL, '2020-12-11 06:47:02'),
	(718, 'cathedrel', 'собор', NULL, NULL, 0, 0, 10, 10, 0, 10, NULL, '2020-12-10 08:40:55'),
	(719, 'century', 'век', NULL, NULL, 0, 0, 10, 10, 0, 10, NULL, '2020-12-03 07:38:59'),
	(720, 'although [олзоу] / albeit ', 'хотя', NULL, NULL, 0, 0, 10, 22, 12, 34, NULL, '2020-12-08 06:48:47'),
	(721, 'exhibition', 'выставка', NULL, NULL, 0, 1, -7, 10, 2, 12, NULL, '2020-12-11 07:16:37'),
	(722, 'for this reason', 'по этой причине', NULL, NULL, 0, 0, 10, 11, 1, 12, NULL, '2020-12-03 07:45:08'),
	(723, 'equal', 'равный', NULL, NULL, 0, 1, 3, 10, 1, 11, NULL, '2020-12-11 07:16:37'),
	(724, 'split - split - split', 'разделять / разбивать', NULL, NULL, 1, 0, 10, 10, 0, 10, NULL, '2020-12-04 07:17:44'),
	(725, 'value [verb] ', 'ценить', NULL, NULL, 0, 0, 10, 10, 0, 10, NULL, '2020-12-02 07:50:54'),
	(726, 'fire / dismis', 'увольнять / увольнять', NULL, NULL, 0, 0, 10, 14, 4, 18, NULL, '2020-12-03 07:32:01'),
	(727, 'to be forced to do something', 'быть вынудженым что то сделать', NULL, NULL, 0, 0, 15, 16, 1, 17, NULL, '2020-12-10 08:38:19'),
	(728, 'because of', 'из за / вследствие', NULL, NULL, 0, 1, 4, 15, 2, 17, NULL, '2020-12-11 07:16:37'),
	(729, 'некоторых из ....', 'some of ...', NULL, NULL, 0, 0, 11, 13, 2, 15, NULL, '2020-12-02 07:50:13'),
	(730, 'miracle', 'чудо', NULL, NULL, 0, 0, 10, 10, 0, 10, NULL, '2020-12-10 09:20:29'),
	(731, 'inside-out', 'наизнанку', NULL, NULL, 0, 0, 10, 11, 1, 12, NULL, '2020-12-10 08:48:35'),
	(732, 'accuse ', 'обвинять', NULL, NULL, 0, 1, 8, 15, 5, 20, NULL, '2020-12-11 07:16:37'),
	(733, 'guilt', 'вина', NULL, NULL, 0, 0, 10, 15, 5, 20, NULL, '2020-12-10 09:26:55'),
	(734, 'deny [verb]', 'отрицать', NULL, NULL, 0, 0, 1, 24, 15, 39, NULL, '2020-12-02 17:32:42'),
	(735, 'hire', 'нанимать', NULL, NULL, 0, 0, 10, 10, 0, 10, NULL, '2020-12-08 06:57:41'),
	(736, 'threat', 'угроза', NULL, NULL, 0, 1, -1, 23, 17, 40, NULL, '2020-12-11 07:16:37'),
	(737, 'threaten', 'угрожать', NULL, NULL, 0, 1, 6, 30, 20, 50, NULL, '2020-12-11 07:16:37'),
	(738, 'restrict [verb] ', 'ограничивать (не limit)', NULL, NULL, 0, 0, 10, 11, 1, 12, NULL, '2020-12-07 06:30:06'),
	(739, 'somewhere', 'где то', NULL, NULL, 0, 0, 11, 11, 0, 11, NULL, '2020-12-04 14:00:01'),
	(740, 'As for me, ...', 'что касается меня, ...', NULL, NULL, 0, 0, 1, 15, 6, 21, NULL, '2020-12-02 17:18:36'),
	(741, 'hit - hit - hit', 'ударить', NULL, NULL, 1, 0, 10, 10, 0, 10, NULL, '2020-12-04 07:33:38'),
	(742, 'authorities [озоратиз]', 'власти (не goverment)', NULL, NULL, 0, 0, 10, 11, 1, 12, NULL, '2020-12-10 08:44:25'),
	(743, 'ancient ', 'древний', NULL, NULL, 0, 0, 10, 14, 4, 18, NULL, '2020-12-03 07:59:09'),
	(744, 'However', 'однако / тем не мение', NULL, NULL, 0, 0, 1, 21, 16, 37, NULL, '2020-12-11 07:16:37'),
	(745, 'Fewer ', 'меньше (исчесляемое)', NULL, NULL, 0, 1, 8, 15, 6, 21, NULL, '2020-12-11 07:16:37'),
	(746, 'attempt', 'попытка', NULL, NULL, 0, 0, 10, 10, 0, 10, NULL, '2020-12-03 07:43:37'),
	(747, 'evolve', 'развиваться', NULL, NULL, 0, 1, -3, 10, 1, 11, NULL, '2020-12-11 07:16:37'),
	(748, 'let me know ...', 'дай мне знать ....', NULL, NULL, 0, 0, 10, 10, 0, 10, NULL, '2020-12-11 06:42:13'),
	(749, 'take a chance', 'воспользоваться шансом', NULL, NULL, 0, 0, 10, 12, 2, 14, NULL, '2020-12-03 07:24:35'),
	(750, 'to be late for', 'опаздать на', NULL, NULL, 0, 1, 8, 24, 15, 39, NULL, '2020-12-11 07:16:37'),
	(751, 'hard enough', 'достаточно усердно', NULL, NULL, 0, 0, 10, 15, 5, 20, NULL, '2020-12-11 07:02:13'),
	(752, 'get in trouble', 'попасть в беду', NULL, NULL, 0, 0, 10, 15, 5, 20, NULL, '2020-12-10 08:49:09'),
	(753, 'punishment', 'наказание', NULL, NULL, 0, 0, 10, 10, 0, 10, NULL, '2020-12-10 09:25:01'),
	(754, 'undertaker', 'гробоыщик / предпрениматель', NULL, NULL, 0, 0, 10, 10, 0, 10, NULL, '2020-12-03 08:03:25'),
	(755, 'accountant', 'бухгалтер', NULL, NULL, 0, 0, 0, 9, 0, 9, NULL, '2020-10-21 05:51:43'),
	(756, 'keen on', 'увлекаться', NULL, NULL, 0, 1, 8, 12, 3, 15, NULL, '2020-12-11 07:16:37'),
	(757, 'fond of ', 'обажать (не enjoy)', NULL, NULL, 0, 0, 10, 14, 4, 18, NULL, '2020-12-03 17:16:11'),
	(758, 'attitude to work [атитьюд] ', 'отношение к работе', NULL, NULL, 0, 0, 10, 13, 3, 16, NULL, '2020-12-02 17:27:10'),
	(759, 'to be aware of ...', 'осведомлен о ...', NULL, NULL, 0, 0, 10, 11, 1, 12, NULL, '2020-12-02 08:50:24'),
	(760, 'similar to ...', 'схожий с ...', NULL, NULL, 0, 1, 6, 24, 14, 38, NULL, '2020-12-11 07:16:37'),
	(761, 'remark', 'замечание', NULL, NULL, 0, 1, -5, 13, 4, 17, NULL, '2020-12-11 07:16:37'),
	(762, 'i\'m proud of', 'я горжусь (чем то) [прил]', NULL, NULL, 0, 0, 10, 12, 2, 14, NULL, '2020-12-07 07:12:29'),
	(763, 'outstanding achivment', 'выдающееся достижение ', NULL, NULL, 0, 1, 2, 13, 3, 16, NULL, '2020-12-11 07:16:37'),
	(764, 'jealous of', 'ревновать (кого то) [прил]', NULL, NULL, 0, 0, 10, 13, 3, 16, NULL, '2020-12-08 06:40:03'),
	(765, 'famous for', 'знаменит (чем то)', NULL, NULL, 0, 0, 10, 14, 4, 18, NULL, '2020-12-02 07:58:32'),
	(766, 'to be crazy about / to be mad about', 'сходить с ума (по чему то) ', NULL, NULL, 0, 0, 10, 13, 3, 16, NULL, '2020-12-04 07:30:25'),
	(767, 'rescue [рескю] ', 'спасение', NULL, NULL, 0, 0, 10, 17, 7, 24, NULL, '2020-12-02 07:49:56'),
	(768, 'drown [verb]', 'утонуть / тонуть', NULL, NULL, 0, 1, 8, 20, 9, 29, NULL, '2020-12-11 07:16:37'),
	(769, 'current [noun]', 'поток / ток', NULL, NULL, 0, 0, 10, 10, 0, 10, NULL, '2020-12-02 16:59:30'),
	(770, 'Within', 'в пределах / в течение (не During)', NULL, NULL, 0, 0, 10, 12, 2, 14, NULL, '2020-12-03 08:00:11'),
	(771, 'sunbathers ', 'загорающие', NULL, NULL, 0, 1, -3, 11, 2, 13, NULL, '2020-12-11 07:16:37'),
	(772, 'we\'ve had enough!', 'с нас уже хватит!', NULL, NULL, 0, 1, 10, 13, 2, 15, NULL, '2020-12-11 07:16:37'),
	(773, 'headache [хедэйк]', 'головная боль', NULL, NULL, 0, 0, 10, 11, 1, 12, NULL, '2020-12-03 07:28:35'),
	(774, 'stomachache [стомкэйк]', 'боль живота', NULL, NULL, 0, 0, 10, 14, 4, 18, NULL, '2020-12-10 08:51:01'),
	(775, 'choir [кваер]', 'хор', NULL, NULL, 0, 0, 10, 13, 3, 16, NULL, '2020-12-04 13:56:32'),
	(776, 'cought [коф]', 'кашлять / кашель', NULL, NULL, 0, 0, 10, 12, 2, 14, NULL, '2020-12-10 08:38:59'),
	(777, 'queue [кю]', 'очередь [произношение] ', NULL, NULL, 0, 0, 10, 10, 0, 10, NULL, '2020-12-04 07:32:54'),
	(778, 'scissors [сиззорс]', 'ножницы', NULL, NULL, 0, 0, 10, 14, 4, 18, NULL, '2020-12-02 16:58:32'),
	(779, 'approach', 'подход', NULL, NULL, 0, 0, 10, 15, 5, 20, NULL, '2020-12-07 07:06:10'),
	(780, 'numerous', 'многочисленными', NULL, NULL, 0, 0, 10, 10, 0, 10, NULL, '2020-12-02 17:27:02'),
	(781, 'to be different from ...', 'отличный от ... [прил]', NULL, NULL, 0, 0, 10, 14, 4, 18, NULL, '2020-12-08 06:57:10'),
	(782, 'учиться на ошибках', 'learn from mistakes', NULL, NULL, 0, 0, 10, 12, 2, 14, NULL, '2020-12-10 09:16:13'),
	(783, 'реакция на ...', 'reaction to ..', NULL, NULL, 0, 1, 8, 10, 1, 11, NULL, '2020-12-11 07:16:37'),
	(784, 'i\'m shoked (by / at) something.', 'я шокирован чем то', NULL, NULL, 0, 0, 10, 10, 0, 10, NULL, '2020-12-10 10:02:30'),
	(785, 'he\'s warried about .....', 'он взволнован по поводу ....', NULL, NULL, 0, 0, 10, 15, 5, 20, NULL, '2020-12-02 17:30:50'),
	(786, 'to be used to [doing] / to be accustomed to  [doing]', 'привыкнуть к чему то / привыкнуть к чему то.', NULL, NULL, 0, 1, -6, 14, 4, 18, NULL, '2020-12-11 07:16:37'),
	(787, 'It took me some time, to ...', 'У меня заняло некоторое время, что бы ...', NULL, NULL, 0, 0, 10, 13, 3, 16, NULL, '2020-12-08 06:49:37'),
	(788, 'drow - drew - drawn', 'рисовать', NULL, NULL, 1, 0, 10, 13, 3, 16, NULL, '2020-12-02 17:21:37'),
	(789, 'burglars', 'грабители', NULL, NULL, 0, 0, 1, 12, 3, 15, NULL, '2020-12-03 07:32:42'),
	(790, 'generosity', 'щедрость', NULL, NULL, 0, 0, 10, 12, 2, 14, NULL, '2020-12-07 07:10:53'),
	(791, 'compassion', 'сострадание', NULL, NULL, 0, 0, 10, 18, 8, 26, NULL, '2020-12-03 07:38:54'),
	(792, 'are closely  connected', 'тесно связаны', NULL, NULL, 0, 0, 10, 11, 1, 12, NULL, '2020-12-10 09:58:36'),
	(793, 'I tend to think', 'я склонен думать', NULL, NULL, 0, 0, 10, 10, 0, 10, NULL, '2020-12-08 06:54:50'),
	(794, 'unemployment', 'безработица', NULL, NULL, 0, 0, 10, 10, 0, 10, NULL, '2020-12-07 07:07:38'),
	(795, 'to be addicted to [doing]', 'зависим от (табака)', NULL, NULL, 0, 0, 10, 11, 1, 12, NULL, '2020-12-10 08:55:02'),
	(796, 'to be suspicious of [саспишез]', 'подозритеотно относиться', NULL, NULL, 0, 1, 0, 10, 0, 10, NULL, '2020-12-11 07:16:37'),
	(797, 'to be satisfied with', 'удовлетворен (чем то)', NULL, NULL, 0, 0, 10, 10, 0, 10, NULL, '2020-12-08 06:49:01'),
	(798, 'to be impressed by / with', 'впечатлен (чем то)', NULL, NULL, 0, 0, 10, 15, 5, 20, NULL, '2020-12-03 07:24:15'),
	(799, 'to be glad (about / for)', 'рад (о чем то) / (о ком то)', NULL, NULL, 0, 0, 10, 15, 5, 20, NULL, '2020-12-11 06:47:38'),
	(800, 'to be amazed by / at', 'поражен чем то', NULL, NULL, 0, 0, 10, 13, 3, 16, NULL, '2020-12-08 06:44:13'),
	(801, 'grateful to ... for ...', 'благодарен комуто за что то', NULL, NULL, 0, 0, 10, 17, 7, 24, NULL, '2020-12-02 07:54:31'),
	(802, 'стыдиться чего то', 'to be ashamed of', NULL, NULL, 0, 0, 10, 11, 1, 12, NULL, '2020-12-03 07:34:10'),
	(803, 'to be angry about / with', 'быть рассерженым на (что то) / (кого то)', NULL, NULL, 0, 0, 10, 19, 9, 28, NULL, '2020-12-11 07:11:50'),
	(804, 'to be optymistic about', 'быть оптимистичным (по поводу) ', NULL, NULL, 0, 0, 10, 10, 0, 10, NULL, '2020-12-03 07:28:31'),
	(805, 'to be capable of [doing]', 'быть способным что то сделать', NULL, NULL, 0, 0, 1, 26, 17, 43, NULL, '2020-12-03 07:40:38'),
	(806, 'to be crowded with', 'быть переполненным чем то..', NULL, NULL, 0, 1, 5, 14, 4, 18, NULL, '2020-12-11 07:16:37'),
	(807, 'to be allergic to', 'аллергия на', NULL, NULL, 0, 0, 10, 12, 2, 14, NULL, '2020-12-02 07:54:58'),
	(808, 'to be familiar with / to', 'знаком с (кем то чем то ) / что то знакомо мне', NULL, NULL, 0, 1, -4, 11, 2, 13, NULL, '2020-12-11 07:16:37'),
	(809, 'to be exeited about', 'быть в восторге от', NULL, NULL, 0, 0, 10, 13, 3, 16, NULL, '2020-12-03 07:32:36'),
	(810, 'to be fitend of / to be scared of', 'бояться чего то / бояться чего то', NULL, NULL, 0, 0, 10, 14, 4, 18, NULL, '2020-12-04 13:54:43'),
	(811, 'to be guilty of', 'быть виновным в', NULL, NULL, 0, 0, 10, 15, 5, 20, NULL, '2020-12-07 06:30:16'),
	(812, 'approve of ..', 'одобрять что то', NULL, NULL, 0, 1, 4, 19, 10, 29, NULL, '2020-12-11 07:16:37'),
	(813, 'I had to', 'я должен был', NULL, NULL, 0, 0, 10, 16, 6, 22, NULL, '2020-12-03 07:39:20'),
	(814, 'studies', 'учеба', NULL, NULL, 0, 0, 10, 10, 0, 10, NULL, '2020-12-04 14:00:56'),
	(815, 'leave for', 'уехать куда то [не go to]...', NULL, NULL, 0, 0, 10, 11, 1, 12, NULL, '2020-12-04 07:21:42'),
	(816, 'going on holiday', 'пойти в отпуск', NULL, NULL, 0, 1, 1, 24, 14, 38, NULL, '2020-12-11 07:16:37'),
	(817, 'succeed in doing something / manage to do something', 'удасться сделать что то / удасться сделать что то', NULL, NULL, 0, 0, 10, 15, 5, 20, NULL, '2020-12-10 09:27:32'),
	(818, 'throw to / throw at', 'бросить комуто (передать) / бросить в кого то', NULL, NULL, 0, 0, 10, 12, 2, 14, NULL, '2020-12-02 17:29:43'),
	(819, 'pray (to / for)', 'молиться (кому то / за кого то) / молитва', NULL, NULL, 0, 0, 10, 11, 1, 13, NULL, '2020-12-08 06:54:33'),
	(820, 'apologize to / for', 'извениться (перед кем то ) / (за что то)', NULL, NULL, 0, 1, -9, 20, 11, 31, NULL, '2020-12-11 07:16:37'),
	(821, 'theft', 'кража', NULL, NULL, 0, 0, 10, 15, 5, 20, NULL, '2020-12-07 07:09:46'),
	(822, 'devote to', 'уделять / посвящать', NULL, NULL, 0, 1, 7, 12, 1, 13, NULL, '2020-12-11 07:16:37'),
	(823, 'suffer from', 'страдать от', NULL, NULL, 0, 0, 10, 11, 1, 12, NULL, '2020-12-10 09:28:24'),
	(824, 'a good / bad treatment', 'хорошее / плохое обращение', NULL, NULL, 0, 0, 10, 14, 4, 18, NULL, '2020-12-04 07:21:20'),
	(825, 'There is no need ..', 'нет никакой нужды', NULL, NULL, 0, 1, 7, 18, 7, 25, NULL, '2020-12-11 07:16:37'),
	(826, 'rely on', 'положиться на', NULL, NULL, 0, 0, 10, 11, 1, 12, NULL, '2020-12-03 07:29:00'),
	(827, 'let down', 'подводить', NULL, NULL, 0, 0, 10, 10, 0, 10, NULL, '2020-12-03 07:36:23'),
	(828, 'отличаться от [глаг]', 'differ from [verb]', NULL, NULL, 0, 0, 10, 15, 5, 20, NULL, '2020-12-08 06:40:09'),
	(829, 'warn about ', 'предупреждать о', NULL, NULL, 0, 0, 10, 11, 1, 12, NULL, '2020-12-10 09:17:38'),
	(830, 'vote for', 'голосовать за', NULL, NULL, 0, 0, 10, 12, 2, 14, NULL, '2020-12-10 10:02:19'),
	(831, 'coupe with', 'справиться с', NULL, NULL, 0, 0, 1, 22, 15, 37, NULL, '2020-12-02 08:53:11'),
	(832, 'to do my best', 'сделать все возможное', NULL, NULL, 0, 1, 7, 13, 4, 17, NULL, '2020-12-11 07:16:37'),
	(833, 'unnecessary', 'не нужный', NULL, NULL, 0, 0, 10, 10, 0, 10, NULL, '2020-12-03 08:03:49'),
	(834, 'silly mistake', 'глупая ошибка', NULL, NULL, 0, 0, 10, 10, 0, 10, NULL, '2020-12-02 17:31:37'),
	(835, 'matter of practice', 'дело практики', NULL, NULL, 0, 0, 10, 13, 3, 16, NULL, '2020-12-03 07:46:48'),
	(836, 'a clear aim', 'четкая цель', NULL, NULL, 0, NULL, 10, 10, 0, 10, NULL, '2020-12-02 17:18:09'),
	(837, 'humiliating [хьюмилейтин]', 'унизительно', NULL, NULL, 0, 0, 10, 15, 5, 20, NULL, '2020-12-04 07:53:12'),
	(838, 'hospitality', 'гостеприимство', NULL, NULL, 0, 0, 10, 13, 3, 16, NULL, '2020-12-08 06:40:38'),
	(839, 'election', 'выборы', NULL, NULL, 0, NULL, 10, 12, 2, 14, NULL, '2020-12-02 17:09:56'),
	(840, 'miserable ', 'несчастный [! unheppy ]', NULL, NULL, 0, 0, 10, 13, 3, 16, NULL, '2020-12-10 09:56:28'),
	(841, 'It’s a daylight robbery!', 'Грабеж среди бегого дня!', NULL, NULL, 0, 1, 5, 16, 6, 22, NULL, '2020-12-11 07:16:37'),
	(842, 'Apply for a job …', 'устраиваться на работу', NULL, NULL, 0, 0, 10, 11, 1, 12, NULL, '2020-12-10 09:17:35'),
	(843, 'condition', 'условие', NULL, NULL, 0, 1, -2, 12, 4, 16, NULL, '2020-12-11 07:16:37'),
	(844, 'wave [verb]', 'махать', NULL, NULL, 0, 0, 1, 9, 0, 9, NULL, '2020-10-29 08:39:07'),
	(845, 'dedicate to', 'плсветить (жизь / книгу)  кому то / чему то', NULL, NULL, 0, 0, 10, 10, 0, 10, NULL, '2020-12-10 08:53:53'),
	(846, 'the needy', 'нуждающиеся', NULL, NULL, 0, 0, 10, 11, 1, 12, NULL, '2020-12-07 06:38:55'),
	(847, 'congratulate on', 'поздравлять с', NULL, NULL, 0, 0, 10, 14, 4, 18, NULL, '2020-12-03 07:31:07'),
	(848, 'влияние на', 'influence of / influence on', NULL, NULL, 0, 1, 2, 11, 2, 14, NULL, '2020-12-11 07:16:37'),
	(849, 'solving to', 'решение проблемы', NULL, NULL, 0, 0, 10, 13, 3, 16, NULL, '2020-12-04 07:47:24'),
	(850, 'ответ на', 'answer to', NULL, NULL, 0, 1, 7, 13, 4, 17, NULL, '2020-12-11 07:16:37'),
	(851, 'enter a universety', 'поступать в универ', NULL, NULL, 0, 0, 10, 11, 1, 12, NULL, '2020-12-11 07:11:25'),
	(852, 'earthquake', 'Землетресение', NULL, NULL, 0, 0, 10, 11, 1, 12, NULL, '2020-12-02 17:00:02'),
	(853, 'intention', 'намерение', NULL, NULL, 0, 0, 9, 16, 7, 23, NULL, '2020-12-05 18:29:58'),
	(854, 'She used to trevel more', 'она раньше много путешествовала', NULL, NULL, 0, 0, 10, 10, 0, 10, NULL, '2020-12-03 08:02:05'),
	(855, 'whatever happens', 'что бы не случилось', NULL, NULL, 0, 0, 10, 22, 12, 34, NULL, '2020-12-05 18:31:35'),
	(856, 'tray', 'поднос', NULL, NULL, 0, 0, 10, 11, 1, 12, NULL, '2020-12-05 18:36:30'),
	(857, 'bow tie', 'галстук бабочка', NULL, NULL, 0, 0, 10, 10, 0, 10, NULL, '2020-12-08 06:39:40'),
	(858, 'bowl', 'глубокая тарелки', NULL, NULL, 0, 0, 10, 11, 1, 12, NULL, '2020-12-04 07:42:37'),
	(859, 'cabbage', 'капуста', NULL, NULL, 0, 1, 5, 13, 2, 15, NULL, '2020-12-11 07:16:37'),
	(860, 'oyster', 'устрица', NULL, NULL, 0, 0, 10, 15, 5, 20, NULL, '2020-12-02 08:49:08'),
	(861, 'eggplant / aubergine', 'баклажан / баклажан', NULL, NULL, 0, 0, 10, 11, 1, 12, NULL, '2020-12-07 07:11:21'),
	(862, 'poured [verb / adjective]', 'налил / налитый', NULL, NULL, 0, 1, -6, 15, 8, 23, NULL, '2020-12-11 07:16:37'),
	(863, 'main course', 'основное блюдо', NULL, NULL, 0, 0, 10, 11, 1, 12, NULL, '2020-12-03 17:15:24'),
	(864, 'lamb', 'ягненок', NULL, NULL, 0, 0, 10, 11, 1, 12, NULL, '2020-12-03 07:59:36'),
	(865, 'variety', 'разнообразие', NULL, NULL, 0, 0, 10, 12, 2, 14, NULL, '2020-12-05 18:32:04'),
	(866, 'gopher', 'суслик', NULL, NULL, 0, 1, 6, 11, 1, 12, NULL, '2020-12-11 07:16:37'),
	(867, 'least', 'наименее', NULL, NULL, 0, 0, 10, 13, 3, 16, NULL, '2020-12-03 07:22:20'),
	(868, 'fried', 'жаренная', NULL, NULL, 0, 0, 10, 10, 0, 10, NULL, '2020-12-11 06:39:54'),
	(869, 'shrimp', 'креветка', NULL, NULL, 0, 1, 0, 13, 3, 16, NULL, '2020-12-11 07:16:37'),
	(870, 'mussel', 'мидия', NULL, NULL, 0, 0, 10, 11, 1, 12, NULL, '2020-12-04 13:57:29'),
	(871, 'persimmon', 'хурма', NULL, NULL, 0, 0, 10, 11, 1, 12, NULL, '2020-12-03 07:23:57'),
	(872, 'unless', 'если не / пока не', NULL, NULL, 0, 1, 6, 15, 5, 20, NULL, '2020-12-11 07:16:37'),
	(873, 'except', 'за исключением / кроме', NULL, NULL, 0, 1, 9, 13, 3, 16, NULL, '2020-12-11 07:16:37'),
	(874, 't junction', 'т образный перекресток', NULL, NULL, 0, 1, 1, 15, 4, 19, NULL, '2020-12-11 07:16:37'),
	(875, 'get by', 'сводить концы с концами', NULL, NULL, 0, 0, 9, 18, 9, 27, NULL, '2020-12-02 17:01:33'),
	(876, 'according', 'в соответствии', NULL, NULL, 0, 1, 7, 17, 9, 26, NULL, '2020-12-11 07:16:37'),
	(877, 'nationwide', 'общенациональный', NULL, NULL, 0, 0, 10, 11, 1, 12, NULL, '2020-12-04 07:57:34'),
	(878, 'survey', 'oбследование / опрос / обзор', NULL, NULL, 0, 0, 9, 20, 11, 31, NULL, '2020-12-11 07:09:14'),
	(879, 'poultry', 'домашняя птица', NULL, NULL, 0, 0, 10, 13, 3, 16, NULL, '2020-12-07 07:08:25'),
	(880, 'definitely [дефенетли]', 'определенно / несомненно', NULL, NULL, 0, NULL, 10, 14, 4, 18, NULL, '2020-12-02 17:18:03'),
	(881, 'concern for', 'беспокойство о', NULL, NULL, 0, 0, 10, 21, 11, 32, NULL, '2020-12-04 13:55:56'),
	(882, 'transmission', 'передача инфекции', NULL, NULL, 0, 0, 10, 12, 2, 14, NULL, '2020-12-10 09:18:23'),
	(883, 'ensure [verb]', 'обеспечить / гарантировать', NULL, NULL, 0, 0, 10, 17, 7, 24, NULL, '2020-12-04 07:43:33'),
	(884, 'health care', 'здравоохранение', NULL, NULL, 0, 1, 8, 12, 1, 13, NULL, '2020-12-11 07:16:37'),
	(885, 'Long-term', 'долгосрочный', NULL, NULL, 0, 0, 10, 11, 1, 12, NULL, '2020-12-10 09:28:05'),
	(886, 'likely', 'скорее всего / вероятно', NULL, NULL, 0, 0, 10, 14, 4, 18, NULL, '2020-12-07 06:36:29'),
	(887, 'amid', 'на фоне', NULL, NULL, 0, 0, 10, 11, 1, 12, NULL, '2020-12-11 06:44:22'),
	(888, 'tensions with', 'напряженность c', NULL, NULL, 0, 0, 10, 17, 7, 24, NULL, '2020-12-02 08:49:20'),
	(889, 'Conducted annually', 'Проводится ежегодно', NULL, NULL, 0, 0, 10, 16, 6, 22, NULL, '2020-12-10 09:23:47'),
	(890, 'participation', 'участие', NULL, NULL, 0, 1, 1, 20, 9, 29, NULL, '2020-12-11 07:16:37'),
	(891, 'so-called', 'так называемые', NULL, NULL, 0, 0, 10, 14, 4, 18, NULL, '2020-12-10 08:41:44'),
	(893, 'carrier', 'перевозчик', NULL, NULL, 0, 1, 2, 11, 2, 13, NULL, '2020-12-11 07:16:37'),
	(894, 'have to', 'должен (все времена) - не must', NULL, NULL, 0, 0, 1, 10, 1, 11, NULL, '2020-12-02 17:18:36'),
	(895, 'honest', 'честный', NULL, NULL, 0, 0, 10, 16, 6, 22, NULL, '2020-12-10 09:25:22'),
	(896, 'borrow', 'одолжить (у кого то)', NULL, NULL, 0, 1, 6, 12, 1, 13, NULL, '2020-12-11 07:16:37'),
	(897, 'contains', 'содержит ', NULL, NULL, 0, 1, 1, 18, 11, 29, NULL, '2020-12-14 06:35:18'),
	(898, 'furious', 'очень злой / яростный', NULL, NULL, 0, 0, 10, 14, 4, 18, NULL, '2020-12-04 13:59:05'),
	(899, 'reelection', 'переизбрание', NULL, NULL, 0, 0, 10, 11, 1, 12, NULL, '2020-12-05 18:33:03'),
	(900, 'ahead', 'впереди / предстоящий', NULL, NULL, 0, 0, 10, 12, 2, 14, NULL, '2020-12-08 06:55:11'),
	(901, 'independent ', 'независимый', NULL, NULL, 0, 0, 10, 12, 2, 14, NULL, '2020-12-03 07:45:11'),
	(902, 'frown', 'хмуриться', NULL, NULL, 0, 0, 10, 17, 7, 24, NULL, '2020-12-08 06:42:13'),
	(903, 'hold out', 'протягивать', NULL, NULL, 0, 1, 8, 18, 7, 25, NULL, '2020-12-11 07:16:37'),
	(904, 'annoy', 'раздражать', NULL, NULL, 0, 0, 10, 10, 0, 10, NULL, '2020-12-04 07:08:35'),
	(905, 'confuse', 'смущать / спутывать', NULL, NULL, 0, 0, 10, 17, 7, 24, NULL, '2020-12-10 09:19:11'),
	(906, 'nod', 'кивать головой', NULL, NULL, 0, 0, 10, 15, 5, 20, NULL, '2020-12-05 18:34:59'),
	(907, 'lonely', 'одинокий / одиноко', NULL, NULL, 0, 0, 10, 11, 1, 12, NULL, '2020-12-11 06:47:19'),
	(908, 'so far', 'до сих пор / пока', NULL, NULL, 0, 0, 1, 24, 16, 40, NULL, '2020-12-02 07:58:47'),
	(909, 'for some time now', 'уже некоторое время', NULL, NULL, 0, 0, 10, 24, 14, 38, NULL, '2020-12-07 07:04:13'),
	(910, 'a minute and a half', 'полторы минуты', NULL, NULL, 0, 0, 10, 13, 3, 16, NULL, '2020-12-10 08:41:36'),
	(911, 'lately', 'в последнее время', NULL, NULL, 0, 0, 10, 18, 8, 26, NULL, '2020-12-03 07:47:58'),
	(912, 'admit', 'признаться', NULL, NULL, 0, 0, 1, 15, 6, 21, NULL, '2020-12-02 17:32:42'),
	(913, 'intermission', 'антракт', NULL, NULL, 0, 0, 10, 11, 1, 12, NULL, '2020-12-02 08:51:01'),
	(914, 'No wonder', 'не удивительно', NULL, NULL, 0, 1, 6, 13, 3, 16, NULL, '2020-12-11 07:16:37'),
	(915, 'feel full', 'чувствовать себя сытым', NULL, NULL, 0, 0, 10, 10, 0, 10, NULL, '2020-12-03 07:59:54'),
	(916, 'curb', 'бордюр', NULL, NULL, 0, 0, 10, 15, 5, 20, NULL, '2020-12-11 07:04:04'),
	(917, 'broom', 'метла', NULL, NULL, 0, 0, 10, 16, 6, 22, NULL, '2020-12-05 18:31:50'),
	(918, 'aside', 'в стороне', NULL, NULL, 0, 0, 10, 16, 6, 22, NULL, '2020-12-04 13:56:08'),
	(919, 'make up', 'выдумывать', NULL, NULL, 0, 0, 10, 14, 4, 18, NULL, '2020-12-08 06:44:57'),
	(920, 'tug', 'буксир', NULL, NULL, 0, 0, 10, 10, 0, 10, NULL, '2020-12-02 07:53:48'),
	(921, 'vessel / vessel', 'сосуд / судно', NULL, NULL, 0, 0, 10, 10, 0, 10, NULL, '2020-12-07 06:34:59'),
	(922, 'along / along', 'вдоль / вместе', NULL, NULL, 0, 0, 10, 10, 0, 10, NULL, '2020-12-03 07:34:13'),
	(923, 'shore', 'берег / береговой', NULL, NULL, 0, 0, 10, 13, 3, 16, NULL, '2020-12-02 08:51:11'),
	(924, 'bulky', 'громоздкий / большой', NULL, NULL, 0, 0, 10, 11, 1, 12, NULL, '2020-12-02 07:53:36'),
	(925, 'southernmost', 'самый южный', NULL, NULL, 0, 0, 10, 14, 4, 18, NULL, '2020-12-02 17:30:23'),
	(926, 'definitive ...', 'окончательный ...', NULL, NULL, 0, 0, 10, 21, 11, 32, NULL, '2020-12-02 07:57:02'),
	(927, 'definition of', 'определение (чего то)', NULL, NULL, 0, 0, 10, 16, 6, 22, NULL, '2020-12-10 09:19:49'),
	(928, 'despair', 'отчаяние / отчаиваться', NULL, NULL, 0, 1, -16, 23, 16, 39, NULL, '2020-12-11 07:16:37'),
	(929, 'countless', 'бесчисленный', NULL, NULL, 0, 0, 1, 15, 6, 21, NULL, '2020-12-02 17:32:42'),
	(930, 'globe', 'земной шар / глобус', NULL, NULL, 0, 0, 10, 11, 1, 12, NULL, '2020-12-07 06:35:44'),
	(931, 'degrees Celsius', 'градусов по цельсию', NULL, NULL, 0, 0, 10, 11, 1, 12, NULL, '2020-12-08 06:55:08'),
	(932, 'calm down', 'успокоиться', NULL, NULL, 0, 0, 10, 11, 1, 12, NULL, '2020-12-03 07:45:43'),
	(933, 'relief [релиф]', 'облегчение', NULL, NULL, 0, 0, 10, 18, 8, 26, NULL, '2020-12-11 07:08:10'),
	(934, 'tug of war', 'перетягивание каната', NULL, NULL, 0, 0, 10, 11, 1, 12, NULL, '2020-12-02 08:50:00'),
	(935, 'crutch', 'костыль / опора / поддержка', NULL, NULL, 0, 0, 10, 14, 4, 18, NULL, '2020-12-08 06:53:12'),
	(936, 'ant', 'муравей', NULL, NULL, 0, NULL, 10, 10, 0, 10, NULL, '2020-12-02 17:18:14'),
	(937, 'crow', 'ворона', NULL, NULL, 0, NULL, 10, 12, 2, 14, NULL, '2020-12-02 17:17:50'),
	(938, 'sort of ....', 'своего рода / типа того ... / немного', NULL, NULL, 0, 0, 10, 14, 4, 24, NULL, '2020-12-03 07:28:45'),
	(939, 'on the edge', 'на краю', NULL, NULL, 0, 0, 10, 12, 2, 14, NULL, '2020-12-04 13:57:14'),
	(940, 'the edge of a cliff', 'край обрыва', NULL, NULL, 0, 0, 10, 16, 6, 22, NULL, '2020-12-04 07:48:57'),
	(941, 'willpower', 'сила воли', NULL, NULL, 0, 0, 10, 12, 2, 14, NULL, '2020-12-07 06:30:41'),
	(942, 'committed smoker', 'заядлый курильщик', NULL, NULL, 0, 0, 10, 12, 2, 14, NULL, '2020-12-10 09:57:00'),
	(943, 'prospect', 'перспектива', NULL, NULL, 0, 1, 8, 12, 2, 14, NULL, '2020-12-11 07:16:37'),
	(944, 'whenever', 'всякий раз, когда / когда бы ни', NULL, NULL, 0, 1, -1, 21, 14, 35, NULL, '2020-12-11 07:16:37'),
	(945, 'All you think about', 'все, о чем ты думаешь', NULL, NULL, 0, 0, 10, 15, 5, 20, NULL, '2020-12-11 06:46:55'),
	(946, 'valiant [валиент]', 'доблестный', NULL, NULL, 0, 1, 9, 13, 2, 15, NULL, '2020-12-11 07:16:37'),
	(947, 'put out', 'тушить', NULL, NULL, 0, 0, 1, 16, 7, 23, NULL, '2020-12-03 07:40:38'),
	(948, 'for sure', 'наверняка', NULL, NULL, 0, NULL, 9, 23, 14, 37, NULL, '2020-12-02 17:16:38'),
	(949, 'the majority [меджореси]', 'большинство', NULL, NULL, 0, 1, 7, 12, 4, 16, NULL, '2020-12-11 07:16:37'),
	(950, 'in fact', 'на самом деле', NULL, NULL, 0, 0, 10, 15, 5, 20, NULL, '2020-12-03 17:15:39'),
	(951, 'desire', 'желание (не wish)', NULL, NULL, 0, 0, 10, 17, 7, 24, NULL, '2020-12-07 07:08:22'),
	(952, 'vital', 'жизненно необходимый', NULL, NULL, 0, 0, 10, 14, 4, 18, NULL, '2020-12-10 08:52:52'),
	(953, 'vital difference', 'существенная разница', NULL, NULL, 0, 0, 1, 13, 4, 17, NULL, '2020-12-02 17:32:42'),
	(954, 'Given this definition, ....', 'учитывая это определение, ....', NULL, NULL, 0, 1, 6, 13, 5, 18, NULL, '2020-12-11 07:16:37'),
	(955, 'yearn', 'тосковать', NULL, NULL, 0, 0, 10, 21, 11, 32, NULL, '2020-12-08 06:54:46'),
	(956, 'yearning for', 'тоска о ...', NULL, NULL, 0, 0, 10, 20, 10, 30, NULL, '2020-12-10 10:03:47'),
	(957, 'Affirmative / Negative / Interrogative', 'Утвердительный / Отрицательный / Вопросительный', NULL, NULL, 0, NULL, 10, 14, 4, 18, NULL, '2020-12-02 17:17:17'),
	(958, 'come to the conclusion', 'прийти к заключению', NULL, NULL, 0, 1, 8, 13, 2, 15, NULL, '2020-12-11 07:16:37'),
	(959, 'a steep drop-off', 'крутой обрыв', NULL, NULL, 0, 0, 10, 15, 5, 20, NULL, '2020-12-11 07:14:55'),
	(960, 'hide [noun]', 'шкура', NULL, NULL, 0, 0, 10, 12, 2, 14, NULL, '2020-12-04 13:56:17'),
	(961, 'efficient', 'эффективный не effective', NULL, NULL, 0, 0, 10, 10, 0, 10, NULL, '2020-12-04 07:31:14'),
	(962, 'I\'d like to point out that ...', 'я хотел бы заметить что', NULL, NULL, 0, 1, 0, 18, 6, 24, NULL, '2020-12-11 07:16:37'),
	(963, 'I can\'t fugure it out.', 'я не могу понять этого', NULL, NULL, 0, 0, 10, 12, 2, 14, NULL, '2020-12-07 07:11:12'),
	(964, 'I came up with an idea', 'Мне пришла вголову идея', NULL, NULL, 0, 1, 3, 19, 10, 29, NULL, '2020-12-11 07:16:37'),
	(965, 'live up to expectations', 'оправдывать одидания', NULL, NULL, 0, 1, 1, 21, 13, 34, NULL, '2020-12-11 07:16:37'),
	(966, 'come across', 'натолкнуться (meet)', NULL, NULL, 0, 1, -7, 13, 4, 17, NULL, '2020-12-11 07:16:37'),
	(967, 'To sum up,', 'подводя итог', NULL, NULL, 0, 1, 7, 13, 4, 17, NULL, '2020-12-11 07:16:37'),
	(968, 'unforgettable impression', 'незабываемые впечатления', NULL, NULL, 0, 0, 10, 15, 5, 20, NULL, '2020-12-02 08:53:11'),
	(969, 'take out', 'вынимать / вывезти', NULL, NULL, 0, 0, 10, 16, 6, 22, NULL, '2020-12-02 07:54:43'),
	(970, 'engagement ring', 'обручальное кольцо', NULL, NULL, 0, 0, 10, 12, 2, 14, NULL, '2020-12-04 07:49:23'),
	(971, 'get on', 'ладить / уживаться', NULL, NULL, 0, 1, 2, 20, 13, 33, NULL, '2020-12-11 07:16:37'),
	(972, 'go on', 'продолжать (не continue)', NULL, NULL, 0, 0, 10, 13, 3, 16, NULL, '2020-12-02 07:58:38'),
	(973, 'sort out', 'решать проблему (не solv)', NULL, NULL, 0, 0, 10, 17, 7, 24, NULL, '2020-12-02 17:28:04'),
	(974, 'make up my mind', 'решить (не decide)', NULL, NULL, 0, 1, -3, 23, 22, 45, NULL, '2020-12-11 07:16:37'),
	(975, 'from the very begining', 'с самого начала', NULL, NULL, 0, 0, 10, 13, 3, 16, NULL, '2020-12-02 17:31:26'),
	(976, 'overnight success', 'мгновенный успех', NULL, NULL, 0, 0, 10, 11, 1, 12, NULL, '2020-12-03 17:14:27'),
	(977, 'As far as I know', 'на сколько я знаю', NULL, NULL, 0, 1, 8, 16, 5, 21, NULL, '2020-12-11 07:16:37'),
	(978, 'give up', 'бросить (курить)', NULL, NULL, 0, 0, 1, 11, 2, 13, NULL, '2020-12-03 07:40:38'),
	(979, 'habit', 'привычка', NULL, NULL, 0, 1, 2, 13, 4, 17, NULL, '2020-12-11 07:16:37'),
	(980, 'take up', 'начинать не (start)', NULL, NULL, 0, 0, 9, 14, 5, 19, NULL, '2020-12-10 09:18:42'),
	(981, 'at once', 'сразу', NULL, NULL, 0, 0, 10, 11, 1, 12, NULL, '2020-12-02 17:29:38'),
	(982, 'whoever', 'кто бы ни', NULL, NULL, 0, 0, 10, 11, 1, 12, NULL, '2020-12-05 18:35:03'),
	(983, 'wherever', 'где бы', NULL, NULL, 0, 0, 9, 12, 3, 15, NULL, '2020-12-03 07:35:18'),
	(984, 'cause', 'причина (не reason)', NULL, NULL, 0, 0, 10, 14, 4, 18, NULL, '2020-12-04 07:45:12'),
	(985, 'I wish I knew', 'Хотел бы я знать', NULL, NULL, 0, 0, 10, 12, 2, 14, NULL, '2020-12-10 08:39:33'),
	(986, 'as you might guess', 'как ты возможно догадываешься', NULL, NULL, 0, 1, 0, 16, 8, 24, NULL, '2020-12-11 07:16:37'),
	(987, 'shall', 'должен', NULL, NULL, 0, 0, 10, 15, 5, 20, NULL, '2020-12-11 06:47:16'),
	(988, 'cut off', 'отрезать', NULL, NULL, 0, 0, 10, 12, 2, 14, NULL, '2020-12-03 07:44:34'),
	(989, 'run out of', 'закончиться', NULL, NULL, 0, 0, 10, 13, 3, 16, NULL, '2020-12-10 08:48:05'),
	(990, 'I\'m fed up with it', 'меня достало это', NULL, NULL, 0, 0, 10, 11, 1, 12, NULL, '2020-12-08 06:41:41'),
	(991, 'speed up', 'ускориться', NULL, NULL, 0, 0, 10, 10, 0, 10, NULL, '2020-12-02 17:31:46'),
	(992, 'fall behind', 'отставать', NULL, NULL, 0, 1, 10, 12, 1, 13, NULL, '2020-12-11 07:16:37'),
	(993, 'rest of', '"оставшаяся часть"', NULL, NULL, 0, 0, 10, 10, 0, 10, NULL, '2020-12-11 06:45:13'),
	(994, 'somehow', 'как то / так или иначе', NULL, NULL, 0, 1, 0, 23, 23, 46, NULL, '2020-12-11 07:16:37'),
	(995, 'get back to', 'вернуться (в дискуссии)', NULL, NULL, 0, 0, 10, 14, 4, 18, NULL, '2020-12-03 07:58:03'),
	(996, 'call off', 'отменять (не cancel)', 5, NULL, 0, 0, 9, 19, 10, 29, NULL, '2020-12-11 07:13:10'),
	(997, 'postpone', 'откладывать не (put off)', NULL, NULL, 0, 0, 10, 13, 3, 16, NULL, '2020-12-10 08:50:32'),
	(998, 'put off', 'откладывать (не postpone)', NULL, NULL, 0, 1, 0, 19, 12, 31, NULL, '2020-12-11 07:16:37'),
	(999, 'pretty (quite) easily', 'довольно легко', NULL, NULL, 0, 0, 10, 12, 2, 14, NULL, '2020-12-02 17:00:06'),
	(1000, 'substantial proportion of [сабстеншел]', 'значительная часть (чего то)', NULL, NULL, 0, 0, 9, 20, 11, 31, NULL, '2020-12-07 07:05:01'),
	(1001, 'surge', 'всплеск', NULL, NULL, 0, 0, 10, 15, 5, 20, NULL, '2020-12-10 08:56:05'),
	(1002, 'to be relatively steady', 'быть относительно устойчивым', NULL, NULL, 0, 0, 10, 13, 3, 16, NULL, '2020-12-04 07:48:17'),
	(1003, 'relative [noun]', 'родственник', NULL, NULL, 0, 0, 10, 10, 0, 10, NULL, '2020-12-04 13:56:40'),
	(1004, 'elderly', 'пожилой', NULL, NULL, 0, 0, 10, 15, 5, 20, NULL, '2020-12-04 07:10:51'),
	(1005, 'suggest / propose', 'предлагать', NULL, NULL, 0, 0, 1, 12, 3, 15, NULL, '2020-12-03 07:32:42'),
	(1006, 'pharmacy', 'аптека', NULL, NULL, 0, 0, 10, 13, 3, 16, NULL, '2020-12-08 06:35:54'),
	(1007, 'particular', 'специфический / особый', NULL, NULL, 0, 0, 9, 16, 7, 23, NULL, '2020-12-03 07:44:05'),
	(1008, 'especially / particularly', 'особенно / главным образом', NULL, NULL, 0, 0, 3, 18, 10, 28, NULL, '2020-12-11 07:16:37'),
	(1009, 'avalanche', 'лавина', NULL, NULL, 0, 0, 10, 15, 5, 20, NULL, '2020-12-11 07:00:02'),
	(1010, 'out of the blue / out of a clear sky', 'совершенно неожиданно', NULL, NULL, 0, 0, 10, 18, 8, 26, NULL, '2020-12-11 06:46:28'),
	(1011, 'insane', 'безумный', NULL, NULL, 0, 0, 10, 12, 2, 14, NULL, '2020-12-07 06:34:09'),
	(1012, 'victim', 'жертва', NULL, NULL, 0, 0, 10, 13, 3, 16, NULL, '2020-12-02 08:51:38'),
	(1013, 'tore off', 'оторвать', NULL, NULL, 0, 0, 10, 16, 6, 22, NULL, '2020-12-05 18:31:52'),
	(1014, 'appreciate', 'ценить [не value] ', NULL, NULL, 0, 1, 1, 18, 10, 28, NULL, '2020-12-11 07:16:37'),
	(1015, 'by the way', 'к стати', NULL, NULL, 0, 1, 4, 17, 10, 27, NULL, '2020-12-11 07:16:37'),
	(1016, 'hard to say', 'трудно сказать', NULL, NULL, 0, 0, 10, 10, 0, 10, NULL, '2020-12-11 06:45:39'),
	(1017, 'otherwise', 'в противном случае / иначе', NULL, NULL, 0, 0, 10, 16, 6, 22, NULL, '2020-12-04 13:57:04'),
	(1018, 'prove', 'доказать', NULL, NULL, 0, 0, 10, 11, 1, 12, NULL, '2020-12-03 07:46:09'),
	(1019, 'occasion [экейжен] ', 'повод / случай / событие', NULL, NULL, 0, 0, 10, 15, 5, 20, NULL, '2020-12-04 13:56:53'),
	(1021, 'duvet', 'одеяло', NULL, NULL, 0, 0, 9, 16, 7, 23, NULL, '2020-12-04 13:58:29'),
	(1022, 'blossom', 'цветок', NULL, NULL, 0, 0, 1, 14, 5, 19, NULL, '2020-12-03 07:40:38'),
	(1023, 'hideous [хидиёс]', 'отвратительный', NULL, NULL, 0, 0, 10, 17, 7, 24, NULL, '2020-12-07 06:33:31'),
	(1025, 'butt', 'задница', NULL, NULL, 0, 0, 10, 10, 0, 10, NULL, '2020-12-03 07:36:10'),
	(1026, 'pox', 'оспа', NULL, NULL, 0, 0, 10, 11, 1, 12, NULL, '2020-12-08 06:48:31'),
	(1027, 'coincidence [коинседенс]', 'стечение обстоятельств / совпадение', NULL, NULL, 0, 0, 10, 14, 4, 18, NULL, '2020-12-10 09:19:14'),
	(1028, 'imaginary', 'воображаемый', NULL, NULL, 0, 0, 10, 14, 4, 18, NULL, '2020-12-02 17:25:36'),
	(1029, 'Duct tape', 'скотч', NULL, NULL, 0, 0, 10, 13, 3, 16, NULL, '2020-12-05 18:31:21'),
	(1030, 'tub', 'ванна', NULL, NULL, 0, 0, 10, 13, 3, 16, NULL, '2020-12-07 07:09:36'),
	(1031, 'obsessive', 'навязчивый', NULL, NULL, 0, 0, 10, 16, 6, 22, NULL, '2020-12-11 06:50:52'),
	(1032, 'I swear', 'клянусь', NULL, NULL, 0, 0, 1, 11, 2, 13, NULL, '2020-12-03 07:32:42'),
	(1033, 'pal / buddy / bud', 'приятель / приятель', NULL, NULL, 0, 0, 10, 12, 2, 14, NULL, '2020-12-04 13:54:49'),
	(1034, 'let\'s face it ', 'Давайте посмотрим правде в глаза', 8, NULL, 0, 0, 10, 12, 2, 14, NULL, '2020-12-04 07:30:48'),
	(1035, 'appointment', 'деловое свидание, встреча, прием', NULL, NULL, 0, 0, 10, 12, 2, 14, NULL, '2020-12-02 17:22:51'),
	(1036, 'I treat you', 'Я угощу тебя', NULL, NULL, 0, 0, 10, 12, 2, 14, NULL, '2020-12-10 09:28:02'),
	(1037, 'toe', 'палец на ноге', NULL, NULL, 0, 0, 10, 12, 2, 14, NULL, '2020-12-04 13:58:08'),
	(1038, 'drop sb off (travel)', 'проважать кого то', 2, NULL, 0, 0, 10, 11, 1, 12, NULL, '2020-12-08 06:43:00'),
	(1040, 'get in', 'прибывать не (arrives)', 2, NULL, 0, 0, 10, 11, 1, 12, NULL, '2020-12-02 08:50:37'),
	(1041, 'check in / check out', 'устраиваться (в отеле) / выезжать (из отеля)', 2, NULL, 0, 0, 1, 9, 0, 9, NULL, '2020-12-03 07:40:38'),
	(1042, 'set out', 'отправляться (в путешествие)', 2, NULL, 0, 0, 10, 10, 0, 10, NULL, '2020-12-02 17:01:29'),
	(1043, 'duty', 'долг / обязанность', NULL, NULL, 0, 0, 10, 10, 0, 10, NULL, '2020-12-02 07:57:27'),
	(1044, 'straw', 'солома', NULL, NULL, 0, 0, 10, 11, 1, 12, NULL, '2020-12-02 07:51:19'),
	(1045, 'swim trunks', 'плавки', 1, NULL, 0, 0, 9, 14, 5, 19, NULL, '2020-12-04 07:19:15'),
	(1046, 'flip flops', 'шлепки', 1, NULL, 0, 0, 1, 10, 1, 11, NULL, '2020-12-02 17:32:42'),
	(1047, 'Hawaiian shirt', 'гавайская рубашка', 1, NULL, 0, 0, 10, 10, 0, 10, NULL, '2020-12-10 09:15:24'),
	(1048, 'Singlet', 'Майка Алкоголичка', 1, NULL, 0, 0, 10, 12, 2, 14, NULL, '2020-12-02 08:51:20'),
	(1049, 'Shorts', 'Шорты', 1, NULL, 0, 0, 10, 11, 1, 12, NULL, '2020-12-10 09:58:54'),
	(1050, 'Tank top', 'Майка топ', 1, NULL, 0, 0, 9, 17, 8, 25, NULL, '2020-12-11 07:12:06'),
	(1051, 'Overalls', 'комбинизон', 1, NULL, 0, 0, 10, 12, 2, 14, NULL, '2020-12-02 07:50:08'),
	(1052, 'Sleevless shirt', 'Безрукавка', NULL, NULL, 0, 0, 10, 12, 2, 14, NULL, '2020-12-11 07:11:19'),
	(1053, 'waistcoat', 'жилет', 1, NULL, 0, 0, 9, 14, 5, 19, NULL, '2020-12-02 07:58:26'),
	(1054, 'jacket / jacket', 'куртка / пиджак', 1, NULL, 0, 0, 10, 10, 0, 10, NULL, '2020-12-03 08:01:06'),
	(1055, 'Bathrobe', 'Халат', 1, NULL, 0, 0, 10, 13, 3, 16, NULL, '2020-12-10 09:17:31'),
	(1056, 'beanie', 'шапка', 1, NULL, 0, 0, 10, 10, 0, 10, NULL, '2020-12-08 06:50:04'),
	(1057, 'Mittens', 'варежки', 1, NULL, 0, 1, 3, 11, 3, 14, NULL, '2020-12-11 07:16:37'),
	(1058, 'sleeve', 'рукав', 1, NULL, 0, 1, 4, 14, 5, 19, NULL, '2020-12-11 07:16:37'),
	(1059, 'Trench coat', 'плащ', 1, NULL, 0, 0, 9, 11, 2, 13, NULL, '2020-12-02 08:47:47'),
	(1060, 'stockings', 'чулки', 1, NULL, 0, 0, 7, 14, 6, 20, NULL, '2020-12-11 07:16:37'),
	(1061, 'safety pin', 'булавка', 1, NULL, 0, 0, 10, 11, 1, 12, NULL, '2020-12-11 07:12:46'),
	(1062, 'Hair clip (UK) / Bobby pin (US)', 'заколка', 1, NULL, 0, 0, 10, 12, 2, 14, NULL, '2020-12-10 10:01:33'),
	(1063, 'Necklace', 'ожерелье', 1, NULL, 0, 0, 10, 11, 1, 12, NULL, '2020-12-04 07:27:52'),
	(1064, 'purse / handbag', ' сумочка', 1, NULL, 0, 0, 9, 15, 6, 21, NULL, '2020-12-10 08:38:44'),
	(1065, 'apron', ' фартук / передник', 1, NULL, 0, 0, 10, 10, 0, 10, NULL, '2020-12-11 06:45:37'),
	(1066, 'vest', 'желет (костюм)', 1, NULL, 0, 0, 10, 12, 2, 14, NULL, '2020-12-11 07:05:11'),
	(1067, 'dress up', 'наряжаться', 1, NULL, 0, 0, 10, 13, 3, 16, NULL, '2020-12-07 06:34:29'),
	(1068, 'zip up', 'застегнуть (змейка)', 1, NULL, 0, 0, 10, 10, 0, 10, NULL, '2020-12-05 18:31:00'),
	(1069, 'button up', 'застегнуть (пуговица / кнопка)', 1, NULL, 0, 0, 10, 14, 4, 18, NULL, '2020-12-10 08:43:46'),
	(1070, 'do up', 'застегнуть', 1, NULL, 0, 0, 9, 15, 6, 21, NULL, '2020-12-04 07:32:45'),
	(1071, 'What do you have on?', 'Что на тебе надето?', NULL, NULL, 0, 0, 10, 13, 3, 16, NULL, '2020-12-02 08:51:05'),
	(1072, 'put smt on / take off smt', 'надеть что нибудь / снять что нибудь', 1, NULL, 0, 0, 10, 12, 2, 14, NULL, '2020-12-10 08:57:30'),
	(1073, 'throw on', 'накинуть на себя', 1, NULL, 0, 1, 0, 14, 7, 21, NULL, '2020-12-11 07:16:37'),
	(1074, 'try on', 'примерять', 1, NULL, 0, 0, 10, 12, 2, 14, NULL, '2020-12-08 06:57:20'),
	(1075, 'kick off ( shoes)', 'сбросить (снять обувь) ', 1, NULL, 0, 0, 9, 14, 5, 19, NULL, '2020-12-03 07:44:29'),
	(1076, 'wear smt in', 'разнашивать', 1, NULL, 0, 0, 9, 13, 4, 17, NULL, '2020-12-02 07:55:15'),
	(1078, 'chimney', 'дымоход', NULL, NULL, 0, 0, 9, 14, 5, 19, NULL, '2020-12-03 08:02:15'),
	(1079, 'wimp', 'тряпка / слабак / зануда / трус', 3, NULL, 0, 0, 9, 14, 5, 19, NULL, '2020-12-11 06:44:28'),
	(1080, 'attaboy', 'молодчина!', NULL, NULL, 0, 0, 10, 12, 2, 14, NULL, '2020-12-02 16:59:51'),
	(1081, 'bachelor [бачелар]', 'Холостяк', NULL, NULL, 0, 0, 10, 14, 4, 18, NULL, '2020-12-03 07:42:41'),
	(1082, 'I\'m begging you.', 'Я умоляю тебя!', NULL, NULL, 0, 0, 10, 13, 3, 16, NULL, '2020-12-04 07:22:43'),
	(1083, 'alimony', 'алименты', NULL, NULL, 0, 0, 10, 10, 0, 10, NULL, '2020-12-03 17:14:59'),
	(1084, 'Let it go.', 'забудь об этом.', NULL, NULL, 0, 0, 10, 12, 2, 14, NULL, '2020-12-07 06:37:16'),
	(1085, 'by heart', 'наизусть / на память', NULL, NULL, 0, 0, 10, 13, 3, 16, NULL, '2020-12-10 08:44:41'),
	(1086, 'give sb the bird / flip sb off', 'показать фак / послать', NULL, NULL, 0, 0, 10, 13, 3, 16, NULL, '2020-12-10 09:19:20'),
	(1087, 'distract', 'отвлечь', NULL, NULL, 0, 0, 10, 14, 4, 18, NULL, '2020-12-10 08:55:10'),
	(1088, 'riddle', 'загадка', NULL, NULL, 0, 0, 10, 13, 3, 16, NULL, '2020-12-05 18:31:37'),
	(1089, 'misunderstanding', 'недоразумение.', NULL, NULL, 0, 0, 9, 16, 7, 23, NULL, '2020-12-05 18:34:27'),
	(1090, 'Apparently', 'видимо (очевидно)', NULL, NULL, 0, 0, 10, 14, 4, 18, NULL, '2020-12-11 06:41:53'),
	(1091, 'drag', 'тащить, тянуть', NULL, NULL, 0, 0, 9, 14, 5, 19, NULL, '2020-12-10 08:56:25'),
	(1092, 'confession', 'признание', NULL, NULL, 0, 0, 1, 15, 11, 26, NULL, '2020-12-02 17:01:24'),
	(1093, 'flaws', 'недостатки / изъяны', NULL, NULL, 0, 1, 1, 15, 12, 27, NULL, '2020-12-11 07:16:37'),
	(1094, 'last [verb]', 'длиться / продолжаться', NULL, NULL, 0, 0, 1, 15, 7, 22, NULL, '2020-12-04 14:01:00'),
	(1095, 'broad', 'баба', NULL, NULL, 0, 0, 9, 14, 5, 19, NULL, '2020-12-04 07:45:47'),
	(1096, 'bother', 'беспокоить', NULL, NULL, 0, 1, 1, 16, 13, 29, NULL, '2020-12-11 07:16:37'),
	(1097, 'upkeep', 'уход / содержание', NULL, NULL, 0, 0, 9, 14, 5, 19, NULL, '2020-12-08 06:50:13'),
	(1098, 'ward / ward', 'палата / камера', NULL, NULL, 0, 0, 9, 12, 3, 15, NULL, '2020-12-11 06:40:10'),
	(1099, 'corpse', 'труп', NULL, NULL, 0, 0, 9, 9, 0, 9, NULL, '2020-12-11 06:39:15'),
	(1100, 'death toll', 'количество жертв / список погибших', NULL, NULL, 0, 0, 9, 10, 1, 11, NULL, '2020-12-10 09:24:05'),
	(1102, 'former', 'бывший', NULL, NULL, 0, 0, 9, 11, 2, 13, NULL, '2020-12-04 07:50:18'),
	(1103, 'but judging by', 'но судя по', NULL, NULL, 0, 1, 0, 9, 2, 11, NULL, '2020-12-11 07:16:37'),
	(1104, 'discrepancy in / between A & B', 'несоответствие (в / между)', NULL, NULL, 0, 0, 1, 16, 10, 26, NULL, '2020-12-11 07:16:37'),
	(1105, 'Neither ', 'ни один / никто / ни тот, ни другой', NULL, NULL, 0, 0, 9, 10, 1, 11, NULL, '2020-12-11 07:13:00'),
	(1106, 'nor ', 'ни / и ... не / тоже ... не', NULL, NULL, 0, 0, 7, 10, 2, 12, NULL, '2020-12-11 07:16:37'),
	(1107, 'crucial ', 'ключевой', NULL, NULL, 0, 0, 9, 11, 2, 13, NULL, '2020-12-02 07:58:15'),
	(1108, 'trials', 'испытания', NULL, NULL, 0, 0, 10, 12, 2, 14, NULL, '2020-12-03 07:58:17'),
	(1109, 'Poo / Poop / Crap / Dung / Shit / Dump / Feces / Bowel Movement', 'дерьмо * 8', NULL, NULL, 0, 0, 9, 12, 3, 15, NULL, '2020-12-07 06:30:31'),
	(1110, 'Bathroom / Restroom / Washroom / Toilet / Loo / The John', 'туалет * 6', 4, NULL, 0, 0, 9, 12, 3, 15, NULL, '2020-12-10 10:03:42'),
	(1111, 'Pee / Piss / Leak /  Urine', 'моча * 4', 4, NULL, 0, 0, 9, 11, 2, 13, NULL, '2020-12-11 06:48:08'),
	(1112, 'cut up', 'порезать', 5, NULL, 0, 0, 1, 13, 5, 18, NULL, '2020-12-10 10:05:13'),
	(1113, 'cut off', 'отрезать', 5, NULL, 0, 0, 10, 10, 0, 10, NULL, '2020-12-05 18:31:45'),
	(1114, 'chuck out / throw away', 'выбросить / выбросить', 5, NULL, 0, 1, 7, 12, 2, 14, NULL, '2020-12-11 07:16:37'),
	(1115, 'cut through', 'разрезать', 5, NULL, 0, 0, 10, 10, 0, 10, NULL, '2020-12-10 09:19:05'),
	(1116, 'blunt / dull', 'тупой (нож, и не только :)', NULL, NULL, 0, 0, 9, 13, 4, 17, NULL, '2020-12-11 06:42:00'),
	(1117, 'cut into', 'воткнуть (нож)', 5, NULL, 0, 1, 1, 12, 7, 19, NULL, '2020-12-14 06:35:28'),
	(1118, 'chop [verb]', 'рубить', NULL, NULL, 0, 0, 9, 11, 2, 13, NULL, '2020-12-08 06:41:52'),
	(1119, 'cut down', 'срубить', NULL, NULL, 0, 0, 9, 9, 0, 9, NULL, '2020-12-03 07:35:27'),
	(1120, 'occasionally', 'время от времени / иногда', NULL, NULL, 0, 0, 1, 11, 3, 14, NULL, '2020-12-02 07:17:52'),
	(1121, 'There\'s more?', 'это еще не все?', NULL, NULL, 0, 1, 0, 10, 5, 15, NULL, '2020-12-11 07:16:37'),
	(1122, 'spill', 'проливать', NULL, NULL, 0, 0, 10, 10, 0, 10, NULL, '2020-12-04 07:54:35'),
	(1123, 'What do I do', 'Что я должен делать?', NULL, NULL, 0, 0, 9, 9, 0, 9, NULL, '2020-12-04 13:58:25'),
	(1124, 'plain', 'простой / обычный', NULL, NULL, 0, 0, 9, 10, 1, 11, NULL, '2020-12-03 07:39:52'),
	(1125, 'spread', 'распространение / распространять / распространяться', NULL, NULL, 0, 0, 10, 11, 1, 12, NULL, '2020-12-07 07:10:42'),
	(1126, 'cattle', 'крупный рогатый скот', NULL, NULL, 0, 0, 8, 12, 4, 16, NULL, '2020-12-14 06:35:20'),
	(1127, 'Yes, in a manner of speaking.', 'Да, можно и так сказать.', NULL, NULL, 0, 1, 2, 11, 3, 14, NULL, '2020-12-11 07:16:37'),
	(1128, 'peel [verb / noun]', 'кожура / чистить', 5, NULL, 0, 0, 9, 10, 1, 11, NULL, '2020-12-02 08:49:24'),
	(1129, 'melt [verb]', 'таять', 5, NULL, 0, 1, 4, 12, 6, 18, NULL, '2020-12-11 07:16:37'),
	(1130, 'Fry [verb]', 'жарить', 5, NULL, 0, 0, 10, 10, 0, 10, NULL, '2020-12-10 09:27:36'),
	(1131, 'Saute [verb]', 'обжаривать', 5, NULL, 0, NULL, 1, 12, 6, 18, NULL, '2020-12-04 14:01:00'),
	(1132, 'Whip [verb]', 'взбивать', 5, NULL, 0, 0, 9, 10, 1, 11, NULL, '2020-12-11 07:11:53'),
	(1133, 'grate [verb]', 'натереть', 5, NULL, 0, 0, 6, 13, 6, 19, NULL, '2020-12-11 07:16:37'),
	(1134, 'roast [verb]', 'поджарить', 5, NULL, 0, 0, 1, 9, 2, 11, NULL, '2020-12-02 17:32:42'),
	(1135, 'boil / boil [verb]', 'варить / кипеть', 5, NULL, 0, 0, 9, 10, 1, 11, NULL, '2020-12-02 17:31:22'),
	(1136, 'stir [verb]', 'размешивать', 5, NULL, 0, 0, 1, 14, 6, 20, NULL, '2020-12-03 07:40:38'),
	(1137, 'burner', 'горелка', 5, NULL, 0, 0, 9, 10, 1, 11, NULL, '2020-12-03 07:39:39'),
	(1138, 'can opener', 'открывалка (консервы)', 5, NULL, 0, 0, 1, 10, 2, 12, NULL, '2020-12-11 07:16:37'),
	(1139, 'colander', 'дуршлаг', 5, NULL, 0, NULL, 9, 11, 2, 13, NULL, '2020-12-02 17:14:48'),
	(1140, 'corkscrew', 'штопор', 5, NULL, 0, 0, 9, 11, 2, 13, NULL, '2020-12-11 06:39:43'),
	(1141, 'countertop', 'столешница', 5, NULL, 0, 0, 6, 12, 4, 16, NULL, '2020-12-11 07:16:37'),
	(1142, 'crockery', 'посуда', 5, NULL, 0, 1, 5, 12, 4, 16, NULL, '2020-12-11 07:16:37'),
	(1143, 'cutlery', 'столовые приборы', 5, NULL, 0, 1, 2, 12, 6, 18, NULL, '2020-12-11 07:16:37'),
	(1144, 'faucet / tap', 'кран / кран', 5, NULL, 0, NULL, 6, 11, 3, 14, NULL, '2020-12-11 07:16:37'),
	(1145, 'freezer', 'морозильная камера', 5, NULL, 0, 0, 9, 10, 1, 11, NULL, '2020-12-03 07:28:22'),
	(1146, 'the funeral', 'похороны', NULL, NULL, 0, 0, 1, 9, 3, 12, NULL, '2020-12-10 09:20:37'),
	(1147, 'funnel', 'воронка', 5, NULL, 0, 0, 9, 11, 2, 13, NULL, '2020-12-08 06:56:06'),
	(1148, 'grater', 'терка', 5, NULL, 0, 0, 9, 13, 4, 17, NULL, '2020-12-10 09:14:57'),
	(1149, 'kettle', 'чайник', 5, NULL, 0, 0, 9, 11, 2, 13, NULL, '2020-12-10 09:20:22'),
	(1150, 'ladle', 'ковш / черпак / ополоник', 5, NULL, 0, 0, 1, 10, 4, 14, NULL, '2020-12-02 08:53:11'),
	(1151, 'mortar', 'ступка', 5, NULL, 0, 0, 9, 11, 2, 13, NULL, '2020-12-10 09:22:42'),
	(1152, 'oven', 'духовка', 5, NULL, 0, 0, 9, 10, 1, 11, NULL, '2020-12-02 08:49:12'),
	(1153, 'oven mitt', 'прихватка (руковица)', 5, NULL, 0, 0, 9, 11, 2, 13, NULL, '2020-12-02 17:22:23'),
	(1154, 'paper towel', 'бумажные полотенца', 5, NULL, 0, 0, 9, 9, 0, 9, NULL, '2020-12-03 07:31:01'),
	(1155, 'pitcher / jug', 'кувшин / кувшин', 5, NULL, 0, 0, 1, 11, 3, 14, NULL, '2020-12-10 08:59:38'),
	(1156, 'rolling pin', 'скалка', 5, NULL, 0, 0, 1, 10, 2, 12, NULL, '2020-12-03 07:40:38'),
	(1157, 'saucepan', 'кастрюля (ковш)', 5, NULL, 0, 0, 10, 10, 0, 10, NULL, '2020-12-10 09:56:46'),
	(1158, 'pot', 'кастрюля', 5, NULL, 0, 0, 9, 11, 2, 13, NULL, '2020-12-11 06:59:45'),
	(1159, 'scale', 'весы', 5, NULL, 0, 0, 9, 10, 1, 11, NULL, '2020-12-10 10:05:05'),
	(1160, 'sink', 'раковина', 5, NULL, 0, 0, 9, 11, 2, 13, NULL, '2020-12-10 09:28:30'),
	(1161, 'spatula', 'лопатка', 5, NULL, 0, 1, 5, 11, 2, 13, NULL, '2020-12-11 07:16:37'),
	(1162, 'sponge', 'губка', 5, NULL, 0, 0, 10, 10, 0, 10, NULL, '2020-12-05 18:36:22'),
	(1163, 'tinfoil', 'фольга', 5, NULL, 0, 0, 9, 10, 1, 11, NULL, '2020-12-08 06:45:05'),
	(1164, 'trash can', 'мусорное ведро', NULL, NULL, 0, 0, 1, 12, 4, 16, NULL, '2020-12-10 10:05:13'),
	(1165, 'vegetable peeler', 'овощечистилка', 5, NULL, 0, 0, 9, 10, 1, 11, NULL, '2020-12-02 08:47:49'),
	(1166, 'whisk', 'венчик', 5, NULL, 0, 0, 1, 13, 12, 25, NULL, '2020-12-02 07:17:03'),
	(1167, 'What\'s a ... (something)?', 'Что такое .... (какое то слово)?', NULL, NULL, 0, 0, 1, 9, 1, 10, NULL, '2020-12-02 08:53:11'),
	(1168, 'Knock yourself out. :)', 'Ни в чем себе не отказывай. :)', 8, NULL, 0, 1, -2, 16, 11, 27, NULL, '2020-12-11 07:16:37'),
	(1169, 'Right to the chase.', 'Сразу к делу!', NULL, NULL, 0, 1, 4, 14, 9, 23, NULL, '2020-12-11 07:16:37'),
	(1170, 'gal', 'девчонка / девушка', NULL, NULL, 0, 0, 10, 10, 0, 10, NULL, '2020-12-02 17:22:25'),
	(1171, 'get hammered', 'напиться / нажраться', NULL, NULL, 0, 0, 6, 12, 4, 16, NULL, '2020-12-11 07:16:37'),
	(1172, 'Simultaneously [симултениосли]', 'одновременно (одно слово)', NULL, NULL, 0, 1, 2, 15, 9, 24, NULL, '2020-12-11 07:16:37'),
	(1173, 'loon', 'псих', NULL, NULL, 0, 0, 9, 12, 3, 15, NULL, '2020-12-10 09:17:10'),
	(1174, 'I\'m beat.', 'Я с ног валюсь.', NULL, NULL, 0, 0, 9, 11, 2, 13, NULL, '2020-12-10 09:17:21'),
	(1175, 'kidney ', 'почка', 7, NULL, 0, 0, 9, 10, 1, 11, NULL, '2020-12-02 08:51:23'),
	(1176, 'schmuck', 'чмо', NULL, NULL, 0, 0, 9, 9, 0, 9, NULL, '2020-12-02 08:52:56'),
	(1177, 'whereabouts', 'местонахождение', NULL, NULL, 0, NULL, 9, 13, 4, 17, NULL, '2020-12-05 18:29:04'),
	(1178, 'frankly', 'честно говоря', NULL, NULL, 0, 0, 6, 10, 2, 12, NULL, '2020-12-11 07:16:37'),
	(1179, 'reek of .. [verb]', 'вонять чем то ..', NULL, NULL, 0, 0, 9, 11, 2, 13, NULL, '2020-12-10 09:18:47'),
	(1180, 'as I live and breathe', 'собственной персоной! / глазам своим не верю!', 8, NULL, 0, 1, 9, 12, 3, 15, NULL, '2020-12-14 06:23:10'),
	(1181, 'stain', 'пятно', NULL, NULL, 0, 0, 1, 11, 5, 16, NULL, '2020-12-10 10:05:13'),
	(1182, 'Nevertheless', 'Тем не менее', NULL, NULL, 0, 1, -1, 15, 7, 22, NULL, '2020-12-11 07:16:37'),
	(1183, 'swan', 'лебедь', NULL, NULL, 0, 0, 1, 9, 2, 11, NULL, '2020-12-04 07:58:04'),
	(1184, 'make yourself at home', 'чувствуй себя как дома', 8, NULL, 0, 0, 5, 10, 3, 13, NULL, '2020-12-11 07:16:37'),
	(1185, '... so to speak', '... так сказать', NULL, NULL, 0, 1, -6, 9, 2, 11, NULL, '2020-12-11 07:16:37'),
	(1186, 'injury', 'травма, повреждение', NULL, NULL, 0, 1, 6, 14, 6, 20, NULL, '2020-12-11 07:16:37'),
	(1187, 'bride and groom', 'невеста и жених', NULL, NULL, 0, 0, 9, 9, 0, 9, NULL, '2020-12-10 09:58:01'),
	(1188, 'disaster', 'катастрофа / бедствие', NULL, NULL, 0, 0, 1, 7, 3, 10, NULL, '2020-12-02 07:58:47'),
	(1189, 'curiosity', 'любопытство', NULL, NULL, 0, 1, 2, 10, 5, 15, NULL, '2020-12-11 07:16:37'),
	(1190, 'evaporate', 'испариться', NULL, NULL, 0, 0, 3, 9, 3, 12, NULL, '2020-12-11 07:16:37'),
	(1191, 'belly', 'живот', 7, NULL, 0, 0, 1, 8, 2, 10, NULL, '2020-12-11 07:16:37'),
	(1192, 'twisted / twisted', 'скрученный / извращенный', NULL, NULL, 0, 0, 1, 8, 0, 8, NULL, '2020-12-11 06:47:50'),
	(1193, 'booze', 'выпивка', NULL, NULL, 0, 0, 6, 7, 0, 7, NULL, '2020-12-11 07:16:37'),
	(1194, 'consequence', 'последствие', NULL, NULL, 0, 1, 0, 9, 11, 20, NULL, '2020-12-11 07:16:37'),
	(1195, 'contradiction', 'противоречие', NULL, NULL, 0, 1, 1, 10, 6, 16, NULL, '2020-12-11 07:16:37'),
	(1196, 'Be right back BRB', 'скоро вернусь!', NULL, NULL, 0, 0, 9, 9, 0, 9, NULL, '2020-12-10 09:26:59'),
	(1197, 'sacrifice', 'жертва (не victum)', NULL, NULL, 0, NULL, 7, 11, 3, 14, NULL, '2020-12-11 07:16:37'),
	(1198, 'Inheritance', 'Наследование', NULL, NULL, 0, 1, 4, 9, 3, 12, NULL, '2020-12-11 07:16:37'),
	(1200, 'raw', 'сырая', NULL, NULL, 0, 0, 1, 7, 0, 7, NULL, '2020-12-04 07:58:04'),
	(1201, 'liver', 'печень', 7, NULL, 0, NULL, 7, 9, 1, 10, NULL, '2020-12-11 07:16:37'),
	(1202, 'literate', 'грамотный', NULL, NULL, 0, 1, -9, 10, 5, 15, NULL, '2020-12-11 07:16:37'),
	(1203, 'doobie', 'косячок', NULL, NULL, 0, 0, 9, 10, 1, 11, NULL, '2020-12-11 07:11:21'),
	(1204, 'mortgage [могедж]', 'ипотека', NULL, NULL, 0, 1, 0, 7, 2, 9, NULL, '2020-12-11 07:16:37'),
	(1205, 'grand', 'штука / косарь', NULL, NULL, 0, 0, 1, 8, 1, 9, NULL, '2020-12-10 09:28:45'),
	(1206, 'effort ', 'усилие', NULL, NULL, 0, 0, 1, 8, 1, 9, NULL, '2020-12-11 07:16:37'),
	(1207, 'salmon', 'лосось', NULL, NULL, 0, 0, 6, 10, 2, 12, NULL, '2020-12-11 07:16:37'),
	(1208, 'hospitable', 'hospitable', NULL, NULL, 0, 0, 5, 7, 0, 7, NULL, '2020-12-11 07:16:37'),
	(1209, 'appearance', 'внешний вид', NULL, NULL, 0, 0, 1, 8, 0, 8, NULL, '2020-12-11 07:16:37'),
	(1210, 'afford', 'позволять себе', NULL, NULL, 0, 0, 4, 8, 2, 10, NULL, '2020-12-11 07:16:37'),
	(1211, 'Take your time', 'не спеши!', 8, NULL, 0, 1, -9, 7, 1, 8, NULL, '2020-12-11 07:16:37'),
	(1212, 'carry the day', 'удачно', 8, NULL, 0, 1, -2, 6, 1, 7, NULL, '2020-12-11 07:16:37'),
	(1213, 'call time', 'заканчивать (карьеру)', 8, NULL, 0, 0, 1, 7, 3, 10, NULL, '2020-12-04 14:01:00'),
	(1214, 'back to square one', 'возвращатся в самое начало', 8, NULL, 0, 1, 0, 6, 5, 11, NULL, '2020-12-11 07:16:37'),
	(1215, 'get over', 'выздороветь', 9, NULL, 0, 0, 1, 3, 3, 6, NULL, '2020-12-02 07:16:28'),
	(1216, 'Pass away', 'умереть', 9, NULL, 0, 0, 4, 7, 2, 9, NULL, '2020-12-11 07:16:37'),
	(1217, 'to be run over', 'быть сбитым машиной', 9, NULL, 0, 1, 0, 7, 4, 11, NULL, '2020-12-11 07:16:37'),
	(1218, 'come to', 'прийти в сознание', 9, NULL, 0, 0, 3, 7, 3, 10, NULL, '2020-12-11 07:16:37'),
	(1219, 'Pass out ', 'потерять сознание', 9, NULL, 0, 0, 5, 8, 3, 11, NULL, '2020-12-14 06:25:31'),
	(1220, 'come down with (the flu)', 'заболеть (не сильно)', 9, NULL, 0, 0, 1, 6, 1, 7, NULL, '2020-12-11 07:16:37'),
	(1221, 'lay (layd) up', 'заболеть (сильно)', 9, NULL, 0, 0, 5, 8, 1, 9, NULL, '2020-12-11 07:16:37'),
	(1222, 'swell up', 'опухнуть', 9, NULL, 0, 1, 4, 8, 4, 12, NULL, '2020-12-14 06:11:44'),
	(1223, 'to be knocked up', 'быть беременной ', 9, NULL, 0, 1, 1, 7, 5, 12, NULL, '2020-12-11 07:16:37'),
	(1224, 'on the upside', 'с другой стороны', NULL, NULL, 0, 0, 1, 5, 2, 7, NULL, '2020-12-02 07:58:47'),
	(1225, 'fold-out bed', 'раскладная кровать', NULL, NULL, 0, 1, -1, 3, 2, 5, NULL, '2020-12-11 07:16:37'),
	(1226, 'conjugal  [канджигл]', 'супружеский', NULL, NULL, 0, 1, -1, 0, 1, 1, NULL, '2020-12-11 07:16:37'),
	(1227, 'weeper', 'плакса', NULL, NULL, 0, 1, -21, 0, 1, 1, NULL, '2020-12-11 07:16:37'),
	(1228, 'I must be off.', 'Я должен уйти.', 8, NULL, 0, 1, 0, 0, 2, 2, NULL, '2020-12-11 07:16:37'),
	(1229, 'take the high road', 'вести себя достойно.', 8, NULL, 0, 1, -1, 0, 3, 3, NULL, '2020-12-11 07:16:37'),
	(1230, 'fate', 'судьба', NULL, NULL, 0, 0, 1, 0, 0, 0, NULL, NULL),
	(1231, 'tit for tat', 'око за око ', 8, NULL, 0, 0, 1, 1, 0, 1, NULL, '2020-12-07 06:38:25'),
	(1232, 'crotch', 'промежность', NULL, NULL, 0, 1, -1, 1, 2, 3, NULL, '2020-12-11 07:16:37'),
	(1233, 'Well, since you brought it up, ...', 'Ну, раз уж вы это подняли этот разговор, ...', NULL, NULL, 0, 1, -5, 1, 3, 4, NULL, '2020-12-11 07:16:37'),
	(1234, 'lung', 'легкое', 9, NULL, 0, 0, 1, 0, 0, 0, NULL, NULL),
	(1235, 'ankle', 'лодыжка', 7, NULL, 0, 0, 4, 5, 0, 5, NULL, '2020-12-11 07:16:37'),
	(1236, 'personality', 'личность', NULL, NULL, 0, 1, -1, 1, 1, 2, NULL, '2020-12-11 07:16:37'),
	(1237, 'on the contrary', 'наоборот', NULL, NULL, 0, 1, -4, 0, 3, 3, NULL, '2020-12-11 07:16:37'),
	(1238, ' hose', 'шланг', NULL, NULL, 0, 1, -2, 1, 1, 2, NULL, '2020-12-11 07:16:37'),
	(1239, 'soil ', 'почва', NULL, NULL, 0, 1, -9, 0, 1, 1, NULL, '2020-12-11 07:16:37'),
	(1240, 'moist', 'влажный', NULL, NULL, 0, 1, -6, 0, 1, 1, NULL, '2020-12-11 07:16:37'),
	(1241, 'amuse', 'развлекать', NULL, NULL, 0, NULL, 1, 0, 0, 0, NULL, NULL),
	(1242, 'firm', 'твердо', NULL, NULL, 0, 1, -1, 1, 2, 3, NULL, '2020-12-11 07:16:37'),
	(1243, 'buttocks', 'ягодицы', NULL, NULL, 0, NULL, 1, 0, 0, 0, NULL, NULL),
	(1244, 'laxative [лаксетив]', 'слабительное', NULL, NULL, 0, 1, -11, 0, 1, 1, NULL, '2020-12-11 07:16:37'),
	(1245, 'nasty ', 'мерзкий', NULL, NULL, 0, 1, -1, 0, 1, 1, NULL, '2020-12-11 07:16:37'),
	(1246, 'just in case', 'на всякий случай.', 8, NULL, 0, 1, 1, 0, 2, 2, NULL, '2020-12-14 06:17:37'),
	(1247, 'What was your first clue? ', 'Как ты догадался?', 5, NULL, 0, 1, -13, 0, 0, 0, NULL, '2020-12-11 07:16:37'),
	(1248, ' mustard', 'горчица', 5, NULL, 0, 1, 1, 0, 2, 2, NULL, '2020-12-14 06:25:43'),
	(1249, 'willy-nilly', 'как попало', NULL, NULL, 0, 1, -1, 1, 2, 3, NULL, '2020-12-11 07:16:37'),
	(1250, 'miscounted', 'просчитался', NULL, NULL, 0, NULL, 1, 2, 0, 2, NULL, '2020-12-10 09:20:37'),
	(1251, 'remorse', 'раскаяние', NULL, NULL, 0, 1, -9, 0, 1, 1, NULL, '2020-12-11 07:16:37'),
	(1252, 'regret', 'сожаление', NULL, NULL, 0, 1, 1, 0, 1, 1, NULL, '2020-12-11 07:16:37'),
	(1253, 'raccoon ', 'енот', NULL, NULL, 0, 1, -6, 1, 1, 2, NULL, '2020-12-11 07:16:37'),
	(1254, 'grave', 'могила', NULL, NULL, 0, 1, 1, 1, 2, 3, NULL, '2020-12-14 06:35:23'),
	(1255, 'stingy', 'скупой', NULL, NULL, 0, 1, 0, 0, 2, 2, NULL, '2020-12-11 07:16:37'),
	(1256, 'swallow', 'глотать', NULL, NULL, 0, 1, -3, 2, 2, 4, NULL, '2020-12-11 07:16:37'),
	(1257, 'cut out', 'вырезать', 5, NULL, 0, 1, -1, 1, 2, 3, NULL, '2020-12-11 07:16:37'),
	(1258, '(not) on purpose [перпеос]', '(не) специально / нарочно', NULL, NULL, 0, 1, -1, 1, 1, 2, NULL, '2020-12-11 07:16:37'),
	(1259, 'bang my head against the wall.', 'биться головой о стену.', NULL, NULL, 0, NULL, 1, 0, 0, 0, NULL, NULL),
	(1260, 'give or take', 'плюс минус', 8, NULL, 0, NULL, 1, 0, 0, 0, NULL, NULL),
	(1261, 'argue', 'спорить (ругаться)', NULL, NULL, 0, NULL, 1, 0, 0, 0, NULL, NULL),
	(1262, 'ebb and flow', 'отлив и прилив / превратности судьбы', NULL, NULL, 0, NULL, 1, 0, 0, 0, NULL, NULL),
	(1263, 'pros and cons', 'плюсы и минусы', 8, NULL, 0, NULL, 1, 0, 0, 0, NULL, NULL),
	(1264, 'regret', 'сожаление / пожалеть', NULL, NULL, 0, NULL, 1, 0, 0, 0, NULL, NULL),
	(1265, 'smother ', 'задушить / душить', NULL, NULL, 0, NULL, 1, 0, 0, 0, NULL, NULL),
	(1266, 'Would you settle for ....', 'Вы бы согласились на ...', 8, NULL, 0, NULL, 1, 0, 0, 0, NULL, NULL),
	(1267, 'underwear / gitch', 'нижнее белье / нижнее белье', NULL, NULL, 0, NULL, 1, 0, 0, 0, NULL, NULL),
	(1268, 'give back', 'вернуть', NULL, NULL, 0, NULL, 1, 0, 0, 0, NULL, NULL),
	(1269, 'To some clown named doc. ', 'за клоуна по имени Док', 8, NULL, 0, NULL, 1, 0, 0, 0, NULL, NULL),
	(1270, 'initial', 'начальный', NULL, NULL, 0, NULL, 1, 0, 0, 0, NULL, NULL),
	(1271, 'stiff', 'жесткий / суровый', NULL, NULL, 0, NULL, 1, 0, 0, 0, NULL, NULL),
	(1272, 'keep it up', 'продолжать в том же духе', NULL, NULL, 0, NULL, 1, 0, 0, 0, NULL, NULL),
	(1273, 'I\'m sorry. I didn\'t quite catch up.', 'Простите. Я не совсем догнал.', 8, NULL, 0, NULL, 1, 0, 0, 0, NULL, NULL),
	(1274, 'Excuse me, I didn\'t quite understand last sentence.', 'Простите, я не совсем понял последнее предложение.', NULL, NULL, 0, NULL, 1, 0, 0, 0, NULL, NULL),
	(1275, 'upfront ', 'заранее', NULL, NULL, 0, NULL, 1, 0, 0, 0, NULL, NULL),
	(1276, 'invent', 'изобретать', NULL, NULL, 0, NULL, 1, 0, 0, 0, NULL, NULL),
	(1277, 'catch me off guard', 'застать меня врасплох', 8, NULL, 0, NULL, 1, 0, 0, 0, NULL, NULL),
	(1278, 'affectionate', 'любящий / ласковой', NULL, NULL, 0, NULL, 1, 0, 0, 0, NULL, NULL),
	(1279, 'She dumped me.', 'Она бросила меня', 8, NULL, 0, NULL, 1, 0, 0, 0, NULL, NULL),
	(1280, 'engine compartment', 'моторный отсек', NULL, NULL, 0, NULL, 1, 0, 0, 0, NULL, NULL),
	(1281, 'rear wheel drive', 'заднеприводный', NULL, NULL, 0, NULL, 1, 0, 0, 0, NULL, NULL),
	(1282, 'It\'s hard enough ....', 'достаточно сложно ....', NULL, NULL, 0, NULL, 1, 0, 0, 0, NULL, NULL),
	(1283, 'transition ', 'переходный период', NULL, NULL, 0, NULL, 1, 0, 0, 0, NULL, NULL),
	(1284, 'all by myself', 'в одиночку', NULL, NULL, 0, NULL, 1, 0, 0, 0, NULL, NULL),
	(1285, 'bill ', 'законопроект', NULL, NULL, 0, NULL, 1, 0, 0, 0, NULL, NULL),
	(1286, 'I\'ve got to get ... (dressed)', 'Мне нужно .... (одеваться)', NULL, NULL, 0, NULL, 1, 0, 0, 0, NULL, NULL),
	(1287, 'on all fours', 'на четвереньках', NULL, NULL, 0, NULL, 1, 0, 0, 0, NULL, NULL),
	(1288, 'Are you quite done?', 'Ты все сказал? (раздраженно)', 8, NULL, 0, NULL, 1, 0, 0, 0, NULL, NULL),
	(1289, 'Those breasts alone cost $10,000', 'Одна только грудь стоит 10000 долларов.', NULL, NULL, 0, NULL, 1, 0, 0, 0, NULL, NULL),
	(1290, 'boobs', 'сиськи', NULL, NULL, 0, NULL, 1, 0, 0, 0, NULL, NULL),
	(1291, 'What\'s up!', 'Привет!', NULL, NULL, 0, NULL, 1, 0, 0, 0, NULL, NULL),
	(1292, 'not a thing', 'ни черта', NULL, NULL, 0, NULL, 1, 0, 0, 0, NULL, NULL),
	(1293, 'misplaced', 'неуместный', NULL, NULL, 0, NULL, 1, 0, 0, 0, NULL, NULL),
	(1294, 'drop by', 'заскочить / заглянуть', NULL, NULL, 0, NULL, 1, 0, 0, 0, NULL, NULL),
	(1295, 'wonder', 'задаваться вопросом / удивляться', NULL, NULL, 0, NULL, 1, 0, 0, 0, NULL, NULL),
	(1296, 'wander', 'блуждать / шляться', NULL, NULL, 0, NULL, 1, 0, 0, 0, NULL, NULL),
	(1297, 'sour cream', 'сметана', 5, NULL, 0, NULL, 1, 0, 0, 0, NULL, NULL),
	(1298, 'паять', 'solder', NULL, NULL, 0, NULL, 1, 0, 0, 0, NULL, NULL),
	(1299, 'slippery', 'скользкий', NULL, NULL, 0, NULL, 1, 0, 0, 0, NULL, NULL),
	(1300, 'slush', 'слякоть', NULL, NULL, 0, NULL, 1, 0, 0, 0, NULL, NULL),
	(1301, 'insurance', 'страховка', NULL, NULL, 0, NULL, 1, 0, 0, 0, NULL, NULL),
	(1302, 'bend over / bend down', 'наклониться над / наклониться', NULL, NULL, 0, NULL, 1, 0, 0, 0, NULL, NULL),
	(1303, 'approximately', 'примерно (!= about)', NULL, NULL, 0, NULL, 1, 0, 0, 0, NULL, NULL),
	(1304, 'Help yourself.', 'Угощайтесь.', 8, NULL, 0, NULL, 1, 0, 0, 0, NULL, NULL),
	(1305, 'you\'ve got to do something.', 'ты должен что нибудь сделать!', NULL, NULL, 0, NULL, 1, 0, 0, 0, NULL, NULL),
	(1306, 'I made a new friend.', 'У меня появился новый друг.', 8, NULL, 0, NULL, 1, 0, 0, 0, NULL, NULL),
	(1307, 'whale (вэйл)', 'кит', NULL, NULL, 0, NULL, 1, 0, 0, 0, NULL, NULL),
	(1308, 'swearing ', 'ругань / ругающийся', NULL, NULL, 0, NULL, 1, 0, 0, 0, NULL, NULL),
	(1309, 'hypocrisy [хипокреси]', 'лицемерие', NULL, NULL, 0, NULL, 1, 0, 0, 0, NULL, NULL),
	(1310, 'self-righteous [селф ратчес]', 'самодовольный', NULL, NULL, 0, NULL, 1, 0, 0, 0, NULL, NULL),
	(1311, 'drive away', 'отгонять', NULL, NULL, 0, NULL, 1, 0, 0, 0, NULL, NULL),
	(1312, 'You pompous, assuming bastard.', 'Ты напыщенный, предполагающий ублюдок.', NULL, NULL, 0, NULL, 1, 0, 0, 0, NULL, NULL),
	(1313, 'jogger', 'бегун', NULL, NULL, 0, NULL, 1, 0, 0, 0, NULL, NULL),
	(1314, 'anymore', 'теперь / больше / уже', NULL, NULL, 0, NULL, 1, 0, 0, 0, NULL, NULL),
	(1315, 'Got it.', 'Ясно / понятно!', NULL, NULL, 0, NULL, 1, 0, 0, 0, NULL, NULL),
	(1316, 'I wasn\'t thrilled about it', 'Я не был в восторге от этого', 8, NULL, 0, NULL, 1, 0, 0, 0, NULL, NULL),
	(1317, 'I implied that ..', 'Я имел в виду, что ...', 8, NULL, 0, NULL, 1, 0, 0, 0, NULL, NULL),
	(1318, 'The rest is up to you.', 'Остальное зависит от тебя.', 8, NULL, 0, NULL, 1, 0, 0, 0, NULL, NULL),
	(1319, 'mentor', 'наставник', NULL, NULL, 0, NULL, 1, 0, 0, 0, NULL, NULL),
	(1320, 'traitor', 'предатель / изменник', NULL, NULL, 0, NULL, 1, 0, 0, 0, NULL, NULL);
/*!40000 ALTER TABLE `cards` ENABLE KEYS */;

-- Дамп структуры для таблица memo.categories
DROP TABLE IF EXISTS `categories`;
CREATE TABLE IF NOT EXISTS `categories` (
  `id` bigint(20) unsigned NOT NULL AUTO_INCREMENT,
  `name` varchar(255) COLLATE utf8mb4_unicode_ci NOT NULL,
  `icon_path` varchar(255) COLLATE utf8mb4_unicode_ci DEFAULT NULL,
  `created_at` timestamp NULL DEFAULT NULL,
  `updated_at` timestamp NULL DEFAULT NULL,
  PRIMARY KEY (`id`)
) ENGINE=InnoDB AUTO_INCREMENT=10 DEFAULT CHARSET=utf8mb4 COLLATE=utf8mb4_unicode_ci;

-- Дамп данных таблицы memo.categories: ~9 rows (приблизительно)
/*!40000 ALTER TABLE `categories` DISABLE KEYS */;
INSERT INTO `categories` (`id`, `name`, `icon_path`, `created_at`, `updated_at`) VALUES
	(1, 'Clothes', 'fas fa-tshirt', NULL, NULL),
	(2, 'Teavel', 'fas fa-plane-departure', NULL, NULL),
	(3, 'All', NULL, NULL, NULL),
	(4, 'Bathroom', 'fas fa-toilet', NULL, NULL),
	(5, 'Cooking and Eating', 'fas fa-utensils', NULL, NULL),
	(6, 'Sport and Exercises', 'fas fa-running', NULL, NULL),
	(7, 'Parts of body', 'fas fa-kidneys', NULL, NULL),
	(8, 'Idioms', 'fas fa-language', NULL, NULL),
	(9, 'Health', 'fas fa-heartbeat', NULL, NULL);
/*!40000 ALTER TABLE `categories` ENABLE KEYS */;

-- Дамп структуры для таблица memo.failed_jobs
DROP TABLE IF EXISTS `failed_jobs`;
CREATE TABLE IF NOT EXISTS `failed_jobs` (
  `id` bigint(20) unsigned NOT NULL AUTO_INCREMENT,
  `connection` text COLLATE utf8mb4_unicode_ci NOT NULL,
  `queue` text COLLATE utf8mb4_unicode_ci NOT NULL,
  `payload` longtext COLLATE utf8mb4_unicode_ci NOT NULL,
  `exception` longtext COLLATE utf8mb4_unicode_ci NOT NULL,
  `failed_at` timestamp NOT NULL DEFAULT CURRENT_TIMESTAMP,
  PRIMARY KEY (`id`)
) ENGINE=InnoDB DEFAULT CHARSET=utf8mb4 COLLATE=utf8mb4_unicode_ci;

-- Дамп данных таблицы memo.failed_jobs: ~0 rows (приблизительно)
/*!40000 ALTER TABLE `failed_jobs` DISABLE KEYS */;
/*!40000 ALTER TABLE `failed_jobs` ENABLE KEYS */;

-- Дамп структуры для таблица memo.migrations
DROP TABLE IF EXISTS `migrations`;
CREATE TABLE IF NOT EXISTS `migrations` (
  `id` int(10) unsigned NOT NULL AUTO_INCREMENT,
  `migration` varchar(255) COLLATE utf8mb4_unicode_ci NOT NULL,
  `batch` int(11) NOT NULL,
  PRIMARY KEY (`id`)
) ENGINE=InnoDB AUTO_INCREMENT=46 DEFAULT CHARSET=utf8mb4 COLLATE=utf8mb4_unicode_ci;

-- Дамп данных таблицы memo.migrations: ~10 rows (приблизительно)
/*!40000 ALTER TABLE `migrations` DISABLE KEYS */;
INSERT INTO `migrations` (`id`, `migration`, `batch`) VALUES
	(1, '2020_07_21_150111_create_reports_table', 1),
	(2, '2020_07_21_150118_create_cards_table', 1),
	(3, '2020_07_23_160740_add_irreg_row_cards_table', 2),
	(4, '2020_08_19_045801_alter_reports_table', 3),
	(6, '2014_10_12_000000_create_users_table', 5),
	(7, '2019_08_19_000000_create_failed_jobs_table', 5),
	(42, '2020_09_09_081155_add_favorit_column_cards_table', 6),
	(43, '2020_11_07_104846_create_categories_table', 6),
	(44, '2020_11_07_160740_add_cat_id_row_cards_table', 6),
	(45, '2020_12_01_071453_add_reports_data_field', 7);
/*!40000 ALTER TABLE `migrations` ENABLE KEYS */;

-- Дамп структуры для таблица memo.reports
DROP TABLE IF EXISTS `reports`;
CREATE TABLE IF NOT EXISTS `reports` (
  `id` bigint(20) unsigned NOT NULL AUTO_INCREMENT,
  `total` int(11) DEFAULT '0',
  `right` int(11) DEFAULT '0',
  `wrong` int(11) DEFAULT '0',
  `report_data` json DEFAULT NULL,
  `created_at` timestamp NULL DEFAULT NULL,
  `updated_at` timestamp NULL DEFAULT NULL,
  PRIMARY KEY (`id`)
) ENGINE=InnoDB AUTO_INCREMENT=239 DEFAULT CHARSET=utf8mb4 COLLATE=utf8mb4_unicode_ci;

-- Дамп данных таблицы memo.reports: ~83 rows (приблизительно)
/*!40000 ALTER TABLE `reports` DISABLE KEYS */;
INSERT INTO `reports` (`id`, `total`, `right`, `wrong`, `report_data`, `created_at`, `updated_at`) VALUES
	(155, 6, 6, 0, NULL, '2020-11-08 09:36:15', '2020-11-08 10:14:02'),
	(156, 175, 131, 44, NULL, '2020-11-09 06:33:03', '2020-11-09 07:14:15'),
	(157, 183, 137, 46, NULL, '2020-11-10 06:29:26', '2020-11-10 07:41:10'),
	(158, 100, 77, 23, NULL, '2020-11-12 06:24:23', '2020-11-12 07:01:38'),
	(159, 2, 1, 1, NULL, '2020-11-14 07:58:04', '2020-11-14 08:13:59'),
	(160, 61, 42, 19, NULL, '2020-11-14 08:53:04', '2020-11-14 10:36:37'),
	(161, 73, 47, 26, NULL, '2020-11-16 06:32:50', '2020-11-16 06:54:31'),
	(162, 0, 0, 0, NULL, '2020-11-16 06:55:16', '2020-11-16 06:55:16'),
	(163, 238, 189, 49, NULL, '2020-11-17 06:26:12', '2020-11-17 07:25:08'),
	(164, 128, 104, 24, NULL, '2020-11-18 06:32:50', '2020-11-18 07:19:55'),
	(165, 61, 41, 20, NULL, '2020-11-18 08:45:19', '2020-11-18 09:23:40'),
	(166, 59, 40, 19, NULL, '2020-11-18 11:58:00', '2020-11-18 12:07:14'),
	(167, 59, 51, 8, NULL, '2020-11-18 12:07:36', '2020-11-18 12:21:30'),
	(168, 59, 43, 16, NULL, '2020-11-18 12:22:45', '2020-11-18 12:31:35'),
	(169, 60, 40, 20, NULL, '2020-11-18 14:31:51', '2020-11-18 14:41:09'),
	(170, 59, 51, 8, NULL, '2020-11-19 06:58:55', '2020-11-19 07:06:41'),
	(171, 60, 44, 16, NULL, '2020-11-20 12:16:37', '2020-11-20 12:34:54'),
	(172, 120, 95, 25, NULL, '2020-11-20 12:35:18', '2020-11-20 12:56:39'),
	(173, 61, 46, 15, NULL, '2020-11-20 13:11:07', '2020-11-20 13:18:55'),
	(174, 120, 96, 24, NULL, '2020-11-23 06:36:19', '2020-11-23 06:56:31'),
	(175, 60, 50, 10, NULL, '2020-11-23 06:57:06', '2020-11-23 07:05:30'),
	(176, 62, 46, 16, NULL, '2020-11-23 07:05:50', '2020-11-23 07:13:22'),
	(177, 60, 46, 14, NULL, '2020-11-24 07:33:43', '2020-11-24 07:46:07'),
	(178, 61, 47, 14, NULL, '2020-11-24 07:46:24', '2020-11-24 07:57:34'),
	(179, 122, 96, 26, NULL, '2020-11-24 07:58:05', '2020-11-24 08:43:51'),
	(180, 60, 48, 12, NULL, '2020-11-25 06:29:33', '2020-11-25 06:45:22'),
	(181, 60, 44, 16, NULL, '2020-11-25 06:45:29', '2020-11-25 07:02:11'),
	(182, 69, 53, 16, NULL, '2020-11-25 07:09:49', '2020-11-25 07:38:46'),
	(183, 59, 50, 9, NULL, '2020-11-26 06:53:18', '2020-11-26 07:17:13'),
	(184, 59, 51, 8, NULL, '2020-11-26 07:17:28', '2020-11-26 07:26:06'),
	(185, 59, 44, 15, NULL, '2020-11-27 06:32:21', '2020-11-27 06:56:01'),
	(186, 59, 53, 6, NULL, '2020-11-27 06:56:09', '2020-11-27 07:02:51'),
	(187, 59, 47, 12, NULL, '2020-11-27 07:03:10', '2020-11-27 07:10:32'),
	(188, 303, 247, 56, NULL, '2020-11-30 06:30:21', '2020-11-30 08:38:10'),
	(189, 121, 111, 10, NULL, '2020-11-30 08:38:48', '2020-11-30 08:57:23'),
	(190, 181, 151, 30, NULL, '2020-11-30 08:57:35', '2020-11-30 10:05:13'),
	(191, 2, 2, 0, NULL, '2020-11-30 14:49:29', '2020-11-30 14:49:54'),
	(192, 60, 46, 14, NULL, '2020-12-01 06:38:36', '2020-12-01 06:59:04'),
	(193, 60, 49, 11, NULL, '2020-12-01 06:59:13', '2020-12-01 07:09:46'),
	(195, 5, 5, 0, '{"end": {"new": 0, "rare": 64, "magic": 25, "normal": 114, "unique": 1001}, "result": {"rare": 86, "magic": 32, "normal": 85}}', '2020-12-01 10:00:18', '2020-12-01 10:01:00'),
	(196, 5, 4, 1, '{"end": {"new": 0, "rare": 36, "magic": 29, "normal": 137, "unique": 1002}, "result": {"rare": 64, "magic": 25, "normal": 114, "unique": 1001}}', '2020-12-01 10:02:15', '2020-12-01 10:03:29'),
	(197, 5, 3, 2, '{"end": {"new": 0, "rare": 10, "magic": 16, "normal": 175, "unique": 1003}, "start": {"new": 0, "rare": 36, "magic": 29, "normal": 137, "unique": 1002}, "result": {"rare": 36, "magic": 29, "normal": 137, "unique": 1002}}', '2020-12-01 10:04:02', '2020-12-01 10:05:37'),
	(198, 5, 5, 0, '{"end": {"new": 0, "rare": 9, "magic": 6, "normal": 186, "unique": 1003}, "start": {"new": 0, "rare": 10, "magic": 16, "normal": 175, "unique": 1003}, "result": {"rare": 10, "magic": 16, "normal": 175}}', '2020-12-01 10:05:39', '2020-12-01 10:06:05'),
	(199, 5, 3, 2, '{"end": {"new": 0, "rare": 11, "magic": 6, "normal": 183, "unique": 1004}, "start": {"new": 0, "rare": 9, "magic": 6, "normal": 186, "unique": 1003}, "result": {"new": 0, "rare": 2, "magic": 0, "normal": -3, "unique": 1}}', '2020-12-01 10:48:49', '2020-12-01 10:50:05'),
	(200, 98, 79, 19, '{"end": {"new": 0, "rare": 62, "magic": 9, "normal": 117, "unique": 1015}, "start": {"new": 0, "rare": 11, "magic": 6, "normal": 183, "unique": 1004}, "result": {"new": 0, "rare": 51, "magic": 3, "normal": -66, "unique": 11}}', '2020-12-01 12:07:43', '2020-12-01 12:23:03'),
	(201, 59, 53, 6, '{"end": {"new": 0, "rare": 88, "magic": 5, "normal": 87, "unique": 1023}, "start": {"new": 0, "rare": 62, "magic": 9, "normal": 117, "unique": 1015}, "result": {"new": 0, "rare": 26, "magic": -4, "normal": -30, "unique": 8}}', '2020-12-02 06:32:40', '2020-12-02 06:41:40'),
	(202, 59, 53, 6, '{"end": {"new": 0, "rare": 102, "magic": 13, "normal": 56, "unique": 1032}, "start": {"new": 0, "rare": 88, "magic": 5, "normal": 87, "unique": 1023}, "result": {"new": 0, "rare": 14, "magic": 8, "normal": -31, "unique": 9}}', '2020-12-02 06:42:09', '2020-12-02 06:49:29'),
	(203, 55, 49, 6, '{"end": {"new": 0, "rare": 103, "magic": 24, "normal": 41, "unique": 1035}, "start": {"new": 0, "rare": 102, "magic": 13, "normal": 56, "unique": 1032}, "result": {"new": 0, "rare": 1, "magic": 11, "normal": -15, "unique": 3}}', '2020-12-02 06:49:42', '2020-12-02 06:58:22'),
	(204, 40, 37, 3, '{"end": {"new": 0, "rare": 96, "magic": 27, "normal": 45, "unique": 1035}, "start": {"new": 0, "rare": 103, "magic": 24, "normal": 41, "unique": 1035}, "result": {"new": 0, "rare": -7, "magic": 3, "normal": 4, "unique": 0}}', '2020-12-02 06:58:40', '2020-12-02 07:04:56'),
	(205, 44, 43, 1, '{"end": {"new": 0, "rare": 73, "magic": 51, "normal": 44, "unique": 1035}, "start": {"new": 0, "rare": 96, "magic": 27, "normal": 45, "unique": 1035}, "result": {"new": 0, "rare": -23, "magic": 24, "normal": -1, "unique": 0}}', '2020-12-02 07:05:15', '2020-12-02 07:09:52'),
	(206, 43, 43, 0, '{"end": {"new": 0, "rare": 73, "magic": 30, "normal": 64, "unique": 1036}, "start": {"new": 0, "rare": 73, "magic": 51, "normal": 44, "unique": 1035}, "result": {"new": 0, "rare": 0, "magic": -21, "normal": 20, "unique": 1}}', '2020-12-02 07:12:23', '2020-12-02 07:17:52'),
	(207, 60, 55, 5, '{"end": {"new": 0, "rare": 577, "magic": 158, "normal": 331, "unique": 47}, "start": {"new": 0, "rare": 728, "magic": 167, "normal": 193, "unique": 0}, "result": {"new": 0, "rare": -151, "magic": -9, "normal": 138, "unique": 47}}', '2020-12-02 07:49:36', '2020-12-02 07:58:47'),
	(208, 61, 53, 8, '{"end": {"new": 0, "rare": 434, "magic": 147, "normal": 451, "unique": 93}, "start": {"new": 0, "rare": 577, "magic": 158, "normal": 331, "unique": 47}, "result": {"new": 0, "rare": -143, "magic": -11, "normal": 120, "unique": 46}}', '2020-12-02 08:47:41', '2020-12-02 08:53:12'),
	(209, 0, 0, 0, '{"end": {"new": 0, "rare": 0, "magic": 0, "normal": 0, "unique": 0}, "start": {"new": 11, "rare": 434, "magic": 147, "normal": 462, "unique": 93}, "result": {"new": 0, "rare": 0, "magic": 0, "normal": 0, "unique": 0}}', '2020-12-02 09:43:50', '2020-12-02 09:43:50'),
	(210, 62, 55, 7, '{"end": {"new": 10, "rare": 284, "magic": 159, "normal": 563, "unique": 138}, "start": {"new": 12, "rare": 434, "magic": 147, "normal": 463, "unique": 93}, "result": {"new": -2, "rare": -150, "magic": 12, "normal": 100, "unique": 45}}', '2020-12-02 16:58:24', '2020-12-02 17:18:36'),
	(211, 61, 49, 12, '{"end": {"new": 9, "rare": 157, "magic": 129, "normal": 675, "unique": 183}, "start": {"new": 10, "rare": 284, "magic": 159, "normal": 563, "unique": 138}, "result": {"new": -1, "rare": -127, "magic": -30, "normal": 112, "unique": 45}}', '2020-12-02 17:21:05', '2020-12-02 17:32:43'),
	(212, 59, 56, 3, '{"end": {"new": 9, "rare": 24, "magic": 146, "normal": 750, "unique": 225}, "start": {"new": 9, "rare": 157, "magic": 129, "normal": 675, "unique": 183}, "result": {"new": 0, "rare": -133, "magic": 17, "normal": 75, "unique": 42}}', '2020-12-03 07:22:06', '2020-12-03 07:32:42'),
	(213, 59, 54, 5, '{"end": {"new": 8, "rare": 30, "magic": 9, "normal": 841, "unique": 264}, "start": {"new": 9, "rare": 24, "magic": 146, "normal": 750, "unique": 225}, "result": {"new": -1, "rare": 6, "magic": -137, "normal": 91, "unique": 39}}', '2020-12-03 07:33:16', '2020-12-03 07:40:38'),
	(214, 59, 51, 8, '{"end": {"new": 8, "rare": 35, "magic": 2, "normal": 794, "unique": 308}, "start": {"new": 8, "rare": 30, "magic": 9, "normal": 841, "unique": 264}, "result": {"new": 0, "rare": 5, "magic": -7, "normal": -47, "unique": 44}}', '2020-12-03 07:41:03', '2020-12-03 07:48:10'),
	(215, 59, 57, 2, '{"end": {"new": 8, "rare": 42, "magic": 7, "normal": 740, "unique": 351}, "start": {"new": 8, "rare": 35, "magic": 2, "normal": 794, "unique": 308}, "result": {"new": 0, "rare": 7, "magic": 5, "normal": -54, "unique": 43}}', '2020-12-03 07:57:25', '2020-12-03 08:04:21'),
	(216, 12, 11, 1, '{"end": {"new": 0, "rare": 0, "magic": 0, "normal": 0, "unique": 0}, "start": {"new": 9, "rare": 42, "magic": 7, "normal": 741, "unique": 351}, "result": {"new": 0, "rare": 0, "magic": 0, "normal": 0, "unique": 0}}', '2020-12-03 17:12:51', '2020-12-03 17:17:03'),
	(217, 59, 55, 4, '{"end": {"new": 8, "rare": 52, "magic": 4, "normal": 689, "unique": 401}, "start": {"new": 10, "rare": 43, "magic": 7, "normal": 732, "unique": 361}, "result": {"new": -2, "rare": 9, "magic": -3, "normal": -43, "unique": 40}}', '2020-12-04 07:07:36', '2020-12-04 07:33:59'),
	(218, 61, 58, 3, '{"end": {"new": 8, "rare": 47, "magic": 10, "normal": 641, "unique": 452}, "start": {"new": 8, "rare": 52, "magic": 4, "normal": 689, "unique": 401}, "result": {"new": 0, "rare": -5, "magic": 6, "normal": -48, "unique": 51}}', '2020-12-04 07:40:27', '2020-12-04 07:58:04'),
	(219, 59, 56, 3, '{"end": {"new": 8, "rare": 48, "magic": 11, "normal": 600, "unique": 495}, "start": {"new": 8, "rare": 47, "magic": 10, "normal": 641, "unique": 452}, "result": {"new": 0, "rare": 1, "magic": 1, "normal": -41, "unique": 43}}', '2020-12-04 13:54:18', '2020-12-04 14:01:00'),
	(220, 61, 51, 10, '{"end": {"new": 19, "rare": 45, "magic": 15, "normal": 565, "unique": 533}, "start": {"new": 20, "rare": 48, "magic": 11, "normal": 612, "unique": 495}, "result": {"new": -1, "rare": -3, "magic": 4, "normal": -47, "unique": 38}}', '2020-12-05 18:28:09', '2020-12-05 18:36:53'),
	(221, 60, 55, 5, '{"end": {"new": 24, "rare": 46, "magic": 7, "normal": 528, "unique": 578}, "start": {"new": 26, "rare": 45, "magic": 15, "normal": 572, "unique": 533}, "result": {"new": -2, "rare": 1, "magic": -8, "normal": -44, "unique": 45}}', '2020-12-07 06:29:43', '2020-12-07 06:38:55'),
	(222, 60, 54, 6, '{"end": {"new": 22, "rare": 41, "magic": 11, "normal": 476, "unique": 625}, "start": {"new": 24, "rare": 46, "magic": 7, "normal": 527, "unique": 579}, "result": {"new": -2, "rare": -5, "magic": 4, "normal": -51, "unique": 46}}', '2020-12-07 06:39:24', '2020-12-07 07:13:17'),
	(223, 0, 0, 0, '{"end": {"new": 0, "rare": 0, "magic": 0, "normal": 0, "unique": 0}, "start": {"new": 22, "rare": 41, "magic": 11, "normal": 475, "unique": 626}, "result": {"new": 0, "rare": 0, "magic": 0, "normal": 0, "unique": 0}}', '2020-12-07 07:35:38', '2020-12-07 07:35:38'),
	(224, 0, 0, 0, '{"end": {"new": 22, "rare": 31, "magic": 10, "normal": 482, "unique": 626}, "start": {"new": 22, "rare": 31, "magic": 10, "normal": 482, "unique": 626}, "result": {"new": 0, "rare": 0, "magic": 0, "normal": 0, "unique": 0}}', '2020-12-07 12:55:28', '2020-12-07 12:55:29'),
	(225, 61, 51, 10, '{"end": {"new": 17, "rare": 35, "magic": 7, "normal": 434, "unique": 664}, "start": {"new": 22, "rare": 31, "magic": 10, "normal": 482, "unique": 626}, "result": {"new": -5, "rare": 4, "magic": -3, "normal": -48, "unique": 38}}', '2020-12-08 06:35:15', '2020-12-08 06:45:10'),
	(226, 61, 51, 10, '{"end": {"new": 15, "rare": 121, "magic": 14, "normal": 387, "unique": 697}, "start": {"new": 17, "rare": 113, "magic": 7, "normal": 434, "unique": 658}, "result": {"new": -2, "rare": 8, "magic": 7, "normal": -47, "unique": 39}}', '2020-12-08 06:48:20', '2020-12-08 06:57:54'),
	(227, 59, 48, 11, '{"end": {"new": 16, "rare": 132, "magic": 9, "normal": 356, "unique": 727}, "start": {"new": 17, "rare": 121, "magic": 14, "normal": 389, "unique": 697}, "result": {"new": -1, "rare": 11, "magic": -5, "normal": -33, "unique": 30}}', '2020-12-10 08:38:10', '2020-12-10 08:47:02'),
	(228, 59, 40, 19, '{"end": {"new": 13, "rare": 154, "magic": 4, "normal": 316, "unique": 754}, "start": {"new": 16, "rare": 132, "magic": 9, "normal": 356, "unique": 727}, "result": {"new": -3, "rare": 22, "magic": -5, "normal": -40, "unique": 27}}', '2020-12-10 08:47:13', '2020-12-10 08:59:38'),
	(229, 59, 51, 8, '{"end": {"new": 13, "rare": 160, "magic": 8, "normal": 270, "unique": 791}, "start": {"new": 13, "rare": 154, "magic": 4, "normal": 316, "unique": 754}, "result": {"new": 0, "rare": 6, "magic": 4, "normal": -46, "unique": 37}}', '2020-12-10 09:14:20', '2020-12-10 09:20:37'),
	(230, 59, 50, 9, '{"end": {"new": 12, "rare": 166, "magic": 7, "normal": 232, "unique": 825}, "start": {"new": 13, "rare": 160, "magic": 8, "normal": 270, "unique": 791}, "result": {"new": -1, "rare": 6, "magic": -1, "normal": -38, "unique": 34}}', '2020-12-10 09:21:06', '2020-12-10 09:28:45'),
	(231, 61, 51, 10, '{"end": {"new": 11, "rare": 170, "magic": 11, "normal": 197, "unique": 854}, "start": {"new": 12, "rare": 166, "magic": 7, "normal": 232, "unique": 825}, "result": {"new": -1, "rare": 4, "magic": 4, "normal": -35, "unique": 29}}', '2020-12-10 09:56:24', '2020-12-10 10:05:13'),
	(232, 59, 52, 7, '{"end": {"new": 12, "rare": 165, "magic": 13, "normal": 167, "unique": 889}, "start": {"new": 12, "rare": 170, "magic": 11, "normal": 198, "unique": 854}, "result": {"new": 0, "rare": -5, "magic": 2, "normal": -31, "unique": 35}}', '2020-12-11 06:33:38', '2020-12-11 06:47:50'),
	(233, 5, 4, 1, '{"end": {"new": 0, "rare": 0, "magic": 0, "normal": 0, "unique": 0}, "start": {"new": 12, "rare": 165, "magic": 13, "normal": 167, "unique": 889}, "result": {"new": 0, "rare": 0, "magic": 0, "normal": 0, "unique": 0}}', '2020-12-11 06:47:59', '2020-12-11 06:50:52'),
	(234, 121, 103, 18, '{"end": {"new": 8, "rare": 182, "magic": 12, "normal": 107, "unique": 934}, "start": {"new": 12, "rare": 164, "magic": 13, "normal": 166, "unique": 892}, "result": {"new": -4, "rare": 18, "magic": -1, "normal": -59, "unique": 42}}', '2020-12-11 06:51:06', '2020-12-11 07:16:37'),
	(235, 5, 3, 2, '{"end": {"new": 0, "rare": 0, "magic": 0, "normal": 0, "unique": 0}, "start": {"new": 10, "rare": 182, "magic": 12, "normal": 110, "unique": 934}, "result": {"new": 0, "rare": 0, "magic": 0, "normal": 0, "unique": 0}}', '2020-12-14 06:11:13', '2020-12-14 06:25:43'),
	(236, 4, 1, 3, '{"end": {"new": 0, "rare": 0, "magic": 0, "normal": 0, "unique": 0}, "start": {"new": 10, "rare": 182, "magic": 12, "normal": 110, "unique": 934}, "result": {"new": 0, "rare": 0, "magic": 0, "normal": 0, "unique": 0}}', '2020-12-14 06:35:10', '2020-12-14 06:35:28'),
	(237, 0, 0, 0, '{"end": {"new": 0, "rare": 0, "magic": 0, "normal": 0, "unique": 0}, "start": {"new": 10, "rare": 170, "magic": 12, "normal": 194, "unique": 866}, "result": {"new": 0, "rare": 0, "magic": 0, "normal": 0, "unique": 0}}', '2020-12-24 10:43:08', '2020-12-24 10:43:08'),
	(238, 0, 0, 0, '{"end": {"new": 0, "rare": 0, "magic": 0, "normal": 0, "unique": 0}, "start": {"new": 10, "rare": 170, "magic": 12, "normal": 194, "unique": 866}, "result": {"new": 0, "rare": 0, "magic": 0, "normal": 0, "unique": 0}}', '2020-12-25 15:39:37', '2020-12-25 15:39:37');
/*!40000 ALTER TABLE `reports` ENABLE KEYS */;

-- Дамп структуры для таблица memo.users
DROP TABLE IF EXISTS `users`;
CREATE TABLE IF NOT EXISTS `users` (
  `id` bigint(20) unsigned NOT NULL AUTO_INCREMENT,
  `name` varchar(255) COLLATE utf8mb4_unicode_ci NOT NULL,
  `email` varchar(255) COLLATE utf8mb4_unicode_ci NOT NULL,
  `email_verified_at` timestamp NULL DEFAULT NULL,
  `password` varchar(255) COLLATE utf8mb4_unicode_ci NOT NULL,
  `remember_token` varchar(100) COLLATE utf8mb4_unicode_ci DEFAULT NULL,
  `created_at` timestamp NULL DEFAULT NULL,
  `updated_at` timestamp NULL DEFAULT NULL,
  PRIMARY KEY (`id`),
  UNIQUE KEY `users_email_unique` (`email`)
) ENGINE=InnoDB DEFAULT CHARSET=utf8mb4 COLLATE=utf8mb4_unicode_ci;

-- Дамп данных таблицы memo.users: ~0 rows (приблизительно)
/*!40000 ALTER TABLE `users` DISABLE KEYS */;
/*!40000 ALTER TABLE `users` ENABLE KEYS */;

/*!40101 SET SQL_MODE=IFNULL(@OLD_SQL_MODE, '') */;
/*!40014 SET FOREIGN_KEY_CHECKS=IF(@OLD_FOREIGN_KEY_CHECKS IS NULL, 1, @OLD_FOREIGN_KEY_CHECKS) */;
/*!40101 SET CHARACTER_SET_CLIENT=@OLD_CHARACTER_SET_CLIENT */;
